case_id,district,project_category,land_category,area_acres,owner_count,circle_rate_lakh_acre,awarded_compensation_cr,is_anomaly,anomaly_type
CMP-1001,Gautam Buddha Nagar,Railways,residential,21.23,4,124.68,71.868,0,NORMAL
CMP-1002,Valsad,Water,agricultural,7.58,8,28.64,4.419,0,NORMAL
CMP-1003,Hooghly,Energy,agricultural,18.41,4,49.85,16.071,0,NORMAL
CMP-1004,Gautam Buddha Nagar,Aviation,commercial,39.76,7,106.54,161.556,0,NORMAL
CMP-1005,Palghar,Water,residential,0.69,8,41.72,0.73,0,NORMAL
CMP-1006,Valsad,Highways,commercial,7.24,1,36.67,9.657,0,NORMAL
CMP-1007,Raigad,Water,residential,37.33,8,64.68,57.743,0,NORMAL
CMP-1008,Raigad,Aviation,residential,0.67,2,53.92,0.761,0,NORMAL
CMP-1009,Panna,Aviation,commercial,5.7,8,27.42,6.069,0,NORMAL
CMP-1010,Sonnagar,Industrial,commercial,43.6,2,35.55,63.118,0,NORMAL
CMP-1011,Valsad,Water,agricultural,24.94,6,23.55,12.033,0,NORMAL
CMP-1012,Navsari,Railways,commercial,19.35,6,39.19,26.685,0,NORMAL
CMP-1013,Raigad,Highways,agricultural,38.61,8,52.16,43.704,0,NORMAL
CMP-1014,Hooghly,Aviation,agricultural,24.28,6,47.47,21.144,0,NORMAL
CMP-1015,Valsad,Aviation,commercial,18.28,1,45.25,29.687,0,NORMAL
CMP-1016,Raigad,Energy,agricultural,20.35,4,42.95,18.021,0,NORMAL
CMP-1017,Valsad,Industrial,residential,9.72,8,38.29,9.054,0,NORMAL
CMP-1018,Surat,Water,agricultural,13.64,1,63.2,17.706,0,NORMAL
CMP-1019,Valsad,Aviation,commercial,2.7,4,33.4,3.598,0,NORMAL
CMP-1020,Thane,Highways,commercial,30.16,3,134.56,132.131,0,NORMAL
CMP-1021,Dankuni,Highways,agricultural,12.26,2,57.84,16.288,0,NORMAL
CMP-1022,Sonnagar,Highways,agricultural,43.89,2,26.45,21.781,0,NORMAL
CMP-1023,Surat,Aviation,residential,10.76,4,48.84,14.471,0,NORMAL
CMP-1024,Sonnagar,Railways,commercial,44.36,4,20.47,31.518,0,NORMAL
CMP-1025,Thane,Energy,residential,26.13,8,132.79,108.385,0,NORMAL
CMP-1026,Gautam Buddha Nagar,Aviation,residential,44.72,7,102.17,134.978,0,NORMAL
CMP-1027,Palghar,Energy,residential,44.38,5,38.27,42.593,0,NORMAL
CMP-1028,Ahmedabad,Railways,residential,42.13,6,104.08,125.962,0,NORMAL
CMP-1029,Ahmedabad,Railways,commercial,18.6,3,70.81,44.232,0,NORMAL
CMP-1030,Thane,Railways,commercial,10.39,5,123.31,38.99,0,NORMAL
CMP-1031,Raigad,Energy,residential,32.64,6,58.78,53.89,0,NORMAL
CMP-1032,Navsari,Highways,commercial,4.48,1,44.12,6.406,0,NORMAL
CMP-1033,Thane,Water,agricultural,10.74,7,91.55,20.257,0,NORMAL
CMP-1034,Raigad,Water,residential,33.64,8,53.14,41.802,0,NORMAL
CMP-1035,Sonnagar,Railways,residential,38.47,3,28.73,27.315,0,NORMAL
CMP-1036,Ahmedabad,Industrial,agricultural,5.19,1,58.5,6.333,0,NORMAL
CMP-1037,Hooghly,Aviation,commercial,6.48,8,49.45,10.832,0,NORMAL
CMP-1038,Palghar,Industrial,commercial,24.54,8,27.44,23.114,0,NORMAL
CMP-1039,Ahmedabad,Railways,agricultural,10.82,7,91.06,20.872,0,NORMAL
CMP-1040,Sonnagar,Industrial,agricultural,11.79,3,18.23,3.754,0,NORMAL
CMP-1041,Navsari,Industrial,residential,30.59,4,41.97,32.402,0,NORMAL
CMP-1042,Panna,Railways,commercial,6.98,8,15.91,4.297,0,NORMAL
CMP-1043,Raigad,Railways,commercial,35.75,3,44.86,57.036,0,NORMAL
CMP-1044,Thane,Highways,commercial,12.31,3,67.81,31.644,0,NORMAL
CMP-1045,Ahmedabad,Railways,residential,14.7,6,111.06,42.099,0,NORMAL
CMP-1046,Gautam Buddha Nagar,Energy,commercial,23.43,7,126.99,111.102,0,NORMAL
CMP-1047,Raigad,Aviation,agricultural,23.94,3,43.22,17.131,0,NORMAL
CMP-1048,Palghar,Highways,commercial,36.2,7,47.52,110.317,1,OVER_VALUED
CMP-1049,Raigad,Industrial,residential,3.12,6,56.16,4.431,0,NORMAL
CMP-1050,Dankuni,Energy,agricultural,2.78,6,40.69,2.395,0,NORMAL
CMP-1051,Dankuni,Aviation,residential,7.11,6,50.98,7.506,0,NORMAL
CMP-1052,Surat,Energy,commercial,19.14,8,57.82,37.222,0,NORMAL
CMP-1053,Sonnagar,Aviation,commercial,36.12,6,26.78,32.038,0,NORMAL
CMP-1054,Hooghly,Water,commercial,36.01,3,38.25,54.0,0,NORMAL
CMP-1055,Raigad,Industrial,residential,35.33,2,39.98,16.137,1,UNDER_VALUED
CMP-1056,Ahmedabad,Aviation,commercial,17.04,6,93.72,64.173,0,NORMAL
CMP-1057,Panna,Industrial,agricultural,3.14,5,20.95,1.307,0,NORMAL
CMP-1058,Raigad,Highways,residential,4.03,5,60.66,8.696,1,OVER_VALUED
CMP-1059,Sonnagar,Highways,residential,28.61,7,18.11,11.481,0,NORMAL
CMP-1060,Ahmedabad,Water,residential,32.81,2,116.7,99.674,0,NORMAL
CMP-1061,Panna,Water,residential,9.26,1,15.18,3.327,0,NORMAL
CMP-1062,Panna,Industrial,commercial,17.37,8,17.03,9.293,0,NORMAL
CMP-1063,Navsari,Energy,residential,7.42,4,51.0,9.19,0,NORMAL
CMP-1064,Sonnagar,Aviation,agricultural,27.48,1,24.29,12.27,0,NORMAL
CMP-1065,Ahmedabad,Aviation,residential,41.93,4,101.96,87.987,0,NORMAL
CMP-1066,Raigad,Water,residential,36.25,2,51.45,50.089,0,NORMAL
CMP-1067,Ahmedabad,Railways,residential,30.05,3,97.35,76.062,0,NORMAL
CMP-1068,Palghar,Railways,agricultural,8.56,4,41.74,8.011,0,NORMAL
CMP-1069,Sonnagar,Aviation,residential,6.18,4,30.87,4.439,0,NORMAL
CMP-1070,Gautam Buddha Nagar,Aviation,agricultural,25.26,2,94.6,52.208,0,NORMAL
CMP-1071,Sonnagar,Energy,agricultural,13.51,1,22.36,5.95,0,NORMAL
CMP-1072,Palghar,Highways,agricultural,3.45,3,28.02,2.143,0,NORMAL
CMP-1073,Gautam Buddha Nagar,Water,commercial,28.36,1,104.42,121.429,0,NORMAL
CMP-1074,Dankuni,Energy,agricultural,15.08,3,60.65,20.147,0,NORMAL
CMP-1075,Gautam Buddha Nagar,Industrial,residential,14.71,3,126.35,37.074,0,NORMAL
CMP-1076,Thane,Industrial,residential,9.13,1,126.19,27.916,0,NORMAL
CMP-1077,Panna,Industrial,commercial,20.88,5,15.79,11.05,0,NORMAL
CMP-1078,Gautam Buddha Nagar,Aviation,commercial,42.68,3,125.19,185.33,0,NORMAL
CMP-1079,Gautam Buddha Nagar,Industrial,residential,22.77,3,114.63,80.74,0,NORMAL
CMP-1080,Panna,Highways,agricultural,31.68,4,29.16,17.719,0,NORMAL
CMP-1081,Navsari,Railways,commercial,12.89,7,28.21,13.259,0,NORMAL
CMP-1082,Palghar,Industrial,agricultural,32.31,1,45.27,24.774,0,NORMAL
CMP-1083,Surat,Highways,commercial,12.23,8,55.6,19.463,0,NORMAL
CMP-1084,Raigad,Railways,commercial,44.29,6,49.09,80.506,0,NORMAL
CMP-1085,Ahmedabad,Water,residential,39.93,6,62.39,60.367,0,NORMAL
CMP-1086,Navsari,Water,commercial,39.15,8,35.63,51.562,0,NORMAL
CMP-1087,Raigad,Aviation,residential,5.85,3,50.77,8.184,0,NORMAL
CMP-1088,Panna,Industrial,commercial,21.61,5,25.95,18.099,0,NORMAL
CMP-1089,Palghar,Industrial,agricultural,10.78,6,36.85,8.664,0,NORMAL
CMP-1090,Navsari,Energy,commercial,32.08,8,38.86,44.061,0,NORMAL
CMP-1091,Panna,Industrial,commercial,7.25,5,24.93,5.628,0,NORMAL
CMP-1092,Hooghly,Industrial,residential,24.09,2,52.06,33.1,0,NORMAL
CMP-1093,Palghar,Highways,agricultural,14.88,4,37.01,10.022,0,NORMAL
CMP-1094,Navsari,Water,commercial,11.73,8,49.06,16.932,0,NORMAL
CMP-1095,Raigad,Industrial,residential,22.42,2,57.22,31.512,0,NORMAL
CMP-1096,Gautam Buddha Nagar,Industrial,agricultural,44.76,3,112.44,94.06,0,NORMAL
CMP-1097,Navsari,Industrial,residential,37.76,5,51.73,47.998,0,NORMAL
CMP-1098,Hooghly,Industrial,residential,20.77,6,36.2,18.377,0,NORMAL
CMP-1099,Panna,Railways,residential,40.99,6,25.67,23.709,0,NORMAL
CMP-1100,Panna,Water,agricultural,18.7,2,20.67,13.251,1,OVER_VALUED
CMP-1101,Dankuni,Water,commercial,10.37,5,48.29,15.334,0,NORMAL
CMP-1102,Surat,Water,residential,26.08,4,83.57,59.14,0,NORMAL
CMP-1103,Navsari,Industrial,commercial,35.79,4,39.46,52.534,0,NORMAL
CMP-1104,Thane,Industrial,commercial,38.55,2,89.56,111.434,0,NORMAL
CMP-1105,Raigad,Railways,residential,18.84,1,55.29,24.741,0,NORMAL
CMP-1106,Navsari,Energy,residential,23.64,7,37.1,19.284,0,NORMAL
CMP-1107,Hooghly,Aviation,commercial,4.79,3,52.88,9.944,0,NORMAL
CMP-1108,Raigad,Industrial,commercial,17.66,2,33.67,20.923,0,NORMAL
CMP-1109,Sonnagar,Highways,residential,6.44,7,30.96,5.422,0,NORMAL
CMP-1110,Palghar,Aviation,agricultural,11.37,2,33.73,6.088,0,NORMAL
CMP-1111,Sonnagar,Energy,residential,3.92,1,25.47,2.638,0,NORMAL
CMP-1112,Ahmedabad,Aviation,agricultural,28.64,4,118.25,64.817,0,NORMAL
CMP-1113,Sonnagar,Highways,residential,5.04,7,22.14,2.492,0,NORMAL
CMP-1114,Palghar,Industrial,residential,22.92,2,36.29,24.026,0,NORMAL
CMP-1115,Dankuni,Water,residential,4.25,6,66.99,6.855,0,NORMAL
CMP-1116,Sonnagar,Industrial,commercial,23.11,8,24.2,17.816,0,NORMAL
CMP-1117,Palghar,Water,agricultural,0.49,5,49.67,0.444,0,NORMAL
CMP-1118,Ahmedabad,Industrial,agricultural,24.06,1,75.55,34.045,0,NORMAL
CMP-1119,Dankuni,Industrial,commercial,10.6,6,56.86,17.88,0,NORMAL
CMP-1120,Dankuni,Aviation,agricultural,17.83,7,38.97,13.977,0,NORMAL
CMP-1121,Raigad,Water,agricultural,5.36,2,61.01,7.248,0,NORMAL
CMP-1122,Valsad,Highways,agricultural,32.5,2,26.03,17.656,0,NORMAL
CMP-1123,Surat,Water,agricultural,31.12,5,75.73,47.022,0,NORMAL
CMP-1124,Panna,Energy,residential,36.73,2,25.45,25.866,0,NORMAL
CMP-1125,Panna,Energy,commercial,21.28,3,14.79,11.472,0,NORMAL
CMP-1126,Navsari,Industrial,residential,41.8,2,51.11,63.519,0,NORMAL
CMP-1127,Thane,Highways,agricultural,38.61,8,97.98,88.983,0,NORMAL
CMP-1128,Valsad,Aviation,commercial,22.69,4,41.55,31.34,0,NORMAL
CMP-1129,Sonnagar,Water,commercial,39.11,3,18.68,23.639,0,NORMAL
CMP-1130,Palghar,Water,agricultural,38.8,7,25.64,20.892,0,NORMAL
CMP-1131,Palghar,Aviation,commercial,8.89,4,28.81,7.451,0,NORMAL
CMP-1132,Panna,Highways,commercial,20.24,8,14.63,10.305,0,NORMAL
CMP-1133,Ahmedabad,Industrial,agricultural,30.6,6,86.76,57.267,0,NORMAL
CMP-1134,Thane,Highways,residential,8.75,1,98.57,19.566,0,NORMAL
CMP-1135,Navsari,Aviation,agricultural,41.2,7,47.94,35.632,0,NORMAL
CMP-1136,Valsad,Highways,commercial,43.19,3,31.62,44.171,0,NORMAL
CMP-1137,Panna,Aviation,commercial,41.46,6,22.79,35.814,0,NORMAL
CMP-1138,Palghar,Aviation,commercial,2.72,5,49.1,3.925,0,NORMAL
CMP-1139,Sonnagar,Aviation,residential,2.07,8,19.79,0.958,0,NORMAL
CMP-1140,Palghar,Highways,commercial,35.0,6,48.43,20.61,1,UNDER_VALUED
CMP-1141,Gautam Buddha Nagar,Industrial,commercial,5.21,7,127.16,19.288,0,NORMAL
CMP-1142,Hooghly,Railways,commercial,2.1,5,39.51,2.937,0,NORMAL
CMP-1143,Ahmedabad,Highways,residential,32.47,1,107.25,85.401,0,NORMAL
CMP-1144,Surat,Energy,commercial,2.89,3,69.54,7.701,0,NORMAL
CMP-1145,Hooghly,Aviation,commercial,17.18,4,39.53,28.817,0,NORMAL
CMP-1146,Sonnagar,Energy,commercial,12.95,6,23.95,9.758,0,NORMAL
CMP-1147,Ahmedabad,Aviation,residential,2.35,3,77.43,5.376,0,NORMAL
CMP-1148,Palghar,Water,commercial,20.68,6,47.25,37.02,0,NORMAL
CMP-1149,Ahmedabad,Energy,agricultural,0.45,6,65.47,0.547,0,NORMAL
CMP-1150,Surat,Aviation,agricultural,31.13,2,54.8,38.45,0,NORMAL
CMP-1151,Navsari,Energy,agricultural,24.08,5,49.19,22.71,0,NORMAL
CMP-1152,Valsad,Highways,residential,31.22,5,35.24,24.668,0,NORMAL
CMP-1153,Valsad,Aviation,residential,33.87,2,22.11,20.857,0,NORMAL
CMP-1154,Gautam Buddha Nagar,Aviation,residential,22.16,5,62.49,34.997,0,NORMAL
CMP-1155,Raigad,Water,residential,25.79,4,34.21,18.664,0,NORMAL
CMP-1156,Panna,Aviation,residential,31.22,8,23.55,18.157,0,NORMAL
CMP-1157,Dankuni,Aviation,residential,19.75,1,59.82,27.845,0,NORMAL
CMP-1158,Sonnagar,Energy,commercial,15.44,2,30.34,15.962,0,NORMAL
CMP-1159,Hooghly,Railways,residential,20.39,4,49.18,27.595,0,NORMAL
CMP-1160,Gautam Buddha Nagar,Highways,commercial,23.39,2,100.86,76.762,0,NORMAL
CMP-1161,Gautam Buddha Nagar,Railways,commercial,2.8,7,86.88,7.302,0,NORMAL
CMP-1162,Hooghly,Water,commercial,32.69,7,34.84,41.017,0,NORMAL
CMP-1163,Hooghly,Highways,residential,39.47,7,59.13,58.099,0,NORMAL
CMP-1164,Sonnagar,Highways,agricultural,5.14,5,29.25,3.069,0,NORMAL
CMP-1165,Ahmedabad,Railways,residential,30.13,1,88.56,56.963,0,NORMAL
CMP-1166,Thane,Water,residential,17.66,3,90.65,40.818,0,NORMAL
CMP-1167,Ahmedabad,Energy,agricultural,35.75,8,58.55,41.212,0,NORMAL
CMP-1168,Thane,Industrial,commercial,30.8,3,138.74,157.811,0,NORMAL
CMP-1169,Surat,Industrial,commercial,1.77,1,48.24,2.827,0,NORMAL
CMP-1170,Ahmedabad,Energy,residential,33.69,8,68.46,65.962,0,NORMAL
CMP-1171,Surat,Aviation,commercial,42.91,3,49.08,81.619,0,NORMAL
CMP-1172,Ahmedabad,Highways,commercial,10.4,5,108.4,37.373,0,NORMAL
CMP-1173,Ahmedabad,Railways,agricultural,37.36,5,83.94,114.259,1,OVER_VALUED
CMP-1174,Sonnagar,Energy,commercial,31.53,3,21.16,26.894,0,NORMAL
CMP-1175,Thane,Railways,residential,33.91,8,73.06,66.287,0,NORMAL
CMP-1176,Raigad,Aviation,residential,43.72,7,38.07,45.014,0,NORMAL
CMP-1177,Raigad,Aviation,residential,24.14,7,44.43,27.456,0,NORMAL
CMP-1178,Sonnagar,Water,residential,43.86,3,19.36,20.864,0,NORMAL
CMP-1179,Raigad,Water,commercial,35.3,1,32.76,41.647,0,NORMAL
CMP-1180,Gautam Buddha Nagar,Railways,agricultural,5.5,7,69.36,8.012,0,NORMAL
CMP-1181,Panna,Water,residential,31.12,8,24.18,19.389,0,NORMAL
CMP-1182,Gautam Buddha Nagar,Water,residential,29.24,6,104.33,36.908,1,UNDER_VALUED
CMP-1183,Ahmedabad,Water,commercial,44.83,8,107.3,159.43,0,NORMAL
CMP-1184,Raigad,Highways,commercial,15.45,3,51.06,24.965,0,NORMAL
CMP-1185,Valsad,Industrial,agricultural,32.37,5,43.48,27.178,0,NORMAL
CMP-1186,Palghar,Water,residential,40.9,2,34.38,35.557,0,NORMAL
CMP-1187,Palghar,Aviation,residential,6.7,2,32.14,5.236,0,NORMAL
CMP-1188,Dankuni,Highways,agricultural,41.01,2,56.86,43.259,0,NORMAL
CMP-1189,Hooghly,Highways,agricultural,17.24,3,37.99,13.401,0,NORMAL
CMP-1190,Dankuni,Water,agricultural,10.15,6,49.94,10.146,0,NORMAL
CMP-1191,Raigad,Highways,agricultural,19.41,3,61.23,26.136,0,NORMAL
CMP-1192,Surat,Railways,residential,37.01,2,76.22,68.759,0,NORMAL
CMP-1193,Surat,Water,agricultural,30.64,7,73.15,45.408,0,NORMAL
CMP-1194,Valsad,Highways,agricultural,5.11,6,38.84,3.968,0,NORMAL
CMP-1195,Panna,Energy,commercial,33.59,1,26.11,30.777,0,NORMAL
CMP-1196,Thane,Industrial,agricultural,19.0,5,95.34,35.339,0,NORMAL
CMP-1197,Thane,Aviation,residential,15.45,1,66.44,23.556,0,NORMAL
CMP-1198,Ahmedabad,Railways,residential,2.76,6,116.26,8.929,0,NORMAL
CMP-1199,Surat,Energy,commercial,35.73,8,57.49,71.772,0,NORMAL
CMP-1200,Raigad,Aviation,commercial,38.8,6,48.28,66.425,0,NORMAL
CMP-1201,Panna,Highways,commercial,43.24,8,17.6,23.311,0,NORMAL
CMP-1202,Raigad,Aviation,residential,24.86,6,60.33,84.661,1,OVER_VALUED
CMP-1203,Valsad,Industrial,commercial,37.35,7,28.96,33.665,0,NORMAL
CMP-1204,Sonnagar,Energy,commercial,10.48,8,35.69,11.632,0,NORMAL
CMP-1205,Hooghly,Water,residential,0.86,4,59.34,1.38,0,NORMAL
CMP-1206,Palghar,Industrial,agricultural,2.14,3,42.62,1.891,0,NORMAL
CMP-1207,Ahmedabad,Energy,residential,24.96,7,80.94,52.535,0,NORMAL
CMP-1208,Sonnagar,Water,agricultural,20.84,1,28.26,12.413,0,NORMAL
CMP-1209,Surat,Railways,commercial,43.42,7,76.65,105.79,0,NORMAL
CMP-1210,Surat,Energy,agricultural,16.4,6,79.01,26.068,0,NORMAL
CMP-1211,Hooghly,Energy,agricultural,19.85,5,45.7,17.704,0,NORMAL
CMP-1212,Palghar,Water,agricultural,44.33,8,42.07,39.477,0,NORMAL
CMP-1213,Ahmedabad,Water,residential,37.67,1,65.64,56.196,0,NORMAL
CMP-1214,Ahmedabad,Industrial,commercial,12.48,1,58.26,21.277,0,NORMAL
CMP-1215,Sonnagar,Water,agricultural,43.67,6,26.48,21.893,0,NORMAL
CMP-1216,Ahmedabad,Highways,commercial,27.31,8,113.71,126.858,0,NORMAL
CMP-1217,Raigad,Energy,agricultural,12.97,3,51.48,5.864,1,UNDER_VALUED
CMP-1218,Surat,Aviation,commercial,6.13,7,81.37,19.717,0,NORMAL
CMP-1219,Surat,Highways,commercial,30.55,4,78.53,77.006,0,NORMAL
CMP-1220,Thane,Energy,commercial,15.77,5,126.09,63.925,0,NORMAL
CMP-1221,Navsari,Industrial,commercial,42.67,8,36.09,52.794,0,NORMAL
CMP-1222,Raigad,Industrial,residential,26.92,7,33.23,27.524,0,NORMAL
CMP-1223,Valsad,Energy,commercial,26.56,4,39.2,37.251,0,NORMAL
CMP-1224,Palghar,Industrial,residential,4.2,2,32.25,1.659,1,UNDER_VALUED
CMP-1225,Raigad,Aviation,residential,25.71,7,33.8,23.524,0,NORMAL
CMP-1226,Gautam Buddha Nagar,Aviation,commercial,32.94,1,104.36,128.448,0,NORMAL
CMP-1227,Hooghly,Aviation,commercial,39.04,7,44.58,59.26,0,NORMAL
CMP-1228,Dankuni,Industrial,residential,23.31,5,59.14,34.396,0,NORMAL
CMP-1229,Panna,Industrial,agricultural,9.3,8,28.87,5.178,0,NORMAL
CMP-1230,Valsad,Water,agricultural,33.45,1,42.36,30.613,0,NORMAL
CMP-1231,Surat,Aviation,residential,44.35,7,56.15,63.143,0,NORMAL
CMP-1232,Ahmedabad,Highways,residential,3.74,4,109.73,10.18,0,NORMAL
CMP-1233,Raigad,Aviation,residential,27.03,5,50.38,41.061,0,NORMAL
CMP-1234,Surat,Industrial,commercial,44.48,8,58.66,53.039,1,UNDER_VALUED
CMP-1235,Surat,Aviation,residential,16.46,4,84.16,36.014,0,NORMAL
CMP-1236,Thane,Highways,residential,37.62,3,74.51,70.627,0,NORMAL
CMP-1237,Palghar,Energy,residential,27.35,1,45.62,30.568,0,NORMAL
CMP-1238,Palghar,Industrial,agricultural,34.29,2,42.4,43.505,1,OVER_VALUED
CMP-1239,Gautam Buddha Nagar,Railways,commercial,0.52,2,82.87,1.351,0,NORMAL
CMP-1240,Palghar,Energy,agricultural,23.93,6,41.71,22.588,0,NORMAL
CMP-1241,Thane,Aviation,commercial,8.45,8,131.84,34.636,0,NORMAL
CMP-1242,Navsari,Railways,agricultural,22.64,5,28.07,12.92,0,NORMAL
CMP-1243,Ahmedabad,Aviation,commercial,34.55,4,61.45,73.293,0,NORMAL
CMP-1244,Raigad,Energy,agricultural,6.01,1,64.15,7.183,0,NORMAL
CMP-1245,Sonnagar,Aviation,commercial,19.22,5,31.71,20.864,0,NORMAL
CMP-1246,Valsad,Aviation,agricultural,24.97,4,47.13,20.46,0,NORMAL
CMP-1247,Ahmedabad,Water,agricultural,17.02,8,57.41,21.919,0,NORMAL
CMP-1248,Navsari,Industrial,commercial,4.26,1,43.83,6.162,0,NORMAL
CMP-1249,Thane,Industrial,agricultural,25.85,1,124.91,68.519,0,NORMAL
CMP-1250,Dankuni,Water,commercial,34.06,8,41.13,49.294,0,NORMAL
CMP-1251,Surat,Highways,commercial,30.01,3,76.0,69.482,0,NORMAL
CMP-1252,Valsad,Aviation,commercial,17.64,5,35.73,19.471,0,NORMAL
CMP-1253,Raigad,Aviation,agricultural,12.65,2,38.97,10.324,0,NORMAL
CMP-1254,Thane,Energy,commercial,27.72,8,110.63,105.425,0,NORMAL
CMP-1255,Sonnagar,Water,agricultural,39.78,1,25.94,20.291,0,NORMAL
CMP-1256,Raigad,Industrial,residential,11.43,6,62.87,14.441,0,NORMAL
CMP-1257,Valsad,Highways,commercial,40.46,5,23.06,38.247,0,NORMAL
CMP-1258,Ahmedabad,Industrial,residential,30.9,6,82.04,59.176,0,NORMAL
CMP-1259,Sonnagar,Energy,residential,26.51,8,21.27,12.711,0,NORMAL
CMP-1260,Thane,Aviation,commercial,34.36,3,128.45,178.336,0,NORMAL
CMP-1261,Dankuni,Energy,commercial,29.46,4,43.51,42.511,0,NORMAL
CMP-1262,Sonnagar,Railways,residential,18.09,6,30.98,11.882,0,NORMAL
CMP-1263,Surat,Energy,residential,22.4,4,68.2,32.004,0,NORMAL
CMP-1264,Valsad,Energy,residential,31.0,2,32.61,29.509,0,NORMAL
CMP-1265,Gautam Buddha Nagar,Aviation,agricultural,14.0,6,120.34,35.367,0,NORMAL
CMP-1266,Palghar,Aviation,residential,32.02,5,45.8,34.265,0,NORMAL
CMP-1267,Panna,Aviation,commercial,28.44,3,18.03,20.981,0,NORMAL
CMP-1268,Valsad,Aviation,commercial,8.44,8,31.0,9.256,0,NORMAL
CMP-1269,Hooghly,Aviation,agricultural,6.11,7,52.74,6.113,0,NORMAL
CMP-1270,Valsad,Railways,commercial,15.61,1,41.34,34.758,1,OVER_VALUED
CMP-1271,Surat,Energy,residential,23.77,8,49.15,32.203,0,NORMAL
CMP-1272,Hooghly,Highways,residential,28.83,3,45.06,34.982,0,NORMAL
CMP-1273,Gautam Buddha Nagar,Highways,residential,44.13,1,97.75,100.158,0,NORMAL
CMP-1274,Palghar,Aviation,commercial,33.8,1,45.51,63.74,0,NORMAL
CMP-1275,Gautam Buddha Nagar,Aviation,residential,13.26,3,86.69,25.946,0,NORMAL
CMP-1276,Hooghly,Highways,residential,6.4,4,49.81,8.371,0,NORMAL
CMP-1277,Palghar,Highways,residential,22.79,7,43.29,20.692,0,NORMAL
CMP-1278,Panna,Energy,commercial,22.49,5,14.33,10.191,0,NORMAL
CMP-1279,Navsari,Industrial,commercial,3.95,6,42.49,5.461,0,NORMAL
CMP-1280,Thane,Industrial,residential,37.06,7,125.02,135.603,0,NORMAL
CMP-1281,Dankuni,Water,agricultural,20.92,6,62.36,25.172,0,NORMAL
CMP-1282,Raigad,Energy,commercial,17.38,4,52.0,35.921,0,NORMAL
CMP-1283,Panna,Energy,commercial,23.82,6,27.8,26.782,0,NORMAL
CMP-1284,Dankuni,Aviation,commercial,35.85,2,56.52,74.344,0,NORMAL
CMP-1285,Valsad,Highways,commercial,22.57,1,40.61,35.362,0,NORMAL
CMP-1286,Palghar,Industrial,residential,43.64,4,39.23,50.156,0,NORMAL
CMP-1287,Ahmedabad,Railways,commercial,11.32,7,62.26,22.223,0,NORMAL
CMP-1288,Sonnagar,Water,commercial,28.22,7,21.77,21.186,0,NORMAL
CMP-1289,Ahmedabad,Industrial,residential,21.36,2,115.7,127.737,1,OVER_VALUED
CMP-1290,Raigad,Industrial,residential,30.81,7,43.03,31.76,0,NORMAL
CMP-1291,Navsari,Water,residential,5.83,7,30.07,4.163,0,NORMAL
CMP-1292,Gautam Buddha Nagar,Energy,commercial,7.76,8,124.71,36.65,0,NORMAL
CMP-1293,Surat,Railways,commercial,7.74,4,74.81,20.817,0,NORMAL
CMP-1294,Dankuni,Industrial,residential,42.13,5,54.39,59.626,0,NORMAL
CMP-1295,Palghar,Aviation,residential,12.86,3,45.76,12.312,0,NORMAL
CMP-1296,Raigad,Energy,commercial,32.57,3,49.34,62.215,0,NORMAL
CMP-1297,Surat,Railways,commercial,27.14,5,65.36,62.138,0,NORMAL
CMP-1298,Valsad,Energy,residential,27.68,3,31.64,23.543,0,NORMAL
CMP-1299,Sonnagar,Energy,commercial,12.09,5,25.06,8.346,0,NORMAL
CMP-1300,Raigad,Energy,agricultural,13.89,5,57.83,15.356,0,NORMAL
CMP-1301,Sonnagar,Water,residential,35.0,6,18.68,8.077,1,UNDER_VALUED
CMP-1302,Thane,Aviation,agricultural,19.9,2,90.14,39.624,0,NORMAL
CMP-1303,Dankuni,Aviation,commercial,23.3,2,35.87,29.774,0,NORMAL
CMP-1304,Thane,Energy,commercial,31.98,5,123.55,257.004,1,OVER_VALUED
CMP-1305,Palghar,Aviation,agricultural,20.36,5,48.7,23.199,0,NORMAL
CMP-1306,Hooghly,Railways,residential,5.94,1,37.91,5.502,0,NORMAL
CMP-1307,Navsari,Railways,residential,8.72,4,48.62,9.31,0,NORMAL
CMP-1308,Raigad,Energy,commercial,42.09,8,53.98,90.985,0,NORMAL
CMP-1309,Gautam Buddha Nagar,Highways,residential,30.66,7,129.55,106.605,0,NORMAL
CMP-1310,Panna,Aviation,commercial,28.65,7,15.55,14.334,0,NORMAL
CMP-1311,Hooghly,Water,commercial,40.04,2,54.78,78.631,0,NORMAL
CMP-1312,Dankuni,Railways,residential,32.68,5,63.74,51.83,0,NORMAL
CMP-1313,Surat,Water,commercial,18.89,6,58.94,43.262,0,NORMAL
CMP-1314,Panna,Water,residential,23.07,2,26.0,14.975,0,NORMAL
CMP-1315,Dankuni,Highways,commercial,32.57,4,38.57,35.159,0,NORMAL
CMP-1316,Surat,Energy,residential,8.34,6,45.74,9.194,0,NORMAL
CMP-1317,Dankuni,Aviation,agricultural,17.12,7,38.4,13.139,0,NORMAL
CMP-1318,Thane,Highways,residential,14.03,4,116.13,40.298,0,NORMAL
CMP-1319,Raigad,Highways,agricultural,9.08,8,33.61,6.037,0,NORMAL
CMP-1320,Thane,Aviation,agricultural,39.72,3,86.08,61.614,0,NORMAL
CMP-1321,Gautam Buddha Nagar,Industrial,commercial,44.64,8,123.63,207.863,0,NORMAL
CMP-1322,Palghar,Aviation,residential,1.5,8,28.19,1.065,0,NORMAL
CMP-1323,Ahmedabad,Aviation,agricultural,3.43,8,71.3,4.394,0,NORMAL
CMP-1324,Thane,Energy,agricultural,5.87,8,126.1,16.311,0,NORMAL
CMP-1325,Sonnagar,Water,commercial,34.77,7,20.06,20.592,0,NORMAL
CMP-1326,Ahmedabad,Energy,commercial,32.26,4,95.05,54.208,1,UNDER_VALUED
CMP-1327,Navsari,Railways,residential,30.67,4,49.16,32.818,0,NORMAL
CMP-1328,Palghar,Highways,commercial,37.95,6,48.24,51.706,0,NORMAL
CMP-1329,Dankuni,Highways,commercial,32.51,6,58.15,72.655,0,NORMAL
CMP-1330,Panna,Energy,residential,17.77,3,19.27,7.499,0,NORMAL
CMP-1331,Ahmedabad,Energy,residential,36.82,1,79.11,60.083,0,NORMAL
CMP-1332,Navsari,Industrial,agricultural,23.37,8,32.78,16.352,0,NORMAL
CMP-1333,Palghar,Highways,agricultural,26.31,2,48.71,22.701,0,NORMAL
CMP-1334,Thane,Highways,agricultural,7.54,7,94.97,14.106,0,NORMAL
CMP-1335,Raigad,Railways,commercial,9.45,3,33.62,9.869,0,NORMAL
CMP-1336,Sonnagar,Aviation,residential,38.86,3,23.2,22.176,0,NORMAL
CMP-1337,Navsari,Aviation,residential,16.92,6,37.24,14.631,0,NORMAL
CMP-1338,Ahmedabad,Aviation,residential,40.02,3,113.94,92.634,0,NORMAL
CMP-1339,Panna,Energy,commercial,42.77,8,25.92,35.726,0,NORMAL
CMP-1340,Surat,Aviation,agricultural,19.49,5,58.92,22.805,0,NORMAL
CMP-1341,Dankuni,Railways,residential,7.37,2,46.32,8.493,0,NORMAL
CMP-1342,Ahmedabad,Industrial,commercial,14.38,2,67.17,40.274,0,NORMAL
CMP-1343,Thane,Aviation,agricultural,9.3,6,68.97,12.981,0,NORMAL
CMP-1344,Sonnagar,Highways,agricultural,19.02,6,20.09,7.831,0,NORMAL
CMP-1345,Sonnagar,Highways,agricultural,4.65,3,29.48,2.713,0,NORMAL
CMP-1346,Hooghly,Energy,commercial,29.82,4,53.94,68.376,0,NORMAL
CMP-1347,Surat,Energy,commercial,19.22,6,45.11,35.323,0,NORMAL
CMP-1348,Sonnagar,Water,agricultural,20.33,3,30.62,11.759,0,NORMAL
CMP-1349,Ahmedabad,Aviation,agricultural,17.48,6,104.69,38.15,0,NORMAL
CMP-1350,Gautam Buddha Nagar,Aviation,commercial,19.18,6,70.79,116.87,1,OVER_VALUED
CMP-1351,Valsad,Energy,agricultural,11.58,3,46.3,10.647,0,NORMAL
CMP-1352,Gautam Buddha Nagar,Highways,residential,8.7,6,66.47,14.064,0,NORMAL
CMP-1353,Ahmedabad,Highways,residential,31.28,4,92.91,73.92,0,NORMAL
CMP-1354,Navsari,Highways,commercial,37.86,8,48.5,66.631,0,NORMAL
CMP-1355,Valsad,Railways,residential,5.21,5,35.11,4.406,0,NORMAL
CMP-1356,Gautam Buddha Nagar,Water,agricultural,15.65,1,126.95,38.657,0,NORMAL
CMP-1357,Hooghly,Industrial,residential,41.09,7,38.34,36.232,0,NORMAL
CMP-1358,Sonnagar,Railways,agricultural,20.82,2,18.73,8.12,0,NORMAL
CMP-1359,Surat,Water,commercial,12.53,5,52.93,26.348,0,NORMAL
CMP-1360,Raigad,Highways,commercial,26.98,3,57.91,45.229,0,NORMAL
CMP-1361,Sonnagar,Energy,agricultural,27.16,8,27.79,14.614,0,NORMAL
CMP-1362,Panna,Industrial,residential,22.36,6,19.43,9.701,0,NORMAL
CMP-1363,Ahmedabad,Energy,agricultural,42.06,2,61.59,51.522,0,NORMAL
CMP-1364,Surat,Highways,residential,34.12,4,78.09,65.084,0,NORMAL
CMP-1365,Gautam Buddha Nagar,Aviation,commercial,20.8,4,127.06,102.736,0,NORMAL
CMP-1366,Panna,Industrial,commercial,30.39,7,24.32,26.009,0,NORMAL
CMP-1367,Valsad,Highways,commercial,32.62,5,26.28,31.469,0,NORMAL
CMP-1368,Panna,Water,agricultural,44.66,7,21.79,20.297,0,NORMAL
CMP-1369,Thane,Water,agricultural,21.7,8,78.45,38.206,0,NORMAL
CMP-1370,Panna,Water,residential,14.24,1,14.22,4.34,0,NORMAL
CMP-1371,Hooghly,Railways,residential,8.66,7,54.21,12.274,0,NORMAL
CMP-1372,Palghar,Energy,agricultural,19.49,1,32.21,14.597,0,NORMAL
CMP-1373,Panna,Water,agricultural,3.78,6,21.59,1.715,0,NORMAL
CMP-1374,Hooghly,Highways,commercial,35.25,7,36.36,42.239,0,NORMAL
CMP-1375,Palghar,Aviation,commercial,33.91,3,35.02,36.763,0,NORMAL
CMP-1376,Gautam Buddha Nagar,Highways,commercial,14.45,6,92.4,44.945,0,NORMAL
CMP-1377,Navsari,Highways,residential,4.56,5,32.79,3.787,0,NORMAL
CMP-1378,Dankuni,Railways,commercial,8.4,3,47.56,12.953,0,NORMAL
CMP-1379,Dankuni,Railways,commercial,19.34,7,45.93,36.164,0,NORMAL
CMP-1380,Raigad,Railways,residential,25.7,8,57.77,36.717,0,NORMAL
CMP-1381,Hooghly,Aviation,commercial,16.12,6,55.1,28.184,0,NORMAL
CMP-1382,Panna,Railways,commercial,6.67,7,24.97,5.063,0,NORMAL
CMP-1383,Hooghly,Industrial,agricultural,24.75,5,46.45,26.773,0,NORMAL
CMP-1384,Surat,Aviation,commercial,12.5,6,65.14,31.495,0,NORMAL
CMP-1385,Navsari,Industrial,residential,14.63,6,40.26,13.146,0,NORMAL
CMP-1386,Navsari,Highways,residential,42.06,5,35.32,38.752,0,NORMAL
CMP-1387,Panna,Aviation,agricultural,1.44,6,23.9,0.577,0,NORMAL
CMP-1388,Valsad,Highways,commercial,34.11,1,36.52,42.976,0,NORMAL
CMP-1389,Ahmedabad,Water,residential,14.83,4,110.06,39.081,0,NORMAL
CMP-1390,Ahmedabad,Highways,commercial,13.57,4,94.89,52.319,0,NORMAL
CMP-1391,Hooghly,Water,agricultural,26.75,2,32.39,15.373,0,NORMAL
CMP-1392,Gautam Buddha Nagar,Industrial,commercial,12.2,1,61.86,28.355,0,NORMAL
CMP-1393,Raigad,Industrial,agricultural,2.02,1,51.89,2.158,0,NORMAL
CMP-1394,Hooghly,Highways,commercial,27.13,1,52.2,54.607,0,NORMAL
CMP-1395,Sonnagar,Energy,agricultural,4.04,4,34.99,3.071,0,NORMAL
CMP-1396,Surat,Highways,commercial,26.21,5,75.88,65.278,0,NORMAL
CMP-1397,Palghar,Energy,commercial,18.45,8,35.3,23.494,0,NORMAL
CMP-1398,Thane,Railways,residential,1.0,6,71.27,2.028,0,NORMAL
CMP-1399,Hooghly,Energy,agricultural,39.5,5,44.67,33.463,0,NORMAL
CMP-1400,Sonnagar,Water,residential,8.07,2,31.09,5.927,0,NORMAL
CMP-1401,Dankuni,Highways,commercial,42.58,5,40.96,51.634,0,NORMAL
CMP-1402,Navsari,Aviation,agricultural,29.49,1,38.61,20.766,0,NORMAL
CMP-1403,Dankuni,Water,commercial,1.71,1,36.46,2.174,0,NORMAL
CMP-1404,Dankuni,Water,residential,25.53,5,41.47,29.462,0,NORMAL
CMP-1405,Panna,Highways,agricultural,9.79,1,18.46,4.095,0,NORMAL
CMP-1406,Palghar,Highways,agricultural,42.45,7,25.87,20.101,0,NORMAL
CMP-1407,Palghar,Aviation,commercial,6.71,7,25.21,4.715,0,NORMAL
CMP-1408,Valsad,Industrial,residential,27.96,6,32.76,25.054,0,NORMAL
CMP-1409,Raigad,Water,agricultural,36.45,4,52.13,32.98,0,NORMAL
CMP-1410,Navsari,Railways,residential,36.37,7,41.53,31.342,0,NORMAL
CMP-1411,Hooghly,Energy,residential,27.82,2,34.72,22.398,0,NORMAL
CMP-1412,Palghar,Railways,agricultural,19.71,6,41.01,17.671,0,NORMAL
CMP-1413,Ahmedabad,Aviation,agricultural,39.73,6,89.4,64.733,0,NORMAL
CMP-1414,Panna,Aviation,residential,6.03,1,26.19,3.29,0,NORMAL
CMP-1415,Sonnagar,Energy,residential,38.57,6,26.87,24.961,0,NORMAL
CMP-1416,Gautam Buddha Nagar,Industrial,agricultural,35.68,7,112.44,92.574,0,NORMAL
CMP-1417,Hooghly,Water,commercial,20.27,2,58.92,67.949,1,OVER_VALUED
CMP-1418,Ahmedabad,Aviation,agricultural,10.35,4,103.41,24.255,0,NORMAL
CMP-1419,Gautam Buddha Nagar,Water,residential,41.56,5,83.78,90.358,0,NORMAL
CMP-1420,Hooghly,Highways,commercial,2.42,2,52.38,4.977,0,NORMAL
CMP-1421,Dankuni,Industrial,commercial,34.95,6,64.16,78.929,0,NORMAL
CMP-1422,Ahmedabad,Industrial,residential,11.86,5,115.38,36.406,0,NORMAL
CMP-1423,Panna,Highways,residential,9.57,1,15.85,4.42,0,NORMAL
CMP-1424,Dankuni,Highways,agricultural,34.08,2,65.37,40.821,0,NORMAL
CMP-1425,Ahmedabad,Aviation,agricultural,40.23,3,106.94,90.093,0,NORMAL
CMP-1426,Ahmedabad,Highways,residential,13.07,6,117.17,45.007,0,NORMAL
CMP-1427,Ahmedabad,Water,agricultural,3.01,1,59.22,3.633,0,NORMAL
CMP-1428,Ahmedabad,Water,agricultural,7.7,1,97.56,17.441,0,NORMAL
CMP-1429,Panna,Industrial,commercial,26.23,3,27.66,25.136,0,NORMAL
CMP-1430,Ahmedabad,Industrial,agricultural,25.13,2,68.95,34.791,0,NORMAL
CMP-1431,Dankuni,Water,commercial,43.62,5,40.04,60.389,0,NORMAL
CMP-1432,Hooghly,Industrial,residential,42.36,5,48.54,58.548,0,NORMAL
CMP-1433,Hooghly,Aviation,residential,10.91,7,49.8,12.755,0,NORMAL
CMP-1434,Dankuni,Railways,commercial,36.3,2,52.59,74.647,0,NORMAL
CMP-1435,Raigad,Water,agricultural,20.85,3,37.87,17.864,0,NORMAL
CMP-1436,Sonnagar,Aviation,commercial,41.23,2,35.34,47.723,0,NORMAL
CMP-1437,Palghar,Highways,agricultural,8.62,4,29.1,5.322,0,NORMAL
CMP-1438,Raigad,Energy,residential,17.12,7,62.9,25.835,0,NORMAL
CMP-1439,Ahmedabad,Industrial,residential,34.3,2,119.18,120.103,0,NORMAL
CMP-1440,Raigad,Industrial,residential,34.23,5,38.51,35.588,0,NORMAL
CMP-1441,Gautam Buddha Nagar,Aviation,agricultural,19.99,8,120.91,50.402,0,NORMAL
CMP-1442,Sonnagar,Water,agricultural,12.66,4,20.24,4.909,0,NORMAL
CMP-1443,Ahmedabad,Railways,residential,18.14,3,69.45,32.292,0,NORMAL
CMP-1444,Gautam Buddha Nagar,Water,agricultural,44.5,5,125.39,115.561,0,NORMAL
CMP-1445,Gautam Buddha Nagar,Railways,agricultural,13.07,4,71.48,15.11,0,NORMAL
CMP-1446,Gautam Buddha Nagar,Railways,agricultural,33.57,5,97.7,59.612,0,NORMAL
CMP-1447,Sonnagar,Highways,agricultural,42.21,3,29.17,27.978,0,NORMAL
CMP-1448,Palghar,Railways,commercial,23.84,8,34.9,32.974,0,NORMAL
CMP-1449,Ahmedabad,Railways,agricultural,19.46,1,93.75,40.579,0,NORMAL
CMP-1450,Palghar,Energy,residential,4.87,5,27.33,3.388,0,NORMAL
CMP-1451,Sonnagar,Industrial,agricultural,3.13,4,31.75,1.832,0,NORMAL
CMP-1452,Raigad,Energy,commercial,29.64,6,61.17,54.482,0,NORMAL
CMP-1453,Gautam Buddha Nagar,Water,commercial,10.83,7,66.52,23.071,0,NORMAL
CMP-1454,Dankuni,Railways,residential,44.21,8,64.55,73.249,0,NORMAL
CMP-1455,Sonnagar,Water,agricultural,32.38,1,25.34,16.583,0,NORMAL
CMP-1456,Valsad,Highways,residential,21.95,6,24.98,13.429,0,NORMAL
CMP-1457,Gautam Buddha Nagar,Industrial,commercial,20.04,5,71.84,48.777,0,NORMAL
CMP-1458,Hooghly,Water,residential,10.82,7,55.88,15.178,0,NORMAL
CMP-1459,Thane,Water,agricultural,1.91,1,93.1,3.287,0,NORMAL
CMP-1460,Surat,Railways,residential,17.02,6,69.47,29.098,0,NORMAL
CMP-1461,Ahmedabad,Water,residential,32.63,6,109.87,83.718,0,NORMAL
CMP-1462,Hooghly,Highways,residential,7.68,7,49.09,9.009,0,NORMAL
CMP-1463,Gautam Buddha Nagar,Industrial,agricultural,40.92,2,124.76,109.667,0,NORMAL
CMP-1464,Valsad,Aviation,residential,16.25,8,23.44,9.496,0,NORMAL
CMP-1465,Navsari,Energy,residential,6.91,5,46.5,7.584,0,NORMAL
CMP-1466,Dankuni,Water,commercial,4.24,7,47.6,6.037,0,NORMAL
CMP-1467,Ahmedabad,Highways,residential,10.42,1,97.28,24.817,0,NORMAL
CMP-1468,Valsad,Water,residential,20.92,6,26.71,16.922,0,NORMAL
CMP-1469,Palghar,Railways,commercial,7.98,8,41.88,10.68,0,NORMAL
CMP-1470,Dankuni,Water,residential,16.01,5,54.41,23.575,0,NORMAL
CMP-1471,Valsad,Highways,commercial,18.55,2,42.56,28.324,0,NORMAL
CMP-1472,Hooghly,Aviation,residential,37.55,3,46.3,47.067,0,NORMAL
CMP-1473,Valsad,Water,commercial,14.95,3,40.99,22.136,0,NORMAL
CMP-1474,Hooghly,Water,commercial,37.28,5,40.99,56.153,0,NORMAL
CMP-1475,Thane,Energy,agricultural,24.42,8,135.45,61.547,0,NORMAL
CMP-1476,Valsad,Aviation,commercial,36.64,1,35.08,40.115,0,NORMAL
CMP-1477,Gautam Buddha Nagar,Railways,agricultural,38.15,1,84.03,66.614,0,NORMAL
CMP-1478,Hooghly,Aviation,residential,23.83,8,45.56,32.103,0,NORMAL
CMP-1479,Valsad,Energy,agricultural,37.23,2,42.29,30.435,0,NORMAL
CMP-1480,Surat,Aviation,residential,4.16,2,57.67,7.462,0,NORMAL
CMP-1481,Thane,Water,commercial,23.27,7,66.42,61.789,0,NORMAL
CMP-1482,Ahmedabad,Industrial,residential,13.5,6,74.09,48.132,1,OVER_VALUED
CMP-1483,Dankuni,Highways,commercial,6.76,3,44.65,10.268,0,NORMAL
CMP-1484,Ahmedabad,Aviation,residential,5.23,8,71.67,9.379,0,NORMAL
CMP-1485,Navsari,Energy,residential,21.36,8,30.82,17.498,0,NORMAL
CMP-1486,Dankuni,Water,agricultural,26.99,5,63.56,38.954,0,NORMAL
CMP-1487,Hooghly,Energy,residential,39.71,1,53.43,52.853,0,NORMAL
CMP-1488,Raigad,Water,agricultural,41.99,5,41.97,35.014,0,NORMAL
CMP-1489,Panna,Highways,residential,14.22,1,17.02,6.287,0,NORMAL
CMP-1490,Surat,Water,agricultural,10.96,2,66.73,14.438,0,NORMAL
CMP-1491,Thane,Aviation,residential,44.35,7,82.23,87.359,0,NORMAL
CMP-1492,Dankuni,Highways,commercial,26.35,4,67.92,53.891,0,NORMAL
CMP-1493,Navsari,Highways,agricultural,18.65,1,45.33,21.243,0,NORMAL
CMP-1494,Surat,Water,commercial,25.67,4,53.75,52.376,0,NORMAL
CMP-1495,Gautam Buddha Nagar,Railways,commercial,11.27,6,92.4,39.753,0,NORMAL
CMP-1496,Panna,Energy,residential,37.26,3,19.87,17.787,0,NORMAL
CMP-1497,Raigad,Railways,residential,28.0,3,38.51,24.621,0,NORMAL
CMP-1498,Thane,Railways,commercial,12.75,1,103.82,56.333,0,NORMAL
CMP-1499,Surat,Aviation,residential,39.02,1,45.2,38.519,0,NORMAL
CMP-1500,Palghar,Aviation,residential,13.79,2,47.89,15.788,0,NORMAL
CMP-1501,Surat,Energy,agricultural,38.76,2,82.0,65.006,0,NORMAL
CMP-1502,Dankuni,Highways,agricultural,38.08,1,50.13,34.397,0,NORMAL
CMP-1503,Gautam Buddha Nagar,Energy,agricultural,19.08,8,83.16,30.843,0,NORMAL
CMP-1504,Valsad,Industrial,commercial,0.63,5,24.25,0.63,0,NORMAL
CMP-1505,Navsari,Highways,commercial,34.88,1,37.96,42.135,0,NORMAL
CMP-1506,Valsad,Highways,commercial,22.48,6,37.04,25.197,0,NORMAL
CMP-1507,Dankuni,Industrial,residential,6.43,7,48.99,7.461,0,NORMAL
CMP-1508,Hooghly,Railways,agricultural,26.71,3,58.19,28.391,0,NORMAL
CMP-1509,Raigad,Aviation,residential,27.56,5,32.46,24.588,0,NORMAL
CMP-1510,Ahmedabad,Highways,commercial,36.88,5,62.95,81.59,0,NORMAL
CMP-1511,Surat,Industrial,commercial,21.52,7,71.11,66.713,0,NORMAL
CMP-1512,Navsari,Energy,agricultural,30.11,8,31.34,19.553,0,NORMAL
CMP-1513,Sonnagar,Highways,agricultural,10.67,8,19.46,4.221,0,NORMAL
CMP-1514,Valsad,Highways,residential,21.05,1,29.93,31.126,1,OVER_VALUED
CMP-1515,Navsari,Water,commercial,29.13,7,51.07,46.473,0,NORMAL
CMP-1516,Ahmedabad,Energy,commercial,1.64,7,69.2,3.638,0,NORMAL
CMP-1517,Raigad,Energy,agricultural,44.26,1,34.62,31.405,0,NORMAL
CMP-1518,Navsari,Water,agricultural,17.81,4,46.86,15.709,0,NORMAL
CMP-1519,Raigad,Industrial,commercial,25.35,3,45.09,33.602,0,NORMAL
CMP-1520,Palghar,Highways,agricultural,40.73,8,46.67,40.142,0,NORMAL
CMP-1521,Dankuni,Water,residential,38.02,6,65.85,68.432,0,NORMAL
CMP-1522,Surat,Railways,commercial,43.03,1,77.53,113.241,0,NORMAL
CMP-1523,Raigad,Highways,commercial,3.35,5,43.32,4.866,0,NORMAL
CMP-1524,Ahmedabad,Water,commercial,0.73,2,116.58,3.304,0,NORMAL
CMP-1525,Hooghly,Aviation,residential,4.79,6,50.94,6.489,0,NORMAL
CMP-1526,Raigad,Aviation,agricultural,20.15,5,51.08,20.327,0,NORMAL
CMP-1527,Hooghly,Water,residential,40.18,5,38.93,35.482,0,NORMAL
CMP-1528,Valsad,Railways,commercial,14.55,6,42.04,17.963,0,NORMAL
CMP-1529,Raigad,Aviation,residential,6.76,2,33.71,4.936,0,NORMAL
CMP-1530,Hooghly,Railways,residential,23.95,8,58.27,29.898,0,NORMAL
CMP-1531,Sonnagar,Highways,commercial,23.55,3,25.47,21.215,0,NORMAL
CMP-1532,Raigad,Highways,commercial,2.4,5,64.19,4.57,0,NORMAL
CMP-1533,Ahmedabad,Aviation,agricultural,13.7,6,92.15,11.106,1,UNDER_VALUED
CMP-1534,Dankuni,Aviation,agricultural,8.85,3,67.46,17.893,1,OVER_VALUED
CMP-1535,Dankuni,Water,agricultural,3.99,8,46.63,4.067,0,NORMAL
CMP-1536,Ahmedabad,Highways,commercial,41.35,2,79.06,117.475,0,NORMAL
CMP-1537,Raigad,Aviation,agricultural,32.82,1,32.73,20.724,0,NORMAL
CMP-1538,Hooghly,Railways,residential,10.46,8,52.01,12.532,0,NORMAL
CMP-1539,Sonnagar,Highways,commercial,1.56,1,31.51,1.586,0,NORMAL
CMP-1540,Navsari,Railways,residential,14.22,2,34.7,12.147,0,NORMAL
CMP-1541,Sonnagar,Industrial,agricultural,28.49,3,28.17,17.153,0,NORMAL
CMP-1542,Palghar,Aviation,residential,41.98,3,30.9,33.462,0,NORMAL
CMP-1543,Navsari,Water,commercial,42.39,2,46.34,68.915,0,NORMAL
CMP-1544,Gautam Buddha Nagar,Railways,residential,44.79,6,126.95,133.781,0,NORMAL
CMP-1545,Panna,Aviation,residential,9.01,2,15.72,3.228,0,NORMAL
CMP-1546,Raigad,Industrial,commercial,14.29,6,61.22,28.086,0,NORMAL
CMP-1547,Dankuni,Aviation,residential,43.43,5,58.54,65.153,0,NORMAL
CMP-1548,Valsad,Industrial,agricultural,9.55,8,39.94,7.261,0,NORMAL
CMP-1549,Panna,Water,commercial,29.41,8,24.87,27.545,0,NORMAL
CMP-1550,Navsari,Railways,commercial,21.73,2,41.55,36.738,0,NORMAL
CMP-1551,Panna,Water,agricultural,6.66,5,18.21,2.641,0,NORMAL
CMP-1552,Navsari,Energy,residential,16.82,6,28.6,13.541,0,NORMAL
CMP-1553,Raigad,Water,commercial,31.89,8,31.77,37.838,0,NORMAL
CMP-1554,Surat,Railways,residential,31.09,1,47.58,31.302,0,NORMAL
CMP-1555,Navsari,Energy,agricultural,16.25,7,36.32,11.828,0,NORMAL
CMP-1556,Navsari,Railways,residential,1.67,5,38.36,1.521,0,NORMAL
CMP-1557,Sonnagar,Highways,agricultural,0.44,4,35.04,0.327,0,NORMAL
CMP-1558,Valsad,Railways,agricultural,32.32,1,43.7,29.333,0,NORMAL
CMP-1559,Gautam Buddha Nagar,Industrial,commercial,19.17,5,103.07,57.668,0,NORMAL
CMP-1560,Surat,Highways,agricultural,16.22,4,53.41,19.121,0,NORMAL
CMP-1561,Dankuni,Industrial,commercial,21.6,8,59.78,45.855,0,NORMAL
CMP-1562,Raigad,Aviation,residential,29.76,6,44.27,36.866,0,NORMAL
CMP-1563,Raigad,Highways,residential,0.95,5,54.21,1.33,0,NORMAL
CMP-1564,Panna,Water,agricultural,15.8,2,19.47,6.664,0,NORMAL
CMP-1565,Thane,Railways,residential,27.19,6,105.48,75.796,0,NORMAL
CMP-1566,Palghar,Railways,residential,16.82,1,37.61,16.593,0,NORMAL
CMP-1567,Ahmedabad,Highways,residential,8.7,1,99.59,21.108,0,NORMAL
CMP-1568,Panna,Energy,commercial,5.73,8,25.88,4.989,0,NORMAL
CMP-1569,Thane,Industrial,commercial,6.29,4,88.01,17.77,0,NORMAL
CMP-1570,Gautam Buddha Nagar,Railways,residential,25.95,6,120.59,70.609,0,NORMAL
CMP-1571,Valsad,Highways,residential,25.47,5,41.62,24.204,0,NORMAL
CMP-1572,Sonnagar,Railways,agricultural,16.46,6,31.51,9.137,0,NORMAL
CMP-1573,Gautam Buddha Nagar,Railways,commercial,41.2,8,69.83,86.261,0,NORMAL
CMP-1574,Ahmedabad,Railways,commercial,23.22,1,116.62,75.334,0,NORMAL
CMP-1575,Navsari,Water,agricultural,35.46,4,36.33,26.908,0,NORMAL
CMP-1576,Dankuni,Railways,commercial,26.77,4,43.11,39.377,0,NORMAL
CMP-1577,Panna,Aviation,agricultural,3.45,4,29.94,2.46,0,NORMAL
CMP-1578,Raigad,Water,commercial,12.28,7,48.87,17.97,0,NORMAL
CMP-1579,Sonnagar,Energy,agricultural,24.55,1,22.87,10.705,0,NORMAL
CMP-1580,Valsad,Highways,residential,1.77,6,31.42,1.422,0,NORMAL
CMP-1581,Hooghly,Highways,agricultural,17.42,4,34.3,13.138,0,NORMAL
CMP-1582,Sonnagar,Water,agricultural,12.77,5,28.12,7.869,0,NORMAL
CMP-1583,Surat,Energy,agricultural,2.49,8,61.96,3.095,0,NORMAL
CMP-1584,Navsari,Highways,residential,27.28,4,46.11,32.576,0,NORMAL
CMP-1585,Valsad,Highways,residential,16.15,3,46.86,20.793,0,NORMAL
CMP-1586,Dankuni,Highways,residential,16.31,5,61.58,27.448,0,NORMAL
CMP-1587,Surat,Highways,agricultural,28.17,1,83.37,43.518,0,NORMAL
CMP-1588,Navsari,Railways,commercial,4.51,3,35.26,11.495,1,OVER_VALUED
CMP-1589,Navsari,Energy,residential,37.42,4,37.18,35.142,0,NORMAL
CMP-1590,Surat,Railways,commercial,8.01,8,70.75,21.873,0,NORMAL
CMP-1591,Gautam Buddha Nagar,Highways,agricultural,27.42,8,65.28,34.53,0,NORMAL
CMP-1592,Valsad,Water,agricultural,11.19,1,43.16,8.979,0,NORMAL
CMP-1593,Panna,Energy,agricultural,22.6,1,22.54,10.617,0,NORMAL
CMP-1594,Surat,Energy,agricultural,2.97,4,68.91,4.026,0,NORMAL
CMP-1595,Sonnagar,Highways,residential,22.31,4,21.11,10.724,0,NORMAL
CMP-1596,Sonnagar,Energy,commercial,17.12,6,28.59,15.121,0,NORMAL
CMP-1597,Dankuni,Aviation,residential,42.08,5,44.14,51.456,0,NORMAL
CMP-1598,Raigad,Aviation,agricultural,16.29,3,57.5,16.889,0,NORMAL
CMP-1599,Gautam Buddha Nagar,Water,residential,10.19,1,113.12,28.533,0,NORMAL
CMP-1600,Sonnagar,Highways,residential,26.63,2,32.04,21.552,0,NORMAL
CMP-1601,Surat,Energy,residential,10.91,8,60.07,14.298,0,NORMAL
CMP-1602,Gautam Buddha Nagar,Aviation,residential,16.25,8,87.1,33.452,0,NORMAL
CMP-1603,Surat,Aviation,residential,23.32,6,81.16,41.611,0,NORMAL
CMP-1604,Panna,Railways,agricultural,33.43,7,27.96,21.665,0,NORMAL
CMP-1605,Panna,Water,residential,5.07,6,20.32,2.668,0,NORMAL
CMP-1606,Dankuni,Energy,residential,22.95,4,39.46,21.914,0,NORMAL
CMP-1607,Valsad,Aviation,commercial,27.21,7,24.73,21.76,0,NORMAL
CMP-1608,Surat,Highways,agricultural,0.51,3,77.16,0.71,0,NORMAL
CMP-1609,Gautam Buddha Nagar,Energy,agricultural,2.39,4,67.67,3.645,0,NORMAL
CMP-1610,Sonnagar,Industrial,residential,19.17,6,32.51,14.304,0,NORMAL
CMP-1611,Thane,Water,agricultural,6.2,3,120.38,15.876,0,NORMAL
CMP-1612,Valsad,Railways,commercial,40.44,2,40.11,58.649,0,NORMAL
CMP-1613,Ahmedabad,Aviation,residential,0.61,8,76.1,1.165,0,NORMAL
CMP-1614,Palghar,Railways,commercial,21.55,6,38.87,31.591,0,NORMAL
CMP-1615,Palghar,Energy,agricultural,35.86,7,41.62,25.992,0,NORMAL
CMP-1616,Palghar,Highways,residential,38.26,6,36.5,40.366,0,NORMAL
CMP-1617,Surat,Industrial,agricultural,27.9,8,54.44,32.13,0,NORMAL
CMP-1618,Thane,Industrial,commercial,38.42,3,107.57,157.476,0,NORMAL
CMP-1619,Valsad,Water,commercial,5.34,6,40.54,7.937,0,NORMAL
CMP-1620,Navsari,Water,agricultural,30.56,8,51.28,12.16,1,UNDER_VALUED
CMP-1621,Surat,Energy,agricultural,10.32,3,75.06,15.97,0,NORMAL
CMP-1622,Hooghly,Highways,agricultural,34.48,1,35.6,23.851,0,NORMAL
CMP-1623,Panna,Highways,residential,0.89,6,18.78,0.478,0,NORMAL
CMP-1624,Navsari,Railways,residential,13.74,8,49.04,17.575,0,NORMAL
CMP-1625,Raigad,Water,commercial,15.43,7,56.29,27.143,0,NORMAL
CMP-1626,Hooghly,Aviation,agricultural,39.02,5,33.46,23.808,0,NORMAL
CMP-1627,Gautam Buddha Nagar,Industrial,agricultural,17.09,3,81.28,26.226,0,NORMAL
CMP-1628,Sonnagar,Aviation,commercial,9.57,4,21.98,8.665,0,NORMAL
CMP-1629,Navsari,Industrial,agricultural,27.73,5,51.4,25.265,0,NORMAL
CMP-1630,Navsari,Energy,commercial,27.04,5,35.35,34.261,0,NORMAL
CMP-1631,Thane,Aviation,agricultural,30.68,1,139.2,83.539,0,NORMAL
CMP-1632,Valsad,Railways,residential,30.38,3,22.64,17.116,0,NORMAL
CMP-1633,Surat,Railways,residential,31.49,2,60.0,50.563,0,NORMAL
CMP-1634,Navsari,Industrial,agricultural,43.78,1,28.31,24.823,0,NORMAL
CMP-1635,Ahmedabad,Highways,agricultural,27.26,7,68.25,33.869,0,NORMAL
CMP-1636,Navsari,Aviation,residential,9.08,4,50.85,10.806,0,NORMAL
CMP-1637,Panna,Energy,commercial,30.67,1,27.88,25.737,0,NORMAL
CMP-1638,Raigad,Energy,residential,44.93,8,48.53,58.803,0,NORMAL
CMP-1639,Ahmedabad,Railways,agricultural,18.65,5,73.43,24.998,0,NORMAL
CMP-1640,Palghar,Water,agricultural,27.26,6,28.17,15.468,0,NORMAL
CMP-1641,Navsari,Railways,residential,41.33,4,40.06,71.806,1,OVER_VALUED
CMP-1642,Valsad,Industrial,commercial,25.69,5,22.4,22.266,0,NORMAL
CMP-1643,Raigad,Industrial,agricultural,3.55,2,34.61,4.252,1,OVER_VALUED
CMP-1644,Valsad,Water,agricultural,15.64,1,41.89,11.889,0,NORMAL
CMP-1645,Palghar,Industrial,residential,23.11,7,47.64,29.223,0,NORMAL
CMP-1646,Surat,Aviation,residential,25.16,6,78.59,48.403,0,NORMAL
CMP-1647,Ahmedabad,Aviation,residential,21.02,8,79.51,38.628,0,NORMAL
CMP-1648,Palghar,Railways,agricultural,25.28,3,48.79,25.671,0,NORMAL
CMP-1649,Raigad,Water,residential,44.14,2,62.68,64.705,0,NORMAL
CMP-1650,Thane,Industrial,agricultural,5.5,6,138.41,14.18,0,NORMAL
CMP-1651,Sonnagar,Industrial,commercial,6.4,8,27.16,6.494,0,NORMAL
CMP-1652,Gautam Buddha Nagar,Water,commercial,31.59,5,114.31,117.312,0,NORMAL
CMP-1653,Palghar,Energy,residential,43.42,3,32.33,40.041,0,NORMAL
CMP-1654,Valsad,Energy,residential,8.39,7,34.38,7.27,0,NORMAL
CMP-1655,Raigad,Industrial,commercial,17.51,1,36.74,23.879,0,NORMAL
CMP-1656,Hooghly,Water,agricultural,9.49,5,45.68,9.69,0,NORMAL
CMP-1657,Ahmedabad,Highways,agricultural,40.28,6,105.13,89.174,0,NORMAL
CMP-1658,Navsari,Energy,agricultural,35.7,2,31.28,21.908,0,NORMAL
CMP-1659,Ahmedabad,Energy,commercial,18.27,8,75.61,45.031,0,NORMAL
CMP-1660,Ahmedabad,Highways,commercial,17.42,1,69.39,38.505,0,NORMAL
CMP-1661,Raigad,Aviation,residential,10.65,5,49.62,15.557,0,NORMAL
CMP-1662,Thane,Highways,residential,10.15,1,106.58,26.391,0,NORMAL
CMP-1663,Ahmedabad,Railways,agricultural,41.44,4,108.97,88.728,0,NORMAL
CMP-1664,Raigad,Industrial,agricultural,7.12,1,51.7,9.693,1,OVER_VALUED
CMP-1665,Panna,Industrial,commercial,24.83,6,18.12,14.246,0,NORMAL
CMP-1666,Dankuni,Water,agricultural,22.53,6,51.51,21.81,0,NORMAL
CMP-1667,Panna,Water,commercial,12.39,4,14.94,7.55,0,NORMAL
CMP-1668,Navsari,Highways,residential,6.14,8,35.99,5.84,0,NORMAL
CMP-1669,Dankuni,Railways,commercial,40.62,3,41.17,61.015,0,NORMAL
CMP-1670,Valsad,Industrial,commercial,21.95,7,25.45,20.246,0,NORMAL
CMP-1671,Panna,Industrial,commercial,6.21,3,20.87,4.2,0,NORMAL
CMP-1672,Gautam Buddha Nagar,Water,residential,5.04,6,129.66,14.573,0,NORMAL
CMP-1673,Dankuni,Industrial,agricultural,28.15,1,54.69,31.75,0,NORMAL
CMP-1674,Sonnagar,Highways,agricultural,22.45,4,23.02,10.389,0,NORMAL
CMP-1675,Surat,Railways,agricultural,5.38,3,82.23,10.817,0,NORMAL
CMP-1676,Gautam Buddha Nagar,Aviation,residential,19.31,7,74.85,32.931,0,NORMAL
CMP-1677,Palghar,Water,residential,22.93,4,28.92,16.112,0,NORMAL
CMP-1678,Sonnagar,Energy,residential,5.17,3,35.04,4.532,0,NORMAL
CMP-1679,Surat,Energy,agricultural,5.49,5,51.3,5.456,0,NORMAL
CMP-1680,Panna,Highways,commercial,26.95,5,27.19,23.393,0,NORMAL
CMP-1681,Dankuni,Aviation,commercial,27.98,1,58.42,55.835,0,NORMAL
CMP-1682,Valsad,Railways,residential,32.34,4,41.05,27.84,0,NORMAL
CMP-1683,Palghar,Highways,commercial,8.97,7,25.31,9.511,0,NORMAL
CMP-1684,Panna,Energy,residential,17.05,3,17.05,6.762,0,NORMAL
CMP-1685,Sonnagar,Water,commercial,10.43,8,35.27,13.099,0,NORMAL
CMP-1686,Dankuni,Highways,residential,21.84,4,62.03,32.41,0,NORMAL
CMP-1687,Hooghly,Railways,agricultural,39.8,8,34.97,26.345,0,NORMAL
CMP-1688,Raigad,Water,commercial,42.63,4,39.79,59.085,0,NORMAL
CMP-1689,Thane,Industrial,agricultural,12.63,4,67.21,18.0,0,NORMAL
CMP-1690,Palghar,Aviation,residential,4.69,6,29.57,3.524,0,NORMAL
CMP-1691,Ahmedabad,Railways,agricultural,28.92,2,82.01,48.498,0,NORMAL
CMP-1692,Valsad,Water,commercial,34.78,2,36.31,17.734,1,UNDER_VALUED
CMP-1693,Sonnagar,Water,residential,3.19,4,28.09,2.191,0,NORMAL
CMP-1694,Thane,Industrial,agricultural,4.05,7,92.91,6.886,0,NORMAL
CMP-1695,Sonnagar,Railways,residential,0.66,3,30.46,0.516,0,NORMAL
CMP-1696,Surat,Highways,agricultural,25.2,6,61.07,27.327,0,NORMAL
CMP-1697,Gautam Buddha Nagar,Energy,agricultural,42.1,8,80.24,74.27,0,NORMAL
CMP-1698,Ahmedabad,Railways,commercial,20.16,4,92.3,59.644,0,NORMAL
CMP-1699,Ahmedabad,Highways,commercial,5.49,2,65.62,10.934,0,NORMAL
CMP-1700,Ahmedabad,Aviation,residential,13.85,4,88.15,28.414,0,NORMAL
CMP-1701,Surat,Energy,commercial,3.71,2,77.94,9.302,0,NORMAL
CMP-1702,Sonnagar,Highways,commercial,1.34,5,32.06,1.601,0,NORMAL
CMP-1703,Sonnagar,Aviation,residential,1.34,1,20.85,0.697,0,NORMAL
CMP-1704,Ahmedabad,Energy,commercial,9.15,8,98.72,32.91,0,NORMAL
CMP-1705,Gautam Buddha Nagar,Railways,agricultural,2.67,8,79.03,4.167,0,NORMAL
CMP-1706,Dankuni,Highways,agricultural,5.63,1,53.77,6.175,0,NORMAL
CMP-1707,Dankuni,Water,commercial,24.01,6,45.58,37.158,0,NORMAL
CMP-1708,Panna,Industrial,commercial,25.64,5,23.1,20.065,0,NORMAL
CMP-1709,Valsad,Highways,agricultural,34.23,7,35.94,23.42,0,NORMAL
CMP-1710,Navsari,Aviation,agricultural,3.49,5,31.05,2.331,0,NORMAL
CMP-1711,Navsari,Energy,agricultural,5.77,4,44.99,5.743,0,NORMAL
CMP-1712,Raigad,Water,residential,4.28,4,45.79,7.186,1,OVER_VALUED
CMP-1713,Panna,Energy,residential,39.03,2,27.01,26.685,0,NORMAL
CMP-1714,Valsad,Water,agricultural,34.76,2,32.75,46.962,1,OVER_VALUED
CMP-1715,Navsari,Aviation,commercial,16.81,1,30.43,8.039,1,UNDER_VALUED
CMP-1716,Hooghly,Highways,residential,15.96,5,58.74,21.365,0,NORMAL
CMP-1717,Ahmedabad,Highways,residential,38.68,8,83.18,69.729,0,NORMAL
CMP-1718,Ahmedabad,Highways,residential,37.12,6,60.98,114.439,1,OVER_VALUED
CMP-1719,Ahmedabad,Water,agricultural,42.77,3,80.43,67.594,0,NORMAL
CMP-1720,Hooghly,Industrial,commercial,17.45,1,56.51,32.371,0,NORMAL
CMP-1721,Hooghly,Highways,residential,18.53,6,37.38,16.516,0,NORMAL
CMP-1722,Ahmedabad,Highways,commercial,26.66,8,95.07,98.198,0,NORMAL
CMP-1723,Surat,Railways,commercial,25.27,7,50.2,42.03,0,NORMAL
CMP-1724,Surat,Water,residential,9.25,7,64.04,14.117,0,NORMAL
CMP-1725,Ahmedabad,Highways,agricultural,4.24,7,98.7,8.727,0,NORMAL
CMP-1726,Sonnagar,Energy,agricultural,43.81,4,21.1,17.128,0,NORMAL
CMP-1727,Sonnagar,Aviation,residential,2.95,3,30.9,2.555,0,NORMAL
CMP-1728,Dankuni,Highways,agricultural,4.83,7,46.34,3.774,0,NORMAL
CMP-1729,Surat,Railways,agricultural,21.18,4,51.95,21.946,0,NORMAL
CMP-1730,Hooghly,Water,commercial,5.06,7,52.67,8.406,0,NORMAL
CMP-1731,Dankuni,Energy,agricultural,38.52,4,38.85,56.244,1,OVER_VALUED
CMP-1732,Sonnagar,Water,commercial,36.65,2,24.46,26.781,0,NORMAL
CMP-1733,Raigad,Industrial,residential,26.79,5,38.09,27.054,0,NORMAL
CMP-1734,Dankuni,Energy,residential,11.33,7,63.59,18.899,0,NORMAL
CMP-1735,Surat,Aviation,commercial,30.39,5,64.38,66.677,0,NORMAL
CMP-1736,Sonnagar,Aviation,commercial,36.67,7,21.1,28.453,0,NORMAL
CMP-1737,Raigad,Water,agricultural,38.72,2,40.98,14.418,1,UNDER_VALUED
CMP-1738,Sonnagar,Aviation,residential,17.37,4,33.44,16.003,0,NORMAL
CMP-1739,Raigad,Railways,commercial,11.96,6,59.91,28.516,0,NORMAL
CMP-1740,Thane,Highways,agricultural,39.86,2,65.64,45.674,0,NORMAL
CMP-1741,Thane,Industrial,agricultural,3.64,7,126.1,8.838,0,NORMAL
CMP-1742,Palghar,Water,commercial,37.73,5,40.82,54.314,0,NORMAL
CMP-1743,Hooghly,Aviation,commercial,26.77,2,53.26,52.776,0,NORMAL
CMP-1744,Gautam Buddha Nagar,Highways,residential,9.1,2,70.38,16.427,0,NORMAL
CMP-1745,Gautam Buddha Nagar,Water,commercial,24.29,3,106.62,32.42,1,UNDER_VALUED
CMP-1746,Dankuni,Industrial,agricultural,25.1,5,44.93,22.018,0,NORMAL
CMP-1747,Hooghly,Highways,commercial,42.13,6,55.7,85.5,0,NORMAL
CMP-1748,Raigad,Aviation,commercial,34.48,7,62.63,69.086,0,NORMAL
CMP-1749,Thane,Railways,agricultural,7.86,1,87.23,15.239,0,NORMAL
CMP-1750,Navsari,Railways,commercial,26.92,7,28.26,26.532,0,NORMAL
CMP-1751,Gautam Buddha Nagar,Energy,agricultural,19.91,1,111.16,48.989,0,NORMAL
CMP-1752,Valsad,Energy,agricultural,18.91,3,35.42,11.922,0,NORMAL
CMP-1753,Panna,Industrial,residential,38.23,1,17.23,16.868,0,NORMAL
CMP-1754,Palghar,Aviation,residential,43.68,2,34.18,38.327,0,NORMAL
CMP-1755,Panna,Water,residential,27.72,2,15.83,11.395,0,NORMAL
CMP-1756,Raigad,Railways,residential,21.1,4,47.53,24.402,0,NORMAL
CMP-1757,Panna,Energy,commercial,40.57,8,24.09,28.004,0,NORMAL
CMP-1758,Gautam Buddha Nagar,Aviation,agricultural,30.06,2,112.28,76.797,0,NORMAL
CMP-1759,Surat,Water,residential,36.49,7,66.77,49.432,0,NORMAL
CMP-1760,Thane,Industrial,commercial,26.08,5,104.91,79.23,0,NORMAL
CMP-1761,Ahmedabad,Water,commercial,14.05,2,95.13,46.526,0,NORMAL
CMP-1762,Navsari,Industrial,residential,8.44,7,29.0,5.351,0,NORMAL
CMP-1763,Panna,Highways,commercial,30.32,5,17.58,21.429,0,NORMAL
CMP-1764,Sonnagar,Industrial,residential,25.41,8,30.94,18.57,0,NORMAL
CMP-1765,Navsari,Energy,residential,41.43,5,46.83,44.85,0,NORMAL
CMP-1766,Ahmedabad,Energy,residential,37.12,1,69.1,64.803,0,NORMAL
CMP-1767,Surat,Energy,residential,4.17,5,48.49,4.859,0,NORMAL
CMP-1768,Sonnagar,Railways,agricultural,14.33,7,29.31,7.131,0,NORMAL
CMP-1769,Hooghly,Energy,agricultural,11.91,1,42.84,9.607,0,NORMAL
CMP-1770,Dankuni,Energy,residential,28.78,8,62.87,45.416,0,NORMAL
CMP-1771,Ahmedabad,Aviation,commercial,13.42,6,58.51,32.49,0,NORMAL
CMP-1772,Raigad,Railways,residential,27.23,5,35.66,22.585,0,NORMAL
CMP-1773,Surat,Industrial,commercial,34.88,2,79.02,104.152,0,NORMAL
CMP-1774,Panna,Aviation,residential,15.41,1,20.17,8.471,0,NORMAL
CMP-1775,Gautam Buddha Nagar,Aviation,agricultural,32.41,2,68.23,43.495,0,NORMAL
CMP-1776,Palghar,Industrial,commercial,13.35,3,30.39,15.433,0,NORMAL
CMP-1777,Panna,Aviation,commercial,15.85,3,20.26,11.786,0,NORMAL
CMP-1778,Raigad,Water,residential,12.83,7,54.01,16.416,0,NORMAL
CMP-1779,Raigad,Railways,commercial,20.73,6,33.76,26.709,0,NORMAL
CMP-1780,Surat,Railways,residential,5.25,7,53.28,7.329,0,NORMAL
CMP-1781,Valsad,Railways,agricultural,7.98,6,37.27,6.18,0,NORMAL
CMP-1782,Surat,Water,residential,17.32,6,75.41,36.393,0,NORMAL
CMP-1783,Raigad,Aviation,residential,2.12,2,53.4,2.494,0,NORMAL
CMP-1784,Palghar,Aviation,commercial,26.57,2,40.44,12.957,1,UNDER_VALUED
CMP-1785,Ahmedabad,Energy,commercial,6.35,6,60.71,13.574,0,NORMAL
CMP-1786,Sonnagar,Railways,agricultural,30.66,5,20.3,12.239,0,NORMAL
CMP-1787,Hooghly,Water,agricultural,31.42,3,41.86,26.32,0,NORMAL
CMP-1788,Valsad,Railways,commercial,35.14,3,37.11,43.968,0,NORMAL
CMP-1789,Gautam Buddha Nagar,Railways,residential,13.09,3,68.52,21.097,0,NORMAL
CMP-1790,Palghar,Railways,commercial,40.65,5,40.45,60.831,0,NORMAL
CMP-1791,Dankuni,Aviation,commercial,17.23,4,54.21,32.364,0,NORMAL
CMP-1792,Palghar,Industrial,commercial,8.97,1,33.75,10.107,0,NORMAL
CMP-1793,Hooghly,Aviation,residential,35.91,5,49.59,47.214,0,NORMAL
CMP-1794,Surat,Energy,commercial,34.2,2,52.98,69.159,0,NORMAL
CMP-1795,Surat,Water,residential,32.49,3,66.93,49.838,0,NORMAL
CMP-1796,Surat,Industrial,agricultural,16.05,4,46.86,14.975,0,NORMAL
CMP-1797,Panna,Highways,agricultural,11.33,8,16.72,3.553,0,NORMAL
CMP-1798,Panna,Aviation,agricultural,35.27,7,24.78,14.902,0,NORMAL
CMP-1799,Sonnagar,Highways,residential,25.2,1,26.76,17.226,0,NORMAL
CMP-1800,Panna,Highways,agricultural,16.3,5,26.47,9.206,0,NORMAL
CMP-1801,Surat,Industrial,residential,21.26,2,60.83,38.323,0,NORMAL
CMP-1802,Gautam Buddha Nagar,Aviation,agricultural,23.15,6,112.45,46.763,0,NORMAL
CMP-1803,Sonnagar,Energy,commercial,1.57,8,34.13,2.013,0,NORMAL
CMP-1804,Valsad,Industrial,agricultural,41.66,4,27.19,24.143,0,NORMAL
CMP-1805,Navsari,Industrial,residential,19.6,3,48.82,24.555,0,NORMAL
CMP-1806,Raigad,Energy,agricultural,24.19,2,33.27,14.344,0,NORMAL
CMP-1807,Dankuni,Industrial,residential,26.67,2,47.97,35.027,0,NORMAL
CMP-1808,Gautam Buddha Nagar,Highways,residential,3.64,8,124.99,10.792,0,NORMAL
CMP-1809,Raigad,Aviation,agricultural,35.55,6,34.51,24.408,0,NORMAL
CMP-1810,Palghar,Railways,agricultural,4.53,4,27.51,2.566,0,NORMAL
CMP-1811,Hooghly,Industrial,commercial,2.65,5,37.66,3.307,0,NORMAL
CMP-1812,Raigad,Highways,commercial,33.54,1,30.91,33.211,0,NORMAL
CMP-1813,Gautam Buddha Nagar,Highways,agricultural,38.73,4,69.07,48.081,0,NORMAL
CMP-1814,Palghar,Energy,commercial,1.28,4,41.48,0.611,1,UNDER_VALUED
CMP-1815,Palghar,Energy,commercial,35.76,1,40.7,55.238,0,NORMAL
CMP-1816,Palghar,Highways,commercial,14.19,6,30.63,14.273,0,NORMAL
CMP-1817,Raigad,Energy,residential,30.46,7,41.8,28.866,0,NORMAL
CMP-1818,Hooghly,Energy,agricultural,26.59,1,54.34,32.336,0,NORMAL
CMP-1819,Raigad,Highways,residential,30.91,7,58.76,39.529,0,NORMAL
CMP-1820,Panna,Energy,commercial,4.1,7,29.53,3.473,0,NORMAL
CMP-1821,Surat,Industrial,commercial,14.09,6,47.39,23.934,0,NORMAL
CMP-1822,Dankuni,Railways,agricultural,31.95,8,52.33,39.315,0,NORMAL
CMP-1823,Hooghly,Highways,agricultural,37.95,3,56.12,37.179,0,NORMAL
CMP-1824,Sonnagar,Aviation,commercial,41.15,7,33.8,54.12,0,NORMAL
CMP-1825,Dankuni,Water,agricultural,9.66,2,46.65,8.522,0,NORMAL
CMP-1826,Palghar,Industrial,residential,29.96,4,33.29,25.237,0,NORMAL
CMP-1827,Hooghly,Railways,commercial,24.2,7,34.95,48.309,1,OVER_VALUED
CMP-1828,Ahmedabad,Energy,residential,3.65,7,90.67,8.005,0,NORMAL
CMP-1829,Hooghly,Energy,agricultural,12.62,4,40.35,10.125,0,NORMAL
CMP-1830,Thane,Railways,agricultural,11.31,8,107.93,22.679,0,NORMAL
CMP-1831,Surat,Aviation,commercial,34.61,5,55.57,74.481,0,NORMAL
CMP-1832,Panna,Energy,agricultural,41.09,5,18.26,13.304,0,NORMAL
CMP-1833,Surat,Railways,agricultural,32.26,4,60.42,40.372,0,NORMAL
CMP-1834,Gautam Buddha Nagar,Industrial,commercial,39.09,1,65.14,75.12,0,NORMAL
CMP-1835,Dankuni,Energy,agricultural,21.17,8,64.83,15.728,1,UNDER_VALUED
CMP-1836,Sonnagar,Energy,commercial,14.23,7,31.22,17.401,0,NORMAL
CMP-1837,Hooghly,Railways,commercial,4.21,7,48.41,6.96,0,NORMAL
CMP-1838,Navsari,Highways,commercial,41.79,3,39.69,63.313,0,NORMAL
CMP-1839,Navsari,Water,residential,41.34,5,38.17,32.805,0,NORMAL
CMP-1840,Hooghly,Water,residential,43.17,4,46.45,51.643,0,NORMAL
CMP-1841,Palghar,Aviation,residential,26.93,3,26.11,16.6,0,NORMAL
CMP-1842,Thane,Highways,residential,19.62,2,73.12,36.864,0,NORMAL
CMP-1843,Thane,Railways,residential,9.24,3,135.19,32.877,0,NORMAL
CMP-1844,Thane,Railways,residential,9.92,5,137.02,38.76,0,NORMAL
CMP-1845,Ahmedabad,Energy,agricultural,23.13,3,73.49,33.755,0,NORMAL
CMP-1846,Dankuni,Industrial,residential,30.8,8,64.93,44.68,0,NORMAL
CMP-1847,Thane,Water,commercial,34.35,6,139.34,183.792,0,NORMAL
CMP-1848,Thane,Highways,residential,14.14,5,83.73,36.329,0,NORMAL
CMP-1849,Palghar,Highways,agricultural,7.42,3,31.23,5.362,0,NORMAL
CMP-1850,Palghar,Railways,agricultural,2.9,8,25.79,1.496,0,NORMAL
CMP-1851,Ahmedabad,Highways,residential,26.19,5,62.4,39.582,0,NORMAL
CMP-1852,Thane,Water,residential,15.63,7,101.96,39.089,0,NORMAL
CMP-1853,Panna,Railways,residential,6.24,3,16.75,2.695,0,NORMAL
CMP-1854,Palghar,Railways,residential,17.55,1,26.6,10.532,0,NORMAL
CMP-1855,Dankuni,Aviation,commercial,30.45,2,57.81,71.321,0,NORMAL
CMP-1856,Surat,Railways,agricultural,3.83,1,46.43,3.496,0,NORMAL
CMP-1857,Ahmedabad,Water,residential,10.3,6,73.42,20.718,0,NORMAL
CMP-1858,Gautam Buddha Nagar,Energy,residential,30.05,5,64.67,44.496,0,NORMAL
CMP-1859,Dankuni,Energy,commercial,14.56,2,35.8,21.573,0,NORMAL
CMP-1860,Surat,Water,residential,23.65,4,84.17,51.092,0,NORMAL
CMP-1861,Raigad,Industrial,commercial,7.33,1,33.78,9.177,0,NORMAL
CMP-1862,Raigad,Energy,agricultural,41.52,3,61.49,54.87,0,NORMAL
CMP-1863,Hooghly,Industrial,commercial,10.02,8,58.58,21.439,0,NORMAL
CMP-1864,Ahmedabad,Highways,commercial,30.17,2,104.44,97.817,0,NORMAL
CMP-1865,Ahmedabad,Aviation,commercial,11.9,1,59.81,19.844,0,NORMAL
CMP-1866,Sonnagar,Water,residential,19.91,3,29.58,18.859,0,NORMAL
CMP-1867,Panna,Water,residential,33.95,8,14.74,12.786,0,NORMAL
CMP-1868,Thane,Industrial,agricultural,25.41,4,120.41,62.096,0,NORMAL
CMP-1869,Valsad,Energy,residential,35.67,3,34.67,33.061,0,NORMAL
CMP-1870,Gautam Buddha Nagar,Water,agricultural,13.98,6,94.96,29.393,0,NORMAL
CMP-1871,Navsari,Water,residential,32.94,4,46.37,41.629,0,NORMAL
CMP-1872,Panna,Industrial,agricultural,11.03,6,18.78,4.251,0,NORMAL
CMP-1873,Thane,Energy,residential,17.51,7,96.07,36.877,0,NORMAL
CMP-1874,Surat,Aviation,residential,39.17,1,80.23,82.497,0,NORMAL
CMP-1875,Navsari,Industrial,agricultural,37.89,2,44.47,31.489,0,NORMAL
CMP-1876,Valsad,Highways,agricultural,10.69,3,42.05,10.354,0,NORMAL
CMP-1877,Palghar,Water,commercial,16.58,2,31.23,18.853,0,NORMAL
CMP-1878,Panna,Energy,residential,42.69,4,29.65,31.943,0,NORMAL
CMP-1879,Ahmedabad,Water,commercial,33.95,6,77.46,86.023,0,NORMAL
CMP-1880,Palghar,Aviation,commercial,8.22,8,38.31,11.729,0,NORMAL
CMP-1881,Surat,Industrial,agricultural,41.12,8,56.64,50.96,0,NORMAL
CMP-1882,Dankuni,Water,agricultural,13.53,3,62.77,7.227,1,UNDER_VALUED
CMP-1883,Raigad,Railways,commercial,31.24,4,34.79,37.801,0,NORMAL
CMP-1884,Ahmedabad,Railways,agricultural,41.17,5,66.47,62.701,0,NORMAL
CMP-1885,Navsari,Highways,agricultural,41.04,7,34.6,49.28,1,OVER_VALUED
CMP-1886,Gautam Buddha Nagar,Aviation,residential,35.39,4,94.33,82.709,0,NORMAL
CMP-1887,Dankuni,Aviation,commercial,16.76,6,66.26,44.725,0,NORMAL
CMP-1888,Thane,Railways,residential,7.89,2,126.45,24.091,0,NORMAL
CMP-1889,Navsari,Highways,residential,28.2,5,32.6,23.212,0,NORMAL
CMP-1890,Thane,Water,residential,12.26,4,84.15,25.775,0,NORMAL
CMP-1891,Gautam Buddha Nagar,Energy,commercial,29.02,1,113.34,107.773,0,NORMAL
CMP-1892,Ahmedabad,Water,residential,25.84,4,79.61,56.387,0,NORMAL
CMP-1893,Sonnagar,Railways,residential,29.05,3,24.93,7.282,1,UNDER_VALUED
CMP-1894,Navsari,Energy,residential,43.98,8,48.71,54.281,0,NORMAL
CMP-1895,Thane,Aviation,agricultural,31.02,2,137.38,90.927,0,NORMAL
CMP-1896,Ahmedabad,Highways,agricultural,24.65,7,72.15,33.89,0,NORMAL
CMP-1897,Sonnagar,Aviation,agricultural,42.76,7,29.63,22.597,0,NORMAL
CMP-1898,Thane,Industrial,agricultural,33.86,8,107.8,78.048,0,NORMAL
CMP-1899,Hooghly,Aviation,residential,25.5,7,53.53,32.376,0,NORMAL
CMP-1900,Valsad,Industrial,agricultural,23.18,6,35.87,17.814,0,NORMAL
CMP-1901,Thane,Railways,agricultural,27.26,1,89.8,49.43,0,NORMAL
CMP-1902,Raigad,Water,agricultural,32.25,5,34.71,20.466,0,NORMAL
CMP-1903,Panna,Water,agricultural,9.88,7,29.97,5.673,0,NORMAL
CMP-1904,Surat,Aviation,agricultural,20.54,2,57.23,49.683,1,OVER_VALUED
CMP-1905,Surat,Industrial,commercial,3.45,2,57.36,7.011,0,NORMAL
CMP-1906,Palghar,Aviation,commercial,30.12,2,35.63,36.12,0,NORMAL
CMP-1907,Hooghly,Water,residential,31.28,3,52.69,37.561,0,NORMAL
CMP-1908,Panna,Water,agricultural,44.04,3,19.28,16.962,0,NORMAL
CMP-1909,Surat,Energy,commercial,35.93,7,84.51,92.711,0,NORMAL
CMP-1910,Panna,Water,agricultural,28.18,2,21.29,10.264,0,NORMAL
CMP-1911,Raigad,Highways,agricultural,13.6,5,59.08,16.483,0,NORMAL
CMP-1912,Thane,Railways,residential,18.67,4,134.23,72.369,0,NORMAL
CMP-1913,Ahmedabad,Highways,agricultural,28.75,7,60.03,38.553,0,NORMAL
CMP-1914,Gautam Buddha Nagar,Energy,residential,19.84,3,108.97,61.704,0,NORMAL
CMP-1915,Ahmedabad,Energy,commercial,31.7,3,110.65,117.9,0,NORMAL
CMP-1916,Sonnagar,Aviation,commercial,30.28,1,21.96,25.563,0,NORMAL
CMP-1917,Thane,Energy,commercial,11.53,1,112.15,43.001,0,NORMAL
CMP-1918,Hooghly,Water,commercial,2.14,8,41.76,3.616,0,NORMAL
CMP-1919,Panna,Energy,residential,0.68,6,23.53,0.442,0,NORMAL
CMP-1920,Thane,Energy,commercial,40.13,1,99.95,118.507,0,NORMAL
CMP-1921,Raigad,Railways,commercial,18.86,3,38.95,23.716,0,NORMAL
CMP-1922,Sonnagar,Energy,agricultural,32.21,6,22.71,14.691,0,NORMAL
CMP-1923,Navsari,Industrial,commercial,5.39,7,43.23,7.02,0,NORMAL
CMP-1924,Palghar,Aviation,agricultural,14.72,1,39.3,11.239,0,NORMAL
CMP-1925,Navsari,Water,commercial,39.83,3,43.42,67.291,0,NORMAL
CMP-1926,Thane,Energy,commercial,18.03,3,105.44,87.104,0,NORMAL
CMP-1927,Valsad,Energy,commercial,28.71,5,31.37,34.048,0,NORMAL
CMP-1928,Ahmedabad,Highways,commercial,6.09,7,82.09,19.483,0,NORMAL
CMP-1929,Ahmedabad,Railways,residential,7.34,3,58.61,10.606,0,NORMAL
CMP-1930,Palghar,Aviation,commercial,26.5,6,38.15,32.791,0,NORMAL
CMP-1931,Gautam Buddha Nagar,Highways,residential,29.18,8,63.51,46.471,0,NORMAL
CMP-1932,Palghar,Aviation,agricultural,20.39,5,28.5,11.521,0,NORMAL
CMP-1933,Palghar,Water,agricultural,12.9,2,47.85,11.492,0,NORMAL
CMP-1934,Raigad,Industrial,agricultural,28.32,1,52.08,31.595,0,NORMAL
CMP-1935,Dankuni,Energy,agricultural,27.78,7,40.62,20.887,0,NORMAL
CMP-1936,Gautam Buddha Nagar,Industrial,residential,17.33,6,84.06,37.709,0,NORMAL
CMP-1937,Thane,Energy,agricultural,25.05,7,86.52,48.699,0,NORMAL
CMP-1938,Navsari,Highways,agricultural,35.87,3,50.02,17.725,1,UNDER_VALUED
CMP-1939,Panna,Industrial,agricultural,23.01,6,19.3,8.656,0,NORMAL
CMP-1940,Valsad,Railways,residential,40.33,2,35.29,35.881,0,NORMAL
CMP-1941,Sonnagar,Water,agricultural,30.89,1,25.26,14.756,0,NORMAL
CMP-1942,Dankuni,Aviation,commercial,37.73,6,59.01,69.772,0,NORMAL
CMP-1943,Valsad,Highways,agricultural,42.72,2,27.56,24.826,0,NORMAL
CMP-1944,Thane,Water,residential,1.4,4,105.37,3.724,0,NORMAL
CMP-1945,Panna,Aviation,commercial,2.36,7,18.18,1.661,0,NORMAL
CMP-1946,Valsad,Water,commercial,37.89,1,41.18,50.183,0,NORMAL
CMP-1947,Valsad,Water,commercial,1.09,2,23.53,0.744,0,NORMAL
CMP-1948,Navsari,Water,commercial,20.42,7,45.07,34.188,0,NORMAL
CMP-1949,Panna,Energy,commercial,38.6,6,27.06,34.014,0,NORMAL
CMP-1950,Navsari,Industrial,residential,27.28,5,40.17,25.717,0,NORMAL
CMP-1951,Sonnagar,Aviation,residential,41.73,4,29.4,33.498,0,NORMAL
CMP-1952,Palghar,Water,agricultural,39.37,1,46.81,16.917,1,UNDER_VALUED
CMP-1953,Raigad,Railways,agricultural,31.45,8,49.34,35.541,0,NORMAL
CMP-1954,Dankuni,Highways,agricultural,41.11,3,46.27,40.975,0,NORMAL
CMP-1955,Palghar,Industrial,residential,7.32,4,33.41,6.369,0,NORMAL
CMP-1956,Raigad,Industrial,agricultural,8.76,4,63.51,12.731,0,NORMAL
CMP-1957,Surat,Industrial,agricultural,32.84,6,62.87,41.919,0,NORMAL
CMP-1958,Valsad,Highways,residential,7.23,4,31.02,5.172,0,NORMAL
CMP-1959,Panna,Industrial,commercial,39.28,6,25.74,67.102,1,OVER_VALUED
CMP-1960,Dankuni,Energy,commercial,22.74,5,47.64,38.934,0,NORMAL
CMP-1961,Gautam Buddha Nagar,Industrial,commercial,41.38,6,119.01,199.39,0,NORMAL
CMP-1962,Dankuni,Aviation,agricultural,43.18,7,43.05,33.202,0,NORMAL
CMP-1963,Sonnagar,Water,residential,10.13,8,29.48,6.971,0,NORMAL
CMP-1964,Gautam Buddha Nagar,Water,commercial,42.67,7,114.6,76.997,1,UNDER_VALUED
CMP-1965,Palghar,Railways,commercial,42.88,5,30.9,43.265,0,NORMAL
CMP-1966,Gautam Buddha Nagar,Railways,residential,33.43,5,71.24,67.0,0,NORMAL
CMP-1967,Hooghly,Aviation,residential,32.8,3,59.31,52.484,0,NORMAL
CMP-1968,Panna,Industrial,residential,24.98,5,25.23,14.991,0,NORMAL
CMP-1969,Gautam Buddha Nagar,Railways,agricultural,13.04,3,89.45,27.547,0,NORMAL
CMP-1970,Gautam Buddha Nagar,Highways,commercial,37.25,3,83.59,105.779,0,NORMAL
CMP-1971,Thane,Water,agricultural,10.14,8,95.83,18.652,0,NORMAL
CMP-1972,Dankuni,Railways,commercial,33.62,4,42.56,53.387,0,NORMAL
CMP-1973,Panna,Railways,agricultural,27.77,4,26.58,14.538,0,NORMAL
CMP-1974,Gautam Buddha Nagar,Water,agricultural,7.53,5,98.9,11.769,0,NORMAL
CMP-1975,Panna,Highways,agricultural,36.84,5,14.42,11.197,0,NORMAL
CMP-1976,Raigad,Water,residential,1.74,2,63.18,3.096,0,NORMAL
CMP-1977,Palghar,Highways,commercial,33.28,3,42.21,54.136,0,NORMAL
CMP-1978,Gautam Buddha Nagar,Energy,residential,5.88,2,96.03,13.939,0,NORMAL
CMP-1979,Valsad,Industrial,commercial,17.85,6,39.54,27.087,0,NORMAL
CMP-1980,Hooghly,Water,agricultural,37.99,6,36.99,34.462,0,NORMAL
CMP-1981,Gautam Buddha Nagar,Aviation,commercial,13.33,8,115.73,64.704,0,NORMAL
CMP-1982,Thane,Energy,agricultural,17.78,8,85.48,28.067,0,NORMAL
CMP-1983,Hooghly,Highways,agricultural,41.15,3,46.84,36.2,0,NORMAL
CMP-1984,Raigad,Railways,commercial,15.9,2,36.3,10.579,1,UNDER_VALUED
CMP-1985,Raigad,Aviation,commercial,33.68,5,36.37,47.05,0,NORMAL
CMP-1986,Dankuni,Water,residential,17.31,2,45.27,19.296,0,NORMAL
CMP-1987,Ahmedabad,Water,residential,19.57,2,82.57,47.445,0,NORMAL
CMP-1988,Valsad,Industrial,commercial,20.55,8,27.73,20.058,0,NORMAL
CMP-1989,Panna,Water,agricultural,16.57,4,21.61,7.013,0,NORMAL
CMP-1990,Palghar,Water,agricultural,30.57,7,45.69,30.364,0,NORMAL
CMP-1991,Thane,Water,residential,38.7,5,106.2,83.608,0,NORMAL
CMP-1992,Raigad,Highways,commercial,29.28,5,53.47,51.742,0,NORMAL
CMP-1993,Dankuni,Energy,agricultural,20.1,6,38.56,13.769,0,NORMAL
CMP-1994,Gautam Buddha Nagar,Aviation,commercial,7.85,5,61.72,18.963,0,NORMAL
CMP-1995,Hooghly,Energy,residential,7.59,5,44.62,7.54,0,NORMAL
CMP-1996,Thane,Water,agricultural,30.94,7,127.23,69.476,0,NORMAL
CMP-1997,Raigad,Water,commercial,28.08,3,39.69,41.848,0,NORMAL
CMP-1998,Navsari,Energy,commercial,19.33,4,41.03,25.532,0,NORMAL
CMP-1999,Valsad,Aviation,commercial,32.68,2,38.74,44.005,0,NORMAL
CMP-2000,Thane,Highways,residential,4.46,5,125.69,16.318,0,NORMAL
CMP-2001,Hooghly,Highways,agricultural,10.74,6,56.39,13.92,0,NORMAL
CMP-2002,Palghar,Water,residential,6.36,8,49.38,7.647,0,NORMAL
CMP-2003,Surat,Industrial,residential,30.6,7,47.86,35.059,0,NORMAL
CMP-2004,Sonnagar,Aviation,residential,18.97,5,21.11,9.013,0,NORMAL
CMP-2005,Raigad,Industrial,commercial,3.52,4,30.63,4.238,0,NORMAL
CMP-2006,Navsari,Energy,residential,41.16,7,50.67,51.2,0,NORMAL
CMP-2007,Hooghly,Energy,residential,25.78,2,55.69,32.233,0,NORMAL
CMP-2008,Thane,Industrial,commercial,9.23,7,115.22,12.622,1,UNDER_VALUED
CMP-2009,Palghar,Energy,residential,40.5,5,28.81,30.243,0,NORMAL
CMP-2010,Thane,Railways,commercial,33.31,7,101.81,122.357,0,NORMAL
CMP-2011,Ahmedabad,Highways,commercial,15.69,6,59.28,36.722,0,NORMAL
CMP-2012,Thane,Highways,commercial,22.08,6,116.83,81.72,0,NORMAL
CMP-2013,Ahmedabad,Water,commercial,38.68,3,74.38,197.602,1,OVER_VALUED
CMP-2014,Ahmedabad,Aviation,agricultural,18.21,2,72.29,26.147,0,NORMAL
CMP-2015,Surat,Industrial,agricultural,11.27,4,55.55,11.598,0,NORMAL
CMP-2016,Valsad,Aviation,commercial,19.58,3,44.71,25.633,0,NORMAL
CMP-2017,Thane,Highways,commercial,7.25,2,77.55,20.338,0,NORMAL
CMP-2018,Hooghly,Railways,commercial,43.66,8,33.81,51.743,0,NORMAL
CMP-2019,Valsad,Water,residential,2.5,6,30.04,2.111,0,NORMAL
CMP-2020,Navsari,Aviation,agricultural,43.1,6,30.67,27.199,0,NORMAL
CMP-2021,Valsad,Highways,agricultural,1.82,7,37.65,1.529,0,NORMAL
CMP-2022,Ahmedabad,Aviation,commercial,19.69,2,55.49,31.901,0,NORMAL
CMP-2023,Raigad,Industrial,agricultural,27.25,7,34.35,19.048,0,NORMAL
CMP-2024,Surat,Highways,agricultural,11.29,1,58.82,13.155,0,NORMAL
CMP-2025,Dankuni,Energy,commercial,21.83,7,39.2,28.801,0,NORMAL
CMP-2026,Raigad,Industrial,commercial,41.54,7,58.07,80.577,0,NORMAL
CMP-2027,Raigad,Aviation,commercial,32.14,3,39.56,47.461,0,NORMAL
CMP-2028,Panna,Water,commercial,35.12,3,20.22,23.943,0,NORMAL
CMP-2029,Raigad,Energy,residential,24.59,6,55.06,36.118,0,NORMAL
CMP-2030,Sonnagar,Aviation,residential,24.61,4,20.93,11.859,0,NORMAL
CMP-2031,Hooghly,Highways,residential,24.9,6,33.49,21.792,0,NORMAL
CMP-2032,Gautam Buddha Nagar,Highways,commercial,25.73,1,72.27,64.699,0,NORMAL
CMP-2033,Valsad,Water,commercial,1.15,3,43.67,1.965,0,NORMAL
CMP-2034,Surat,Industrial,residential,31.62,1,63.6,52.774,0,NORMAL
CMP-2035,Thane,Energy,commercial,42.65,3,76.57,109.713,0,NORMAL
CMP-2036,Palghar,Highways,residential,42.05,1,44.2,52.019,0,NORMAL
CMP-2037,Hooghly,Energy,residential,14.08,2,54.65,19.438,0,NORMAL
CMP-2038,Thane,Railways,commercial,41.87,4,68.77,92.717,0,NORMAL
CMP-2039,Valsad,Railways,residential,43.05,8,35.23,42.217,0,NORMAL
CMP-2040,Sonnagar,Industrial,agricultural,14.37,4,28.11,9.526,0,NORMAL
CMP-2041,Dankuni,Industrial,residential,17.38,1,64.91,26.218,0,NORMAL
CMP-2042,Hooghly,Energy,agricultural,3.43,6,55.11,3.753,0,NORMAL
CMP-2043,Palghar,Water,commercial,35.09,4,43.98,54.262,0,NORMAL
CMP-2044,Dankuni,Railways,commercial,40.63,6,59.15,103.366,0,NORMAL
CMP-2045,Surat,Industrial,residential,18.81,5,71.18,30.93,0,NORMAL
CMP-2046,Sonnagar,Highways,commercial,37.43,7,30.84,44.114,0,NORMAL
CMP-2047,Hooghly,Industrial,commercial,21.46,1,48.59,32.884,0,NORMAL
CMP-2048,Thane,Energy,commercial,31.65,3,129.87,154.737,0,NORMAL
CMP-2049,Navsari,Industrial,commercial,12.47,1,33.5,14.986,0,NORMAL
CMP-2050,Navsari,Energy,agricultural,20.53,6,35.71,14.639,0,NORMAL
CMP-2051,Dankuni,Railways,commercial,25.12,3,39.78,34.696,0,NORMAL
CMP-2052,Valsad,Energy,commercial,20.72,8,23.65,16.237,0,NORMAL
CMP-2053,Ahmedabad,Water,agricultural,7.47,5,116.5,18.392,0,NORMAL
CMP-2054,Gautam Buddha Nagar,Highways,residential,34.46,3,64.3,46.928,0,NORMAL
CMP-2055,Palghar,Industrial,agricultural,43.05,8,37.9,31.1,0,NORMAL
CMP-2056,Navsari,Highways,agricultural,29.99,7,47.1,29.211,0,NORMAL
CMP-2057,Gautam Buddha Nagar,Aviation,agricultural,27.58,6,125.54,63.964,0,NORMAL
CMP-2058,Surat,Water,agricultural,41.05,6,50.41,43.941,0,NORMAL
CMP-2059,Navsari,Highways,commercial,3.95,8,40.59,5.903,0,NORMAL
CMP-2060,Ahmedabad,Water,residential,23.97,2,72.02,43.7,0,NORMAL
CMP-2061,Gautam Buddha Nagar,Railways,commercial,15.44,7,112.18,77.174,0,NORMAL
CMP-2062,Gautam Buddha Nagar,Energy,agricultural,45.0,6,86.69,87.397,0,NORMAL
CMP-2063,Sonnagar,Railways,agricultural,17.08,3,20.24,6.197,0,NORMAL
CMP-2064,Ahmedabad,Water,agricultural,42.86,1,99.4,82.225,0,NORMAL
CMP-2065,Dankuni,Railways,agricultural,9.96,4,65.02,14.157,0,NORMAL
CMP-2066,Panna,Aviation,commercial,39.92,2,25.54,37.223,0,NORMAL
CMP-2067,Ahmedabad,Aviation,residential,23.13,5,96.22,58.548,0,NORMAL
CMP-2068,Hooghly,Railways,residential,8.75,5,34.13,7.334,0,NORMAL
CMP-2069,Ahmedabad,Aviation,agricultural,25.04,5,69.77,33.041,0,NORMAL
CMP-2070,Palghar,Industrial,residential,15.16,5,42.3,18.454,0,NORMAL
CMP-2071,Hooghly,Highways,agricultural,42.48,3,51.58,47.402,0,NORMAL
CMP-2072,Ahmedabad,Railways,commercial,32.35,2,59.64,67.782,0,NORMAL
CMP-2073,Dankuni,Aviation,commercial,22.1,2,59.44,40.121,0,NORMAL
CMP-2074,Panna,Industrial,commercial,35.67,6,15.95,23.581,0,NORMAL
CMP-2075,Gautam Buddha Nagar,Industrial,commercial,43.75,2,79.05,97.39,0,NORMAL
CMP-2076,Gautam Buddha Nagar,Water,commercial,3.82,4,119.83,15.826,0,NORMAL
CMP-2077,Panna,Industrial,agricultural,15.1,4,27.83,8.352,0,NORMAL
CMP-2078,Gautam Buddha Nagar,Energy,residential,39.55,3,127.74,119.619,0,NORMAL
CMP-2079,Sonnagar,Energy,residential,2.9,2,34.54,2.631,0,NORMAL
CMP-2080,Valsad,Highways,commercial,29.06,6,32.43,17.998,1,UNDER_VALUED
CMP-2081,Thane,Industrial,agricultural,5.13,6,92.91,9.192,0,NORMAL
CMP-2082,Ahmedabad,Railways,commercial,19.64,4,80.05,52.68,0,NORMAL
CMP-2083,Valsad,Aviation,agricultural,26.38,7,35.27,18.403,0,NORMAL
CMP-2084,Thane,Railways,agricultural,4.91,3,110.68,7.194,1,UNDER_VALUED
CMP-2085,Gautam Buddha Nagar,Energy,residential,32.13,1,77.53,65.96,0,NORMAL
CMP-2086,Raigad,Highways,agricultural,16.64,2,34.92,10.916,0,NORMAL
CMP-2087,Gautam Buddha Nagar,Railways,commercial,37.95,5,115.71,139.2,0,NORMAL
CMP-2088,Gautam Buddha Nagar,Railways,agricultural,29.76,2,96.75,63.685,0,NORMAL
CMP-2089,Thane,Energy,commercial,44.6,3,96.27,166.115,0,NORMAL
CMP-2090,Valsad,Highways,residential,17.55,1,25.2,11.951,0,NORMAL
CMP-2091,Thane,Highways,commercial,9.04,8,74.12,25.886,0,NORMAL
CMP-2092,Sonnagar,Railways,commercial,43.58,8,25.65,34.672,0,NORMAL
CMP-2093,Ahmedabad,Energy,commercial,13.32,3,114.9,43.802,0,NORMAL
CMP-2094,Sonnagar,Highways,agricultural,20.46,6,30.02,12.812,0,NORMAL
CMP-2095,Raigad,Railways,agricultural,23.49,3,61.5,33.181,0,NORMAL
CMP-2096,Thane,Railways,commercial,8.58,5,101.69,28.575,0,NORMAL
CMP-2097,Hooghly,Water,agricultural,14.3,3,58.02,16.517,0,NORMAL
CMP-2098,Ahmedabad,Water,residential,31.81,6,96.47,71.062,0,NORMAL
CMP-2099,Hooghly,Energy,residential,7.16,8,55.85,9.054,0,NORMAL
CMP-2100,Navsari,Aviation,agricultural,40.97,2,31.41,27.175,0,NORMAL
CMP-2101,Gautam Buddha Nagar,Industrial,residential,18.01,4,116.45,54.011,0,NORMAL
CMP-2102,Gautam Buddha Nagar,Water,commercial,30.88,2,68.41,74.722,0,NORMAL
CMP-2103,Thane,Railways,residential,23.07,4,71.49,42.717,0,NORMAL
CMP-2104,Thane,Highways,residential,38.44,1,119.2,54.717,1,UNDER_VALUED
CMP-2105,Panna,Highways,commercial,26.02,7,29.4,23.712,0,NORMAL
CMP-2106,Sonnagar,Highways,commercial,10.67,1,19.01,6.125,0,NORMAL
CMP-2107,Ahmedabad,Industrial,commercial,38.41,4,116.73,137.613,0,NORMAL
CMP-2108,Palghar,Railways,residential,7.8,4,44.68,10.744,0,NORMAL
CMP-2109,Surat,Highways,residential,30.3,5,63.09,42.92,0,NORMAL
CMP-2110,Valsad,Aviation,agricultural,12.77,5,45.48,12.007,0,NORMAL
CMP-2111,Surat,Railways,commercial,4.74,1,59.59,10.524,0,NORMAL
CMP-2112,Surat,Energy,commercial,38.89,5,52.32,72.515,0,NORMAL
CMP-2113,Sonnagar,Highways,agricultural,3.87,8,29.5,2.23,0,NORMAL
CMP-2114,Sonnagar,Railways,commercial,43.4,5,31.77,45.95,0,NORMAL
CMP-2115,Surat,Energy,residential,23.38,2,70.59,48.123,0,NORMAL
CMP-2116,Palghar,Railways,residential,18.5,2,36.43,18.326,0,NORMAL
CMP-2117,Thane,Energy,residential,19.22,6,128.95,65.188,0,NORMAL
CMP-2118,Navsari,Railways,agricultural,19.12,4,47.98,19.843,0,NORMAL
CMP-2119,Thane,Water,agricultural,9.87,4,117.21,12.417,1,UNDER_VALUED
CMP-2120,Valsad,Aviation,residential,23.76,3,27.47,17.404,0,NORMAL
CMP-2121,Hooghly,Energy,residential,22.6,1,50.43,29.257,0,NORMAL
CMP-2122,Gautam Buddha Nagar,Railways,commercial,23.46,2,93.64,91.79,0,NORMAL
CMP-2123,Surat,Water,residential,9.28,7,83.26,20.268,0,NORMAL
CMP-2124,Dankuni,Water,commercial,29.41,4,53.97,55.653,0,NORMAL
CMP-2125,Valsad,Energy,commercial,37.64,3,44.38,58.439,0,NORMAL
CMP-2126,Valsad,Industrial,residential,6.47,4,29.14,6.466,1,OVER_VALUED
CMP-2127,Panna,Water,commercial,37.94,7,26.19,36.231,0,NORMAL
CMP-2128,Sonnagar,Water,residential,28.26,8,26.46,16.4,0,NORMAL
CMP-2129,Hooghly,Highways,commercial,33.68,1,35.22,36.261,0,NORMAL
CMP-2130,Dankuni,Aviation,agricultural,11.55,2,43.93,8.937,0,NORMAL
CMP-2131,Ahmedabad,Aviation,agricultural,40.02,6,79.3,66.658,0,NORMAL
CMP-2132,Raigad,Energy,commercial,27.02,2,33.02,16.847,1,UNDER_VALUED
CMP-2133,Panna,Highways,residential,8.22,3,27.28,6.144,0,NORMAL
CMP-2134,Thane,Highways,commercial,42.35,1,102.82,131.335,0,NORMAL
CMP-2135,Hooghly,Highways,commercial,22.31,7,41.79,39.421,0,NORMAL
CMP-2136,Dankuni,Highways,residential,31.93,2,55.53,47.851,0,NORMAL
CMP-2137,Panna,Aviation,commercial,7.4,8,14.74,3.414,0,NORMAL
CMP-2138,Hooghly,Railways,agricultural,37.98,6,58.7,41.268,0,NORMAL
CMP-2139,Surat,Water,agricultural,1.73,2,76.4,2.702,0,NORMAL
CMP-2140,Palghar,Energy,agricultural,20.7,7,40.71,16.545,0,NORMAL
CMP-2141,Dankuni,Water,residential,38.55,4,48.75,49.399,0,NORMAL
CMP-2142,Hooghly,Highways,commercial,18.56,6,56.58,30.854,0,NORMAL
CMP-2143,Surat,Railways,residential,35.95,6,68.24,51.855,0,NORMAL
CMP-2144,Surat,Energy,agricultural,6.52,7,69.41,20.814,1,OVER_VALUED
CMP-2145,Palghar,Water,agricultural,14.71,6,29.55,8.984,0,NORMAL
CMP-2146,Hooghly,Industrial,agricultural,25.27,5,56.04,33.171,0,NORMAL
CMP-2147,Surat,Aviation,commercial,23.85,3,79.51,55.939,0,NORMAL
CMP-2148,Hooghly,Highways,agricultural,34.56,5,39.05,32.272,0,NORMAL
CMP-2149,Valsad,Energy,agricultural,42.19,2,30.68,26.287,0,NORMAL
CMP-2150,Gautam Buddha Nagar,Railways,residential,22.39,8,122.0,74.219,0,NORMAL
CMP-2151,Gautam Buddha Nagar,Water,agricultural,41.35,8,119.96,105.184,0,NORMAL
CMP-2152,Palghar,Highways,agricultural,27.36,3,25.94,14.745,0,NORMAL
CMP-2153,Hooghly,Aviation,residential,37.97,3,40.71,37.316,0,NORMAL
CMP-2154,Gautam Buddha Nagar,Aviation,residential,18.36,6,86.6,37.877,0,NORMAL
CMP-2155,Navsari,Highways,commercial,36.53,2,32.63,43.915,0,NORMAL
CMP-2156,Surat,Railways,residential,34.82,2,69.08,60.545,0,NORMAL
CMP-2157,Valsad,Energy,agricultural,40.05,7,44.98,32.237,0,NORMAL
CMP-2158,Hooghly,Industrial,residential,25.68,5,36.17,22.165,0,NORMAL
CMP-2159,Thane,Railways,agricultural,2.65,6,115.47,6.769,0,NORMAL
CMP-2160,Gautam Buddha Nagar,Highways,residential,19.03,1,125.96,62.595,0,NORMAL
CMP-2161,Ahmedabad,Energy,commercial,7.27,4,64.44,17.926,0,NORMAL
CMP-2162,Sonnagar,Industrial,agricultural,15.17,7,25.35,7.653,0,NORMAL
CMP-2163,Surat,Water,commercial,22.88,2,63.41,54.406,0,NORMAL
CMP-2164,Valsad,Railways,commercial,6.07,3,31.65,6.223,0,NORMAL
CMP-2165,Hooghly,Industrial,commercial,18.23,8,42.13,27.469,0,NORMAL
CMP-2166,Gautam Buddha Nagar,Railways,agricultural,35.88,4,127.26,89.049,0,NORMAL
CMP-2167,Sonnagar,Aviation,commercial,25.39,8,19.11,16.081,0,NORMAL
CMP-2168,Valsad,Energy,commercial,26.8,1,31.74,31.962,0,NORMAL
CMP-2169,Valsad,Water,commercial,43.67,5,29.21,50.725,0,NORMAL
CMP-2170,Palghar,Industrial,commercial,17.51,3,48.52,27.19,0,NORMAL
CMP-2171,Valsad,Aviation,residential,32.68,4,37.06,32.277,0,NORMAL
CMP-2172,Ahmedabad,Water,residential,5.5,3,93.11,13.407,0,NORMAL
CMP-2173,Panna,Energy,commercial,11.58,8,17.93,8.254,0,NORMAL
CMP-2174,Ahmedabad,Water,residential,14.92,6,107.85,44.14,0,NORMAL
CMP-2175,Dankuni,Water,residential,39.83,4,39.62,35.578,0,NORMAL
CMP-2176,Hooghly,Aviation,residential,20.76,5,50.29,26.088,0,NORMAL
CMP-2177,Raigad,Industrial,commercial,25.17,8,32.66,28.471,0,NORMAL
CMP-2178,Raigad,Water,residential,1.14,6,41.04,1.23,0,NORMAL
CMP-2179,Palghar,Railways,commercial,5.43,4,33.23,7.127,0,NORMAL
CMP-2180,Raigad,Railways,commercial,2.82,5,30.17,2.67,0,NORMAL
CMP-2181,Hooghly,Energy,agricultural,8.18,3,45.03,7.247,0,NORMAL
CMP-2182,Navsari,Railways,agricultural,4.25,2,41.07,3.222,0,NORMAL
CMP-2183,Navsari,Railways,commercial,40.97,4,30.33,45.777,0,NORMAL
CMP-2184,Navsari,Railways,commercial,20.18,5,37.07,27.673,0,NORMAL
CMP-2185,Thane,Highways,agricultural,31.11,1,99.23,66.842,0,NORMAL
CMP-2186,Surat,Water,commercial,23.23,2,68.95,56.985,0,NORMAL
CMP-2187,Surat,Railways,residential,20.27,8,74.69,44.476,0,NORMAL
CMP-2188,Panna,Water,commercial,18.78,5,19.85,13.559,0,NORMAL
CMP-2189,Palghar,Energy,agricultural,32.88,4,44.72,26.985,0,NORMAL
CMP-2190,Navsari,Railways,commercial,25.7,8,38.32,35.328,0,NORMAL
CMP-2191,Sonnagar,Energy,residential,38.78,3,29.36,29.427,0,NORMAL
CMP-2192,Dankuni,Energy,agricultural,11.73,3,40.96,8.388,0,NORMAL
CMP-2193,Palghar,Industrial,commercial,31.72,2,42.72,42.053,0,NORMAL
CMP-2194,Raigad,Industrial,agricultural,17.47,2,59.88,19.661,0,NORMAL
CMP-2195,Thane,Aviation,agricultural,31.53,7,134.44,88.428,0,NORMAL
CMP-2196,Dankuni,Aviation,commercial,18.74,7,56.13,41.38,0,NORMAL
CMP-2197,Gautam Buddha Nagar,Highways,residential,30.44,5,82.76,62.548,0,NORMAL
CMP-2198,Thane,Highways,commercial,41.59,5,76.8,110.708,0,NORMAL
CMP-2199,Valsad,Industrial,agricultural,10.54,4,44.56,10.242,0,NORMAL
CMP-2200,Surat,Highways,agricultural,0.93,3,54.02,1.077,0,NORMAL
CMP-2201,Thane,Aviation,residential,23.3,1,125.89,56.834,0,NORMAL
CMP-2202,Panna,Railways,residential,39.26,3,29.49,28.906,0,NORMAL
CMP-2203,Valsad,Railways,residential,28.15,8,23.37,18.615,0,NORMAL
CMP-2204,Hooghly,Railways,residential,40.8,7,40.34,64.809,1,OVER_VALUED
CMP-2205,Thane,Energy,residential,29.99,8,94.31,56.706,0,NORMAL
CMP-2206,Ahmedabad,Railways,commercial,1.54,6,114.5,5.761,0,NORMAL
CMP-2207,Ahmedabad,Industrial,commercial,41.85,5,65.62,95.656,0,NORMAL
CMP-2208,Surat,Highways,residential,12.38,6,79.11,28.875,0,NORMAL
CMP-2209,Raigad,Railways,agricultural,14.3,4,36.75,3.981,1,UNDER_VALUED
CMP-2210,Valsad,Aviation,agricultural,42.22,4,26.49,21.162,0,NORMAL
CMP-2211,Dankuni,Energy,residential,32.67,7,46.04,35.881,0,NORMAL
CMP-2212,Raigad,Industrial,agricultural,17.76,7,41.43,14.584,0,NORMAL
CMP-2213,Dankuni,Highways,residential,17.74,3,61.79,27.464,0,NORMAL
CMP-2214,Gautam Buddha Nagar,Water,residential,43.12,6,91.8,94.512,0,NORMAL
CMP-2215,Hooghly,Energy,commercial,36.39,8,51.49,65.858,0,NORMAL
CMP-2216,Ahmedabad,Energy,agricultural,41.41,8,118.51,108.168,0,NORMAL
CMP-2217,Sonnagar,Highways,agricultural,9.82,1,20.55,4.286,0,NORMAL
CMP-2218,Thane,Industrial,agricultural,21.08,4,122.24,52.31,0,NORMAL
CMP-2219,Surat,Industrial,residential,4.82,3,69.75,9.138,0,NORMAL
CMP-2220,Surat,Industrial,residential,9.56,3,58.64,13.359,0,NORMAL
CMP-2221,Gautam Buddha Nagar,Energy,residential,2.15,3,105.53,4.823,0,NORMAL
CMP-2222,Sonnagar,Highways,agricultural,15.28,7,29.43,10.651,0,NORMAL
CMP-2223,Surat,Energy,agricultural,20.63,8,78.63,29.029,0,NORMAL
CMP-2224,Panna,Water,agricultural,4.56,8,28.11,2.8,0,NORMAL
CMP-2225,Panna,Industrial,commercial,7.5,4,15.72,4.761,0,NORMAL
CMP-2226,Ahmedabad,Highways,residential,36.77,6,95.16,98.415,0,NORMAL
CMP-2227,Ahmedabad,Aviation,residential,12.15,8,82.49,24.754,0,NORMAL
CMP-2228,Sonnagar,Industrial,agricultural,14.85,5,27.06,8.426,0,NORMAL
CMP-2229,Hooghly,Water,commercial,25.56,3,37.81,34.733,0,NORMAL
CMP-2230,Valsad,Aviation,commercial,42.67,3,41.85,53.192,0,NORMAL
CMP-2231,Hooghly,Highways,residential,3.61,2,58.09,5.68,0,NORMAL
CMP-2232,Hooghly,Railways,residential,43.57,4,35.47,34.445,0,NORMAL
CMP-2233,Surat,Industrial,residential,37.33,8,84.24,75.791,0,NORMAL
CMP-2234,Hooghly,Industrial,residential,6.98,8,33.29,6.716,0,NORMAL
CMP-2235,Sonnagar,Railways,agricultural,42.26,8,21.61,18.647,0,NORMAL
CMP-2236,Hooghly,Railways,commercial,20.71,6,49.72,34.074,0,NORMAL
CMP-2237,Ahmedabad,Highways,residential,9.81,5,117.1,28.0,0,NORMAL
CMP-2238,Sonnagar,Energy,agricultural,43.16,2,34.62,27.312,0,NORMAL
CMP-2239,Palghar,Industrial,agricultural,10.72,8,26.93,5.681,0,NORMAL
CMP-2240,Hooghly,Water,residential,31.69,6,48.65,36.678,0,NORMAL
CMP-2241,Navsari,Railways,commercial,11.33,7,48.37,21.156,0,NORMAL
CMP-2242,Valsad,Highways,agricultural,37.8,4,39.42,28.683,0,NORMAL
CMP-2243,Sonnagar,Aviation,agricultural,26.98,8,29.47,16.599,0,NORMAL
CMP-2244,Surat,Highways,residential,37.97,1,81.65,82.183,0,NORMAL
CMP-2245,Thane,Aviation,agricultural,36.39,3,107.29,82.132,0,NORMAL
CMP-2246,Hooghly,Railways,agricultural,38.24,2,57.43,45.56,0,NORMAL
CMP-2247,Navsari,Railways,agricultural,3.77,5,28.21,2.243,0,NORMAL
CMP-2248,Valsad,Aviation,agricultural,29.84,4,38.36,25.219,0,NORMAL
CMP-2249,Palghar,Highways,commercial,24.48,5,48.28,45.305,0,NORMAL
CMP-2250,Sonnagar,Industrial,agricultural,10.98,8,21.64,4.69,0,NORMAL
CMP-2251,Panna,Railways,residential,23.19,5,28.56,17.118,0,NORMAL
CMP-2252,Panna,Highways,residential,16.34,8,28.21,11.513,0,NORMAL
CMP-2253,Thane,Energy,agricultural,25.76,6,116.15,62.22,0,NORMAL
CMP-2254,Gautam Buddha Nagar,Energy,agricultural,32.89,5,105.54,71.468,0,NORMAL
CMP-2255,Sonnagar,Energy,residential,24.02,3,27.18,17.626,0,NORMAL
CMP-2256,Panna,Industrial,residential,37.41,7,28.26,26.946,0,NORMAL
CMP-2257,Valsad,Industrial,commercial,5.66,6,24.59,4.721,0,NORMAL
CMP-2258,Palghar,Highways,agricultural,9.29,2,39.56,6.671,0,NORMAL
CMP-2259,Thane,Aviation,commercial,38.28,1,129.37,191.957,0,NORMAL
CMP-2260,Raigad,Water,commercial,35.18,4,45.68,57.035,0,NORMAL
CMP-2261,Palghar,Water,commercial,25.19,6,37.68,34.76,0,NORMAL
CMP-2262,Ahmedabad,Industrial,agricultural,44.91,2,91.09,77.984,0,NORMAL
CMP-2263,Raigad,Aviation,residential,29.18,2,52.28,37.314,0,NORMAL
CMP-2264,Ahmedabad,Highways,residential,11.87,3,72.18,20.004,0,NORMAL
CMP-2265,Dankuni,Railways,commercial,4.97,7,63.25,10.82,0,NORMAL
CMP-2266,Dankuni,Railways,agricultural,23.17,8,41.03,15.854,0,NORMAL
CMP-2267,Ahmedabad,Highways,agricultural,40.57,8,119.63,95.849,0,NORMAL
CMP-2268,Navsari,Aviation,commercial,30.66,3,40.5,32.153,0,NORMAL
CMP-2269,Raigad,Aviation,residential,20.7,2,39.45,21.621,0,NORMAL
CMP-2270,Valsad,Water,agricultural,25.37,7,32.33,14.57,0,NORMAL
CMP-2271,Raigad,Energy,commercial,20.08,8,43.2,38.052,0,NORMAL
CMP-2272,Surat,Railways,residential,32.24,5,56.65,41.255,0,NORMAL
CMP-2273,Thane,Railways,agricultural,42.63,5,106.16,99.769,0,NORMAL
CMP-2274,Hooghly,Energy,agricultural,35.62,5,53.33,37.13,0,NORMAL
CMP-2275,Gautam Buddha Nagar,Water,residential,21.59,2,106.9,65.37,0,NORMAL
CMP-2276,Panna,Highways,agricultural,33.04,5,22.45,16.383,0,NORMAL
CMP-2277,Surat,Railways,residential,12.24,1,47.64,16.567,0,NORMAL
CMP-2278,Palghar,Railways,residential,25.84,5,38.89,23.598,0,NORMAL
CMP-2279,Sonnagar,Water,agricultural,3.72,1,22.26,1.517,0,NORMAL
CMP-2280,Palghar,Water,agricultural,40.57,2,26.12,23.754,0,NORMAL
CMP-2281,Sonnagar,Highways,commercial,17.73,7,35.49,21.092,0,NORMAL
CMP-2282,Sonnagar,Energy,commercial,33.02,8,24.9,28.692,0,NORMAL
CMP-2283,Sonnagar,Railways,residential,1.95,7,34.77,1.561,0,NORMAL
CMP-2284,Valsad,Railways,residential,42.55,7,42.69,43.799,0,NORMAL
CMP-2285,Gautam Buddha Nagar,Aviation,agricultural,41.05,5,96.61,81.661,0,NORMAL
CMP-2286,Ahmedabad,Water,agricultural,20.5,5,99.99,44.02,0,NORMAL
CMP-2287,Valsad,Energy,agricultural,34.72,6,37.43,23.571,0,NORMAL
CMP-2288,Valsad,Industrial,commercial,7.54,1,41.82,11.063,0,NORMAL
CMP-2289,Hooghly,Aviation,residential,39.12,1,47.7,39.847,0,NORMAL
CMP-2290,Palghar,Energy,agricultural,43.79,3,41.17,36.216,0,NORMAL
CMP-2291,Sonnagar,Water,residential,22.76,1,30.13,17.447,0,NORMAL
CMP-2292,Panna,Water,agricultural,40.16,7,25.49,20.061,0,NORMAL
CMP-2293,Panna,Highways,commercial,3.66,5,22.45,3.167,0,NORMAL
CMP-2294,Navsari,Water,agricultural,9.37,8,41.15,8.259,0,NORMAL
CMP-2295,Surat,Highways,commercial,9.43,5,72.81,29.521,0,NORMAL
CMP-2296,Panna,Energy,commercial,44.54,2,25.1,35.243,0,NORMAL
CMP-2297,Surat,Railways,commercial,26.97,7,71.58,75.861,0,NORMAL
CMP-2298,Gautam Buddha Nagar,Aviation,residential,10.25,2,114.38,31.957,0,NORMAL
CMP-2299,Panna,Industrial,residential,36.92,2,23.14,22.284,0,NORMAL
CMP-2300,Navsari,Highways,commercial,18.08,5,31.36,18.623,0,NORMAL
CMP-2301,Panna,Water,residential,26.72,7,15.27,10.721,0,NORMAL
CMP-2302,Navsari,Water,agricultural,31.4,5,28.87,17.093,0,NORMAL
CMP-2303,Navsari,Railways,agricultural,43.89,3,33.7,30.186,0,NORMAL
CMP-2304,Raigad,Industrial,residential,20.8,3,34.35,17.225,0,NORMAL
CMP-2305,Surat,Industrial,agricultural,35.88,8,54.08,38.132,0,NORMAL
CMP-2306,Surat,Railways,residential,35.53,5,75.14,65.781,0,NORMAL
CMP-2307,Panna,Aviation,residential,26.87,7,18.25,13.437,0,NORMAL
CMP-2308,Dankuni,Highways,residential,5.17,2,65.2,8.006,0,NORMAL
CMP-2309,Panna,Industrial,agricultural,28.36,4,18.4,10.427,0,NORMAL
CMP-2310,Navsari,Energy,residential,17.02,2,42.13,18.171,0,NORMAL
CMP-2311,Ahmedabad,Railways,commercial,43.2,6,55.1,74.51,0,NORMAL
CMP-2312,Ahmedabad,Industrial,commercial,5.36,1,88.1,16.128,0,NORMAL
CMP-2313,Palghar,Highways,agricultural,32.51,8,36.05,25.706,0,NORMAL
CMP-2314,Sonnagar,Highways,commercial,15.23,6,25.13,15.111,0,NORMAL
CMP-2315,Hooghly,Water,agricultural,38.75,1,39.78,33.065,0,NORMAL
CMP-2316,Navsari,Railways,commercial,25.42,5,41.54,33.773,0,NORMAL
CMP-2317,Navsari,Energy,residential,7.55,8,29.79,6.287,0,NORMAL
CMP-2318,Hooghly,Highways,residential,3.65,3,36.29,3.766,0,NORMAL
CMP-2319,Hooghly,Water,agricultural,9.92,8,33.2,9.321,1,OVER_VALUED
CMP-2320,Thane,Water,commercial,40.85,1,69.88,89.63,0,NORMAL
CMP-2321,Thane,Water,commercial,15.79,3,74.45,47.507,0,NORMAL
CMP-2322,Hooghly,Industrial,agricultural,30.22,1,51.49,35.094,0,NORMAL
CMP-2323,Panna,Railways,residential,33.41,8,28.28,20.87,0,NORMAL
CMP-2324,Dankuni,Aviation,residential,41.93,7,65.26,68.474,0,NORMAL
CMP-2325,Ahmedabad,Aviation,commercial,23.7,8,117.39,85.792,0,NORMAL
CMP-2326,Raigad,Highways,residential,38.13,5,64.43,61.072,0,NORMAL
CMP-2327,Panna,Industrial,residential,3.17,4,28.24,2.407,0,NORMAL
CMP-2328,Panna,Highways,residential,35.96,3,14.41,14.058,0,NORMAL
CMP-2329,Sonnagar,Energy,residential,16.0,8,27.78,10.94,0,NORMAL
CMP-2330,Hooghly,Railways,agricultural,8.87,8,48.64,9.635,0,NORMAL
CMP-2331,Dankuni,Highways,agricultural,38.59,8,52.21,41.99,0,NORMAL
CMP-2332,Surat,Industrial,commercial,18.73,1,68.21,49.373,0,NORMAL
CMP-2333,Hooghly,Water,commercial,38.85,6,59.4,71.187,0,NORMAL
CMP-2334,Dankuni,Industrial,commercial,22.6,6,56.02,42.599,0,NORMAL
CMP-2335,Dankuni,Water,commercial,23.99,8,42.29,78.055,1,OVER_VALUED
CMP-2336,Gautam Buddha Nagar,Industrial,residential,13.39,3,121.57,46.592,0,NORMAL
CMP-2337,Surat,Water,agricultural,12.01,7,48.84,10.986,0,NORMAL
CMP-2338,Ahmedabad,Aviation,agricultural,39.17,8,80.45,55.535,0,NORMAL
CMP-2339,Surat,Water,commercial,19.93,3,83.57,55.811,0,NORMAL
CMP-2340,Ahmedabad,Energy,commercial,35.7,7,86.41,100.724,0,NORMAL
CMP-2341,Surat,Aviation,commercial,27.69,1,83.99,83.145,0,NORMAL
CMP-2342,Palghar,Industrial,commercial,24.43,3,31.19,23.966,0,NORMAL
CMP-2343,Palghar,Industrial,agricultural,38.17,2,43.31,33.712,0,NORMAL
CMP-2344,Surat,Aviation,residential,40.77,1,57.37,61.018,0,NORMAL
CMP-2345,Ahmedabad,Energy,agricultural,28.41,2,72.84,40.151,0,NORMAL
CMP-2346,Dankuni,Energy,residential,12.76,2,54.74,18.517,0,NORMAL
CMP-2347,Hooghly,Highways,agricultural,6.37,2,59.05,7.603,0,NORMAL
CMP-2348,Gautam Buddha Nagar,Energy,residential,29.57,1,62.77,48.398,0,NORMAL
CMP-2349,Panna,Aviation,agricultural,16.73,2,21.81,6.995,0,NORMAL
CMP-2350,Palghar,Highways,commercial,17.62,3,44.05,24.057,0,NORMAL
CMP-2351,Hooghly,Energy,residential,9.81,2,36.76,8.766,0,NORMAL
CMP-2352,Palghar,Energy,commercial,44.44,5,47.97,112.507,1,OVER_VALUED
CMP-2353,Valsad,Highways,residential,44.05,6,29.66,29.227,0,NORMAL
CMP-2354,Valsad,Water,commercial,44.78,4,30.65,43.965,0,NORMAL
CMP-2355,Palghar,Aviation,commercial,6.33,8,25.01,5.063,0,NORMAL
CMP-2356,Panna,Aviation,commercial,27.28,3,17.54,17.747,0,NORMAL
CMP-2357,Gautam Buddha Nagar,Aviation,commercial,8.61,8,126.21,39.115,0,NORMAL
CMP-2358,Thane,Railways,commercial,5.3,8,97.27,17.105,0,NORMAL
CMP-2359,Ahmedabad,Energy,agricultural,26.88,2,84.31,44.185,0,NORMAL
CMP-2360,Dankuni,Highways,commercial,5.09,4,66.23,5.753,1,UNDER_VALUED
CMP-2361,Thane,Railways,residential,37.47,7,124.41,100.723,0,NORMAL
CMP-2362,Dankuni,Highways,agricultural,26.23,7,41.49,21.899,0,NORMAL
CMP-2363,Navsari,Water,agricultural,40.5,6,44.87,32.588,0,NORMAL
CMP-2364,Raigad,Industrial,commercial,17.35,4,45.49,26.706,0,NORMAL
CMP-2365,Hooghly,Energy,residential,14.47,1,52.72,17.709,0,NORMAL
CMP-2366,Dankuni,Highways,commercial,8.01,2,65.83,16.329,0,NORMAL
CMP-2367,Panna,Energy,agricultural,22.71,1,20.56,10.031,0,NORMAL
CMP-2368,Hooghly,Highways,residential,2.97,1,47.18,3.434,0,NORMAL
CMP-2369,Surat,Highways,commercial,7.47,1,70.88,17.77,0,NORMAL
CMP-2370,Valsad,Highways,residential,8.96,1,42.87,8.856,0,NORMAL
CMP-2371,Palghar,Aviation,agricultural,16.59,1,27.3,9.526,0,NORMAL
CMP-2372,Raigad,Highways,commercial,10.19,4,60.64,19.473,0,NORMAL
CMP-2373,Sonnagar,Industrial,commercial,19.71,8,28.92,19.65,0,NORMAL
CMP-2374,Sonnagar,Energy,commercial,17.24,7,24.03,13.471,0,NORMAL
CMP-2375,Dankuni,Industrial,commercial,9.91,1,64.78,21.631,0,NORMAL
CMP-2376,Ahmedabad,Industrial,agricultural,35.98,2,73.52,54.539,0,NORMAL
CMP-2377,Navsari,Railways,agricultural,14.64,1,45.77,13.613,0,NORMAL
CMP-2378,Raigad,Aviation,commercial,4.13,5,64.69,9.182,0,NORMAL
CMP-2379,Palghar,Industrial,residential,33.43,2,29.84,23.042,0,NORMAL
CMP-2380,Sonnagar,Railways,agricultural,7.36,5,25.33,3.773,0,NORMAL
CMP-2381,Raigad,Aviation,residential,9.6,5,46.91,10.064,0,NORMAL
CMP-2382,Palghar,Highways,residential,30.51,7,25.1,20.165,0,NORMAL
CMP-2383,Surat,Industrial,agricultural,43.63,6,65.62,53.36,0,NORMAL
CMP-2384,Navsari,Railways,commercial,23.76,1,50.08,43.635,0,NORMAL
CMP-2385,Panna,Aviation,agricultural,6.9,4,14.66,2.138,0,NORMAL
CMP-2386,Navsari,Industrial,commercial,33.09,3,29.62,29.556,0,NORMAL
CMP-2387,Hooghly,Energy,agricultural,10.32,5,55.25,11.949,0,NORMAL
CMP-2388,Raigad,Energy,agricultural,17.11,7,64.64,23.108,0,NORMAL
CMP-2389,Sonnagar,Railways,commercial,34.29,1,19.89,23.181,0,NORMAL
CMP-2390,Palghar,Industrial,commercial,35.06,3,46.46,54.359,0,NORMAL
CMP-2391,Raigad,Energy,residential,20.07,2,38.79,18.898,0,NORMAL
CMP-2392,Palghar,Railways,residential,28.93,6,49.44,31.465,0,NORMAL
CMP-2393,Ahmedabad,Highways,agricultural,30.26,4,55.69,37.471,0,NORMAL
CMP-2394,Navsari,Highways,agricultural,31.21,6,43.77,28.01,0,NORMAL
CMP-2395,Hooghly,Industrial,agricultural,27.43,1,59.57,32.739,0,NORMAL
CMP-2396,Palghar,Railways,agricultural,33.03,7,29.33,19.813,0,NORMAL
CMP-2397,Dankuni,Industrial,agricultural,2.08,4,62.43,2.463,0,NORMAL
CMP-2398,Thane,Aviation,residential,21.15,3,80.27,41.416,0,NORMAL
CMP-2399,Palghar,Energy,commercial,38.67,1,33.98,44.98,0,NORMAL
CMP-2400,Gautam Buddha Nagar,Water,residential,28.56,8,121.99,105.125,0,NORMAL
CMP-2401,Dankuni,Energy,commercial,42.27,2,38.02,56.993,0,NORMAL
CMP-2402,Palghar,Industrial,agricultural,9.61,3,31.54,6.737,0,NORMAL
CMP-2403,Thane,Industrial,commercial,35.01,4,136.25,129.362,0,NORMAL
CMP-2404,Raigad,Water,agricultural,34.62,7,56.47,34.258,0,NORMAL
CMP-2405,Dankuni,Industrial,residential,37.8,5,63.06,56.58,0,NORMAL
CMP-2406,Valsad,Energy,residential,26.47,2,43.18,26.279,0,NORMAL
CMP-2407,Surat,Aviation,agricultural,34.17,3,59.65,46.131,0,NORMAL
CMP-2408,Valsad,Energy,residential,11.3,7,36.31,10.157,0,NORMAL
CMP-2409,Ahmedabad,Railways,agricultural,39.24,1,86.68,72.226,0,NORMAL
CMP-2410,Surat,Energy,residential,7.96,4,61.61,12.902,0,NORMAL
CMP-2411,Gautam Buddha Nagar,Aviation,agricultural,26.96,7,113.6,53.052,0,NORMAL
CMP-2412,Hooghly,Railways,commercial,5.55,2,33.03,7.279,0,NORMAL
CMP-2413,Dankuni,Water,agricultural,17.22,2,43.13,14.448,0,NORMAL
CMP-2414,Panna,Industrial,agricultural,20.4,6,29.43,12.421,0,NORMAL
CMP-2415,Navsari,Highways,agricultural,40.02,8,49.55,36.314,0,NORMAL
CMP-2416,Surat,Highways,commercial,17.53,8,49.37,29.452,0,NORMAL
CMP-2417,Raigad,Energy,commercial,29.25,1,31.41,37.107,0,NORMAL
CMP-2418,Hooghly,Energy,agricultural,35.68,1,42.57,27.86,0,NORMAL
CMP-2419,Ahmedabad,Aviation,commercial,9.58,4,71.45,24.083,0,NORMAL
CMP-2420,Thane,Energy,agricultural,9.14,2,104.79,20.231,0,NORMAL
CMP-2421,Hooghly,Industrial,agricultural,30.19,3,41.57,25.101,0,NORMAL
CMP-2422,Navsari,Railways,residential,7.42,2,45.39,7.362,0,NORMAL
CMP-2423,Raigad,Aviation,agricultural,11.52,8,56.38,12.192,0,NORMAL
CMP-2424,Ahmedabad,Railways,commercial,25.1,3,85.29,63.99,0,NORMAL
CMP-2425,Valsad,Aviation,residential,10.11,4,40.99,11.797,0,NORMAL
CMP-2426,Surat,Aviation,agricultural,13.06,4,84.07,23.812,0,NORMAL
CMP-2427,Navsari,Highways,commercial,29.65,5,39.91,40.09,0,NORMAL
CMP-2428,Raigad,Energy,residential,20.81,1,34.28,14.219,0,NORMAL
CMP-2429,Ahmedabad,Aviation,commercial,36.87,1,91.29,128.498,0,NORMAL
CMP-2430,Raigad,Industrial,commercial,35.2,7,61.38,70.619,0,NORMAL
CMP-2431,Valsad,Aviation,commercial,20.26,4,24.68,14.244,0,NORMAL
CMP-2432,Gautam Buddha Nagar,Industrial,residential,8.16,8,116.15,20.992,0,NORMAL
CMP-2433,Dankuni,Energy,residential,18.75,6,54.85,26.737,0,NORMAL
CMP-2434,Gautam Buddha Nagar,Highways,residential,10.94,1,88.47,27.371,0,NORMAL
CMP-2435,Surat,Highways,commercial,40.63,7,65.48,101.733,0,NORMAL
CMP-2436,Surat,Highways,residential,33.86,4,74.81,63.893,0,NORMAL
CMP-2437,Palghar,Railways,residential,26.99,2,34.12,23.502,0,NORMAL
CMP-2438,Gautam Buddha Nagar,Water,residential,28.81,8,73.02,58.273,0,NORMAL
CMP-2439,Raigad,Aviation,residential,40.28,4,52.43,54.504,0,NORMAL
CMP-2440,Hooghly,Energy,agricultural,1.72,2,55.46,2.072,0,NORMAL
CMP-2441,Valsad,Energy,commercial,29.61,1,36.39,40.954,0,NORMAL
CMP-2442,Sonnagar,Railways,residential,6.42,5,26.07,4.379,0,NORMAL
CMP-2443,Hooghly,Aviation,commercial,39.83,4,44.48,61.979,0,NORMAL
CMP-2444,Thane,Energy,residential,9.16,6,134.72,36.874,0,NORMAL
CMP-2445,Dankuni,Railways,commercial,0.94,6,47.83,1.386,0,NORMAL
CMP-2446,Palghar,Energy,commercial,43.79,5,36.96,49.301,0,NORMAL
CMP-2447,Navsari,Railways,residential,4.46,3,37.52,4.198,0,NORMAL
CMP-2448,Dankuni,Industrial,agricultural,6.71,1,63.38,9.676,0,NORMAL
CMP-2449,Thane,Aviation,agricultural,1.48,1,77.34,2.04,0,NORMAL
CMP-2450,Navsari,Industrial,residential,36.63,2,30.42,27.565,0,NORMAL
CMP-2451,Valsad,Aviation,agricultural,30.97,1,47.96,31.015,0,NORMAL
CMP-2452,Valsad,Energy,commercial,14.35,6,37.49,17.935,0,NORMAL
CMP-2453,Raigad,Highways,commercial,12.31,8,39.65,17.876,0,NORMAL
CMP-2454,Sonnagar,Water,commercial,7.74,1,24.54,7.535,0,NORMAL
CMP-2455,Gautam Buddha Nagar,Aviation,residential,5.59,8,67.94,9.181,0,NORMAL
CMP-2456,Sonnagar,Industrial,commercial,35.63,4,20.82,26.753,0,NORMAL
CMP-2457,Thane,Industrial,residential,10.06,8,65.17,16.978,0,NORMAL
CMP-2458,Palghar,Railways,commercial,32.81,1,45.96,47.19,0,NORMAL
CMP-2459,Panna,Railways,commercial,44.79,7,17.52,27.712,0,NORMAL
CMP-2460,Gautam Buddha Nagar,Railways,residential,40.51,6,110.73,101.98,0,NORMAL
CMP-2461,Hooghly,Water,commercial,11.86,5,39.53,17.428,0,NORMAL
CMP-2462,Raigad,Water,commercial,16.57,7,30.77,19.478,0,NORMAL
CMP-2463,Sonnagar,Water,commercial,2.82,8,32.78,6.821,1,OVER_VALUED
CMP-2464,Raigad,Water,commercial,22.84,5,53.49,38.599,0,NORMAL
CMP-2465,Dankuni,Water,agricultural,43.45,4,64.54,51.879,0,NORMAL
CMP-2466,Ahmedabad,Aviation,agricultural,39.45,6,97.65,75.814,0,NORMAL
CMP-2467,Dankuni,Railways,residential,21.21,4,40.69,24.623,0,NORMAL
CMP-2468,Thane,Energy,agricultural,26.7,7,102.88,52.887,0,NORMAL
CMP-2469,Valsad,Water,agricultural,8.99,4,38.86,7.878,0,NORMAL
CMP-2470,Ahmedabad,Railways,residential,14.98,1,109.37,44.006,0,NORMAL
CMP-2471,Raigad,Water,commercial,8.08,2,55.09,14.05,0,NORMAL
CMP-2472,Panna,Industrial,residential,21.95,1,17.04,9.226,0,NORMAL
CMP-2473,Hooghly,Aviation,commercial,21.13,5,58.75,43.608,0,NORMAL
CMP-2474,Hooghly,Industrial,residential,20.72,2,32.37,18.578,0,NORMAL
CMP-2475,Thane,Aviation,commercial,35.2,2,80.33,106.903,0,NORMAL
CMP-2476,Thane,Highways,agricultural,29.93,4,67.16,38.313,0,NORMAL
CMP-2477,Palghar,Water,commercial,9.09,6,48.75,15.591,0,NORMAL
CMP-2478,Dankuni,Railways,agricultural,22.62,1,67.01,27.612,0,NORMAL
CMP-2479,Surat,Railways,agricultural,32.25,1,83.8,63.697,0,NORMAL
CMP-2480,Dankuni,Aviation,agricultural,4.56,1,35.25,3.23,0,NORMAL
CMP-2481,Surat,Industrial,commercial,14.35,8,65.5,33.71,0,NORMAL
CMP-2482,Navsari,Aviation,residential,10.35,1,38.32,8.859,0,NORMAL
CMP-2483,Ahmedabad,Railways,residential,23.38,7,55.75,37.605,0,NORMAL
CMP-2484,Navsari,Industrial,agricultural,33.83,5,51.1,31.356,0,NORMAL
CMP-2485,Palghar,Water,agricultural,42.6,4,33.96,27.27,0,NORMAL
CMP-2486,Thane,Industrial,residential,19.24,1,104.71,49.282,0,NORMAL
CMP-2487,Palghar,Water,agricultural,44.15,8,27.88,23.65,0,NORMAL
CMP-2488,Valsad,Energy,agricultural,32.17,5,34.95,20.506,0,NORMAL
CMP-2489,Raigad,Water,agricultural,14.54,1,54.91,15.625,0,NORMAL
CMP-2490,Thane,Energy,agricultural,15.12,4,101.07,56.12,1,OVER_VALUED
CMP-2491,Hooghly,Industrial,agricultural,24.27,6,47.7,23.956,0,NORMAL
CMP-2492,Raigad,Aviation,residential,3.22,4,44.26,3.997,0,NORMAL
CMP-2493,Valsad,Industrial,commercial,6.52,2,23.74,4.708,0,NORMAL
CMP-2494,Sonnagar,Aviation,commercial,35.18,2,19.05,21.464,0,NORMAL
CMP-2495,Surat,Highways,agricultural,14.21,3,50.45,13.57,0,NORMAL
CMP-2496,Panna,Aviation,agricultural,24.79,2,20.21,10.792,0,NORMAL
CMP-2497,Palghar,Aviation,commercial,7.97,1,30.99,7.868,0,NORMAL
CMP-2498,Palghar,Energy,residential,5.97,2,42.47,7.157,0,NORMAL
CMP-2499,Hooghly,Energy,commercial,15.0,4,53.39,29.313,0,NORMAL
CMP-2500,Thane,Energy,commercial,2.4,5,118.82,9.339,0,NORMAL
CMP-2501,Panna,Aviation,commercial,9.77,5,16.14,5.008,0,NORMAL
CMP-2502,Surat,Aviation,commercial,40.19,4,62.84,39.795,1,UNDER_VALUED
CMP-2503,Palghar,Industrial,agricultural,2.77,4,34.97,2.008,0,NORMAL
CMP-2504,Panna,Aviation,residential,14.91,3,29.73,12.102,0,NORMAL
CMP-2505,Thane,Industrial,agricultural,9.15,6,77.19,13.439,0,NORMAL
CMP-2506,Navsari,Highways,commercial,42.32,3,36.28,53.64,0,NORMAL
CMP-2507,Panna,Water,residential,23.86,1,29.28,16.714,0,NORMAL
CMP-2508,Palghar,Industrial,commercial,37.91,4,45.17,59.116,0,NORMAL
CMP-2509,Surat,Highways,residential,10.07,6,45.27,9.21,0,NORMAL
CMP-2510,Ahmedabad,Energy,commercial,31.16,3,90.35,95.188,0,NORMAL
CMP-2511,Valsad,Highways,agricultural,5.9,5,25.25,2.881,0,NORMAL
CMP-2512,Palghar,Industrial,agricultural,37.12,2,35.64,28.883,0,NORMAL
CMP-2513,Valsad,Railways,agricultural,21.34,6,35.08,15.407,0,NORMAL
CMP-2514,Sonnagar,Railways,agricultural,16.14,2,29.15,8.892,0,NORMAL
CMP-2515,Gautam Buddha Nagar,Highways,agricultural,14.0,1,124.71,35.325,0,NORMAL
CMP-2516,Ahmedabad,Aviation,residential,36.21,8,111.19,104.912,0,NORMAL
CMP-2517,Thane,Railways,commercial,22.68,1,80.66,66.067,0,NORMAL
CMP-2518,Ahmedabad,Aviation,commercial,14.43,1,60.64,28.383,0,NORMAL
CMP-2519,Navsari,Railways,commercial,44.68,2,48.89,99.676,0,NORMAL
CMP-2520,Navsari,Energy,commercial,31.94,2,32.94,44.844,0,NORMAL
CMP-2521,Raigad,Railways,agricultural,7.24,3,54.83,8.168,0,NORMAL
CMP-2522,Dankuni,Aviation,residential,20.56,7,36.4,19.545,0,NORMAL
CMP-2523,Ahmedabad,Energy,agricultural,40.8,8,106.38,75.349,0,NORMAL
CMP-2524,Gautam Buddha Nagar,Aviation,residential,3.04,6,112.98,9.134,0,NORMAL
CMP-2525,Palghar,Railways,commercial,25.58,1,40.59,34.462,0,NORMAL
CMP-2526,Sonnagar,Railways,agricultural,43.48,3,35.74,26.376,0,NORMAL
CMP-2527,Gautam Buddha Nagar,Energy,agricultural,30.17,5,110.37,64.486,0,NORMAL
CMP-2528,Panna,Railways,residential,17.33,6,28.99,14.616,0,NORMAL
CMP-2529,Surat,Aviation,agricultural,2.52,2,81.86,3.701,0,NORMAL
CMP-2530,Ahmedabad,Highways,commercial,15.85,7,69.0,45.038,0,NORMAL
CMP-2531,Dankuni,Energy,agricultural,44.24,8,48.32,51.342,0,NORMAL
CMP-2532,Valsad,Water,commercial,31.75,1,47.75,48.091,0,NORMAL
CMP-2533,Palghar,Industrial,residential,0.98,6,27.36,0.787,0,NORMAL
CMP-2534,Panna,Water,residential,23.47,8,27.57,17.208,0,NORMAL
CMP-2535,Navsari,Energy,agricultural,15.87,7,42.85,14.42,0,NORMAL
CMP-2536,Dankuni,Railways,agricultural,18.19,5,37.29,14.326,0,NORMAL
CMP-2537,Ahmedabad,Water,residential,29.91,7,63.76,40.536,0,NORMAL
CMP-2538,Navsari,Industrial,agricultural,15.24,6,45.6,13.447,0,NORMAL
CMP-2539,Valsad,Aviation,commercial,27.58,6,31.4,30.819,0,NORMAL
CMP-2540,Valsad,Aviation,commercial,40.21,3,25.37,38.792,0,NORMAL
CMP-2541,Thane,Energy,commercial,20.56,7,81.32,54.723,0,NORMAL
CMP-2542,Valsad,Railways,agricultural,44.93,1,31.85,58.887,1,OVER_VALUED
CMP-2543,Valsad,Water,commercial,41.96,3,43.08,56.319,0,NORMAL
CMP-2544,Raigad,Energy,agricultural,24.48,7,55.52,24.151,0,NORMAL
CMP-2545,Raigad,Highways,commercial,9.16,1,63.14,21.433,0,NORMAL
CMP-2546,Raigad,Energy,agricultural,42.13,5,40.62,33.591,0,NORMAL
CMP-2547,Panna,Energy,agricultural,19.84,8,14.16,5.292,0,NORMAL
CMP-2548,Surat,Highways,agricultural,6.94,2,72.25,10.279,0,NORMAL
CMP-2549,Valsad,Highways,residential,4.49,3,25.85,1.203,1,UNDER_VALUED
CMP-2550,Navsari,Highways,commercial,20.98,2,44.62,34.027,0,NORMAL
CMP-2551,Panna,Energy,agricultural,6.02,2,26.85,3.446,0,NORMAL
CMP-2552,Valsad,Railways,agricultural,38.62,7,44.26,35.492,0,NORMAL
CMP-2553,Surat,Energy,agricultural,10.37,3,63.6,14.589,0,NORMAL
CMP-2554,Thane,Aviation,residential,34.4,1,108.13,84.207,0,NORMAL
CMP-2555,Surat,Industrial,commercial,23.1,8,61.83,47.297,0,NORMAL
CMP-2556,Navsari,Energy,agricultural,24.65,6,29.47,15.123,0,NORMAL
CMP-2557,Raigad,Highways,residential,24.6,8,47.13,26.365,0,NORMAL
CMP-2558,Surat,Energy,agricultural,8.61,5,73.15,11.416,0,NORMAL
CMP-2559,Gautam Buddha Nagar,Energy,commercial,2.6,1,109.34,11.464,0,NORMAL
CMP-2560,Sonnagar,Highways,commercial,44.8,8,35.82,61.1,0,NORMAL
CMP-2561,Navsari,Railways,commercial,29.79,2,33.41,32.945,0,NORMAL
CMP-2562,Hooghly,Aviation,agricultural,32.3,5,32.22,7.047,1,UNDER_VALUED
CMP-2563,Raigad,Aviation,agricultural,2.05,7,44.47,1.847,0,NORMAL
CMP-2564,Navsari,Water,commercial,3.59,1,49.4,6.364,0,NORMAL
CMP-2565,Palghar,Railways,residential,1.71,8,48.26,1.854,0,NORMAL
CMP-2566,Ahmedabad,Aviation,residential,36.38,5,66.11,57.744,0,NORMAL
CMP-2567,Navsari,Highways,residential,31.43,7,36.79,28.239,0,NORMAL
CMP-2568,Hooghly,Industrial,residential,31.34,2,49.51,72.794,1,OVER_VALUED
CMP-2569,Gautam Buddha Nagar,Energy,commercial,6.53,6,92.89,20.619,0,NORMAL
CMP-2570,Gautam Buddha Nagar,Aviation,residential,28.34,6,65.16,44.544,0,NORMAL
CMP-2571,Hooghly,Railways,agricultural,28.1,4,55.52,34.94,0,NORMAL
CMP-2572,Ahmedabad,Industrial,agricultural,16.65,5,106.16,34.625,0,NORMAL
CMP-2573,Raigad,Water,agricultural,24.56,8,37.97,18.042,0,NORMAL
CMP-2574,Sonnagar,Industrial,commercial,35.14,3,27.21,35.848,0,NORMAL
CMP-2575,Dankuni,Industrial,residential,16.17,5,66.05,28.657,0,NORMAL
CMP-2576,Raigad,Industrial,commercial,5.27,4,56.97,9.192,0,NORMAL
CMP-2577,Valsad,Highways,residential,31.64,1,41.33,36.41,0,NORMAL
CMP-2578,Hooghly,Railways,residential,25.62,8,39.25,27.504,0,NORMAL
CMP-2579,Raigad,Highways,agricultural,36.35,6,35.07,23.913,0,NORMAL
CMP-2580,Thane,Water,agricultural,44.92,3,89.86,83.212,0,NORMAL
CMP-2581,Hooghly,Railways,agricultural,39.55,2,47.08,35.649,0,NORMAL
CMP-2582,Valsad,Energy,commercial,30.0,8,24.96,28.295,0,NORMAL
CMP-2583,Palghar,Energy,commercial,33.11,8,47.43,56.171,0,NORMAL
CMP-2584,Dankuni,Industrial,commercial,39.05,3,51.39,57.915,0,NORMAL
CMP-2585,Dankuni,Aviation,residential,26.28,8,45.92,32.28,0,NORMAL
CMP-2586,Panna,Water,agricultural,28.79,1,22.33,12.371,0,NORMAL
CMP-2587,Thane,Water,commercial,38.15,2,91.1,108.018,0,NORMAL
CMP-2588,Raigad,Water,residential,21.47,5,56.67,55.017,1,OVER_VALUED
CMP-2589,Sonnagar,Industrial,commercial,3.59,3,32.97,4.808,0,NORMAL
CMP-2590,Navsari,Energy,residential,23.89,4,45.41,27.116,0,NORMAL
CMP-2591,Valsad,Highways,commercial,31.87,4,23.73,23.419,0,NORMAL
CMP-2592,Raigad,Aviation,commercial,5.59,3,63.75,11.875,0,NORMAL
CMP-2593,Thane,Energy,agricultural,20.86,8,137.05,57.557,0,NORMAL
CMP-2594,Panna,Energy,commercial,24.12,4,27.12,24.985,0,NORMAL
CMP-2595,Navsari,Industrial,residential,19.82,8,50.69,22.641,0,NORMAL
CMP-2596,Raigad,Energy,commercial,15.58,3,42.93,23.6,0,NORMAL
CMP-2597,Palghar,Railways,residential,20.03,5,38.38,20.908,0,NORMAL
CMP-2598,Panna,Industrial,commercial,40.52,5,14.32,19.643,0,NORMAL
CMP-2599,Thane,Highways,residential,9.28,1,95.89,20.067,0,NORMAL
CMP-2600,Thane,Water,residential,41.73,4,85.61,95.02,0,NORMAL
CMP-2601,Thane,Energy,commercial,27.44,5,120.65,97.436,0,NORMAL
CMP-2602,Surat,Industrial,commercial,9.18,4,46.76,15.923,0,NORMAL
CMP-2603,Sonnagar,Water,residential,18.78,7,24.93,12.588,0,NORMAL
CMP-2604,Surat,Highways,commercial,32.46,5,75.32,75.791,0,NORMAL
CMP-2605,Surat,Aviation,commercial,11.96,5,51.41,23.955,0,NORMAL
CMP-2606,Thane,Water,residential,2.01,2,124.42,7.563,0,NORMAL
CMP-2607,Panna,Highways,commercial,36.52,5,23.8,32.368,0,NORMAL
CMP-2608,Sonnagar,Highways,residential,9.88,4,33.15,8.755,0,NORMAL
CMP-2609,Ahmedabad,Energy,residential,11.01,3,93.38,22.987,0,NORMAL
CMP-2610,Palghar,Highways,agricultural,14.09,8,45.55,12.283,0,NORMAL
CMP-2611,Sonnagar,Highways,commercial,42.8,2,24.02,33.709,0,NORMAL
CMP-2612,Ahmedabad,Industrial,residential,5.2,6,63.82,7.695,0,NORMAL
CMP-2613,Thane,Railways,residential,35.95,2,101.94,88.454,0,NORMAL
CMP-2614,Thane,Railways,commercial,12.29,6,98.89,47.114,0,NORMAL
CMP-2615,Palghar,Industrial,commercial,34.55,1,39.1,42.998,0,NORMAL
CMP-2616,Sonnagar,Highways,agricultural,13.24,6,19.88,5.38,0,NORMAL
CMP-2617,Sonnagar,Water,residential,31.14,6,22.51,16.214,0,NORMAL
CMP-2618,Sonnagar,Energy,agricultural,29.75,6,27.12,17.807,0,NORMAL
CMP-2619,Palghar,Highways,residential,10.29,8,25.33,6.223,0,NORMAL
CMP-2620,Surat,Highways,agricultural,22.53,8,51.44,20.324,0,NORMAL
CMP-2621,Panna,Railways,agricultural,39.26,3,23.35,18.315,0,NORMAL
CMP-2622,Hooghly,Water,commercial,18.08,4,37.05,10.212,1,UNDER_VALUED
CMP-2623,Palghar,Railways,residential,31.31,6,47.3,29.494,0,NORMAL
CMP-2624,Gautam Buddha Nagar,Energy,commercial,18.82,8,92.4,67.418,0,NORMAL
CMP-2625,Palghar,Aviation,residential,29.7,3,40.87,34.808,0,NORMAL
CMP-2626,Navsari,Highways,agricultural,22.36,7,34.95,14.439,0,NORMAL
CMP-2627,Ahmedabad,Water,commercial,16.16,4,101.25,61.397,0,NORMAL
CMP-2628,Gautam Buddha Nagar,Railways,commercial,20.49,2,68.24,51.976,0,NORMAL
CMP-2629,Surat,Railways,agricultural,17.2,8,53.26,15.874,0,NORMAL
CMP-2630,Sonnagar,Railways,agricultural,7.29,5,22.09,2.971,0,NORMAL
CMP-2631,Panna,Highways,agricultural,2.57,6,23.75,1.195,0,NORMAL
CMP-2632,Sonnagar,Water,commercial,6.98,7,28.1,8.291,0,NORMAL
CMP-2633,Surat,Aviation,agricultural,18.52,2,74.86,26.555,0,NORMAL
CMP-2634,Ahmedabad,Aviation,commercial,15.62,3,94.53,51.301,0,NORMAL
CMP-2635,Hooghly,Industrial,agricultural,33.12,8,59.69,46.701,0,NORMAL
CMP-2636,Hooghly,Industrial,residential,6.28,6,52.26,7.809,0,NORMAL
CMP-2637,Dankuni,Industrial,residential,32.19,5,57.15,50.917,0,NORMAL
CMP-2638,Gautam Buddha Nagar,Highways,agricultural,6.64,3,122.45,16.697,0,NORMAL
CMP-2639,Sonnagar,Highways,residential,17.5,5,33.47,13.27,0,NORMAL
CMP-2640,Sonnagar,Railways,residential,24.91,3,18.41,9.55,0,NORMAL
CMP-2641,Dankuni,Aviation,commercial,10.48,8,42.28,16.93,0,NORMAL
CMP-2642,Ahmedabad,Highways,residential,35.55,2,55.46,49.151,0,NORMAL
CMP-2643,Sonnagar,Energy,residential,19.57,7,35.98,18.62,0,NORMAL
CMP-2644,Thane,Water,commercial,23.64,2,74.68,68.465,0,NORMAL
CMP-2645,Dankuni,Water,residential,33.63,1,50.94,23.095,1,UNDER_VALUED
CMP-2646,Palghar,Highways,agricultural,16.43,2,45.51,15.626,0,NORMAL
CMP-2647,Surat,Energy,agricultural,31.45,6,46.58,29.935,0,NORMAL
CMP-2648,Valsad,Aviation,residential,34.52,5,45.68,34.458,0,NORMAL
CMP-2649,Valsad,Railways,agricultural,14.42,2,38.91,10.065,0,NORMAL
CMP-2650,Hooghly,Highways,commercial,16.78,1,51.01,26.748,0,NORMAL
CMP-2651,Valsad,Aviation,agricultural,38.23,7,27.1,20.527,0,NORMAL
CMP-2652,Sonnagar,Water,residential,4.59,5,30.76,3.468,0,NORMAL
CMP-2653,Valsad,Water,agricultural,42.39,5,23.95,19.428,0,NORMAL
CMP-2654,Palghar,Energy,agricultural,22.81,8,37.43,17.126,0,NORMAL
CMP-2655,Raigad,Energy,residential,9.03,7,43.02,9.238,0,NORMAL
CMP-2656,Dankuni,Industrial,commercial,11.3,2,48.07,18.837,0,NORMAL
CMP-2657,Surat,Highways,residential,21.75,4,67.1,33.234,0,NORMAL
CMP-2658,Valsad,Railways,residential,38.24,4,22.35,20.144,0,NORMAL
CMP-2659,Ahmedabad,Industrial,residential,44.78,4,96.93,92.181,0,NORMAL
CMP-2660,Hooghly,Railways,agricultural,2.53,2,34.37,1.601,0,NORMAL
CMP-2661,Hooghly,Highways,commercial,15.31,1,33.04,20.732,0,NORMAL
CMP-2662,Sonnagar,Energy,residential,25.41,1,18.03,9.714,0,NORMAL
CMP-2663,Palghar,Industrial,agricultural,11.06,2,27.31,7.019,0,NORMAL
CMP-2664,Thane,Energy,agricultural,7.07,2,102.95,14.721,0,NORMAL
CMP-2665,Ahmedabad,Water,commercial,9.27,6,118.49,33.476,0,NORMAL
CMP-2666,Dankuni,Aviation,agricultural,15.18,4,51.85,17.3,0,NORMAL
CMP-2667,Thane,Industrial,agricultural,26.4,8,88.52,50.158,0,NORMAL
CMP-2668,Navsari,Industrial,commercial,34.91,3,34.66,34.277,0,NORMAL
CMP-2669,Gautam Buddha Nagar,Industrial,agricultural,39.81,2,128.01,101.688,0,NORMAL
CMP-2670,Dankuni,Railways,residential,42.3,5,66.21,74.624,0,NORMAL
CMP-2671,Palghar,Highways,commercial,29.66,5,37.42,53.229,1,OVER_VALUED
CMP-2672,Thane,Highways,residential,27.72,4,97.69,68.405,0,NORMAL
CMP-2673,Gautam Buddha Nagar,Industrial,commercial,6.21,8,77.48,20.181,0,NORMAL
CMP-2674,Gautam Buddha Nagar,Aviation,agricultural,6.99,7,88.88,14.512,0,NORMAL
CMP-2675,Valsad,Highways,agricultural,27.1,8,37.43,21.042,0,NORMAL
CMP-2676,Surat,Industrial,commercial,34.42,2,61.07,75.962,0,NORMAL
CMP-2677,Panna,Industrial,agricultural,41.96,1,24.25,21.544,0,NORMAL
CMP-2678,Palghar,Industrial,agricultural,13.36,3,41.29,10.786,0,NORMAL
CMP-2679,Navsari,Energy,commercial,18.02,3,33.31,24.08,0,NORMAL
CMP-2680,Thane,Industrial,residential,42.26,2,111.19,116.772,0,NORMAL
CMP-2681,Navsari,Water,agricultural,12.52,8,29.2,7.1,0,NORMAL
CMP-2682,Palghar,Energy,residential,37.81,5,26.76,60.901,1,OVER_VALUED
CMP-2683,Gautam Buddha Nagar,Highways,commercial,23.29,5,128.42,129.539,0,NORMAL
CMP-2684,Dankuni,Water,commercial,10.24,1,43.45,13.322,0,NORMAL
CMP-2685,Navsari,Highways,agricultural,4.19,7,42.03,3.623,0,NORMAL
CMP-2686,Panna,Aviation,agricultural,0.88,2,28.68,0.444,0,NORMAL
CMP-2687,Navsari,Railways,agricultural,15.05,1,40.52,11.633,0,NORMAL
CMP-2688,Palghar,Railways,agricultural,40.07,1,29.1,19.186,0,NORMAL
CMP-2689,Hooghly,Railways,agricultural,9.85,2,47.01,8.776,0,NORMAL
CMP-2690,Surat,Highways,commercial,41.27,7,69.36,98.496,0,NORMAL
CMP-2691,Hooghly,Water,agricultural,41.63,3,37.56,27.876,0,NORMAL
CMP-2692,Palghar,Industrial,agricultural,1.03,7,29.66,0.683,0,NORMAL
CMP-2693,Dankuni,Industrial,commercial,25.34,2,51.4,40.003,0,NORMAL
CMP-2694,Thane,Highways,agricultural,26.67,1,123.46,71.749,0,NORMAL
CMP-2695,Dankuni,Aviation,residential,21.3,8,42.68,26.73,0,NORMAL
CMP-2696,Valsad,Industrial,agricultural,0.99,8,45.91,0.952,0,NORMAL
CMP-2697,Hooghly,Water,commercial,39.04,1,34.42,49.828,0,NORMAL
CMP-2698,Ahmedabad,Railways,commercial,4.99,3,77.04,11.843,0,NORMAL
CMP-2699,Navsari,Aviation,agricultural,1.07,5,50.7,1.168,0,NORMAL
CMP-2700,Navsari,Aviation,agricultural,11.3,6,42.98,10.301,0,NORMAL
CMP-2701,Thane,Highways,agricultural,28.9,2,115.31,69.314,0,NORMAL
CMP-2702,Palghar,Energy,commercial,31.11,6,34.38,44.969,0,NORMAL
CMP-2703,Palghar,Water,agricultural,30.33,4,47.12,22.788,0,NORMAL
CMP-2704,Navsari,Water,agricultural,35.72,5,47.81,19.362,1,UNDER_VALUED
CMP-2705,Hooghly,Water,commercial,37.47,1,43.67,48.487,0,NORMAL
CMP-2706,Ahmedabad,Energy,agricultural,38.44,3,61.24,52.031,0,NORMAL
CMP-2707,Panna,Aviation,commercial,39.96,2,18.78,22.304,0,NORMAL
CMP-2708,Valsad,Aviation,agricultural,24.5,3,24.51,10.64,0,NORMAL
CMP-2709,Surat,Water,agricultural,40.44,8,82.11,54.712,0,NORMAL
CMP-2710,Dankuni,Industrial,residential,2.65,2,56.17,3.629,0,NORMAL
CMP-2711,Valsad,Industrial,agricultural,13.48,3,36.71,9.112,0,NORMAL
CMP-2712,Ahmedabad,Aviation,commercial,14.47,6,96.75,59.814,0,NORMAL
CMP-2713,Valsad,Highways,residential,26.3,5,28.82,19.3,0,NORMAL
CMP-2714,Surat,Energy,agricultural,42.94,2,75.33,62.557,0,NORMAL
CMP-2715,Ahmedabad,Aviation,commercial,36.3,2,59.31,41.457,1,UNDER_VALUED
CMP-2716,Gautam Buddha Nagar,Industrial,residential,11.77,3,129.87,40.372,0,NORMAL
CMP-2717,Sonnagar,Water,agricultural,2.86,3,32.6,1.955,0,NORMAL
CMP-2718,Valsad,Highways,agricultural,35.5,7,43.95,32.374,0,NORMAL
CMP-2719,Gautam Buddha Nagar,Aviation,agricultural,26.96,3,126.9,69.062,0,NORMAL
CMP-2720,Navsari,Railways,agricultural,23.55,8,30.2,16.588,0,NORMAL
CMP-2721,Thane,Energy,agricultural,6.19,3,125.17,15.799,0,NORMAL
CMP-2722,Valsad,Railways,residential,36.59,1,43.88,40.66,0,NORMAL
CMP-2723,Dankuni,Highways,residential,18.77,2,48.91,19.82,0,NORMAL
CMP-2724,Thane,Energy,commercial,11.86,7,134.9,59.548,0,NORMAL
CMP-2725,Sonnagar,Energy,agricultural,3.85,1,31.97,2.541,0,NORMAL
CMP-2726,Ahmedabad,Railways,residential,11.93,3,84.8,28.091,0,NORMAL
CMP-2727,Hooghly,Industrial,residential,18.58,2,50.88,24.034,0,NORMAL
CMP-2728,Sonnagar,Industrial,commercial,34.54,4,18.56,22.533,0,NORMAL
CMP-2729,Navsari,Industrial,commercial,28.83,2,39.84,35.118,0,NORMAL
CMP-2730,Dankuni,Energy,commercial,43.08,5,37.74,52.963,0,NORMAL
CMP-2731,Sonnagar,Highways,commercial,36.78,3,27.83,58.467,1,OVER_VALUED
CMP-2732,Valsad,Highways,residential,19.66,6,36.9,18.643,0,NORMAL
CMP-2733,Sonnagar,Highways,commercial,40.02,3,26.97,35.911,0,NORMAL
CMP-2734,Surat,Industrial,residential,26.3,3,69.05,41.467,0,NORMAL
CMP-2735,Hooghly,Industrial,agricultural,29.17,6,39.13,36.213,1,OVER_VALUED
CMP-2736,Ahmedabad,Aviation,agricultural,10.67,1,102.59,21.453,0,NORMAL
CMP-2737,Thane,Aviation,residential,15.51,4,70.82,24.51,0,NORMAL
CMP-2738,Hooghly,Highways,agricultural,2.36,1,49.33,2.481,0,NORMAL
CMP-2739,Gautam Buddha Nagar,Aviation,agricultural,19.68,8,116.9,44.143,0,NORMAL
CMP-2740,Surat,Aviation,residential,22.41,6,75.82,41.119,0,NORMAL
CMP-2741,Dankuni,Railways,agricultural,29.41,3,45.93,28.02,0,NORMAL
CMP-2742,Ahmedabad,Aviation,residential,10.53,3,89.33,25.371,0,NORMAL
CMP-2743,Surat,Aviation,residential,43.71,4,78.33,71.073,0,NORMAL
CMP-2744,Dankuni,Water,commercial,24.56,7,65.96,47.509,0,NORMAL
CMP-2745,Surat,Water,residential,9.44,4,80.27,19.467,0,NORMAL
CMP-2746,Thane,Highways,agricultural,34.49,7,65.59,43.523,0,NORMAL
CMP-2747,Hooghly,Highways,commercial,28.01,5,56.25,58.812,0,NORMAL
CMP-2748,Thane,Aviation,commercial,13.41,6,101.06,46.901,0,NORMAL
CMP-2749,Hooghly,Industrial,residential,27.99,8,51.22,37.141,0,NORMAL
CMP-2750,Panna,Industrial,commercial,16.25,7,29.87,16.51,0,NORMAL
CMP-2751,Valsad,Water,commercial,38.92,2,37.57,49.076,0,NORMAL
CMP-2752,Sonnagar,Industrial,residential,32.97,5,22.82,19.775,0,NORMAL
CMP-2753,Thane,Highways,agricultural,40.01,6,102.39,69.056,0,NORMAL
CMP-2754,Ahmedabad,Highways,commercial,42.21,6,112.25,171.487,0,NORMAL
CMP-2755,Raigad,Aviation,residential,37.63,7,49.95,49.417,0,NORMAL
CMP-2756,Raigad,Water,residential,6.93,6,41.2,6.969,0,NORMAL
CMP-2757,Navsari,Water,residential,12.21,6,36.07,10.486,0,NORMAL
CMP-2758,Sonnagar,Railways,residential,21.07,7,22.59,11.387,0,NORMAL
CMP-2759,Surat,Railways,residential,18.62,8,66.37,32.242,0,NORMAL
CMP-2760,Thane,Water,commercial,30.4,8,129.44,149.435,0,NORMAL
CMP-2761,Surat,Highways,commercial,13.73,2,74.18,33.932,0,NORMAL
CMP-2762,Surat,Highways,agricultural,20.79,2,54.17,21.545,0,NORMAL
CMP-2763,Thane,Railways,agricultural,17.18,4,122.84,43.472,0,NORMAL
CMP-2764,Dankuni,Highways,commercial,22.73,6,65.55,48.782,0,NORMAL
CMP-2765,Dankuni,Industrial,commercial,19.83,2,56.02,44.398,0,NORMAL
CMP-2766,Hooghly,Highways,residential,32.7,3,32.6,28.197,0,NORMAL
CMP-2767,Dankuni,Energy,agricultural,23.54,7,64.32,27.959,0,NORMAL
CMP-2768,Navsari,Railways,commercial,21.02,4,36.94,31.759,0,NORMAL
CMP-2769,Hooghly,Railways,agricultural,2.24,6,39.67,1.675,0,NORMAL
CMP-2770,Ahmedabad,Aviation,commercial,17.56,5,100.1,73.1,0,NORMAL
CMP-2771,Gautam Buddha Nagar,Railways,residential,10.5,6,83.89,18.848,0,NORMAL
CMP-2772,Valsad,Energy,commercial,19.26,2,29.17,20.775,0,NORMAL
CMP-2773,Raigad,Highways,residential,29.16,7,57.37,42.205,0,NORMAL
CMP-2774,Valsad,Industrial,commercial,34.72,3,25.56,28.914,0,NORMAL
CMP-2775,Palghar,Railways,residential,6.79,3,41.09,6.682,0,NORMAL
CMP-2776,Raigad,Aviation,residential,13.34,8,40.68,14.201,0,NORMAL
CMP-2777,Gautam Buddha Nagar,Highways,commercial,35.82,3,121.84,121.97,0,NORMAL
CMP-2778,Thane,Industrial,commercial,27.95,1,90.13,97.645,0,NORMAL
CMP-2779,Ahmedabad,Aviation,agricultural,26.8,4,101.54,45.115,0,NORMAL
CMP-2780,Navsari,Aviation,agricultural,34.85,8,30.85,22.695,0,NORMAL
CMP-2781,Hooghly,Water,residential,14.38,8,41.18,17.017,0,NORMAL
CMP-2782,Palghar,Aviation,residential,39.38,6,48.02,52.42,0,NORMAL
CMP-2783,Gautam Buddha Nagar,Aviation,residential,14.24,5,60.77,22.514,0,NORMAL
CMP-2784,Surat,Highways,commercial,43.03,8,48.68,86.39,0,NORMAL
CMP-2785,Gautam Buddha Nagar,Water,agricultural,30.24,2,105.85,65.242,0,NORMAL
CMP-2786,Navsari,Industrial,commercial,31.8,4,39.03,50.598,0,NORMAL
CMP-2787,Gautam Buddha Nagar,Industrial,commercial,31.45,1,67.17,67.252,0,NORMAL
CMP-2788,Dankuni,Railways,commercial,29.75,7,66.36,65.765,0,NORMAL
CMP-2789,Dankuni,Railways,commercial,9.31,7,60.19,18.116,0,NORMAL
CMP-2790,Raigad,Industrial,commercial,19.25,7,48.41,36.391,0,NORMAL
CMP-2791,Raigad,Energy,residential,33.53,8,51.97,40.755,0,NORMAL
CMP-2792,Sonnagar,Railways,residential,38.38,2,30.22,32.747,0,NORMAL
CMP-2793,Ahmedabad,Highways,agricultural,14.3,7,106.37,16.165,1,UNDER_VALUED
CMP-2794,Sonnagar,Highways,commercial,35.25,7,22.57,28.644,0,NORMAL
CMP-2795,Raigad,Water,residential,39.66,5,46.89,39.241,0,NORMAL
CMP-2796,Sonnagar,Energy,residential,16.29,5,34.52,13.99,0,NORMAL
CMP-2797,Valsad,Highways,commercial,41.68,4,45.6,62.157,0,NORMAL
CMP-2798,Valsad,Railways,residential,26.61,2,42.32,29.746,0,NORMAL
CMP-2799,Navsari,Railways,commercial,21.05,4,31.77,21.853,0,NORMAL
CMP-2800,Palghar,Energy,agricultural,37.15,7,46.45,40.619,0,NORMAL
CMP-2801,Palghar,Highways,residential,25.43,7,32.42,20.203,0,NORMAL
CMP-2802,Gautam Buddha Nagar,Industrial,commercial,42.67,7,98.22,70.828,1,UNDER_VALUED
CMP-2803,Surat,Highways,residential,39.45,6,52.36,50.091,0,NORMAL
CMP-2804,Navsari,Water,residential,17.94,4,44.39,20.014,0,NORMAL
CMP-2805,Navsari,Railways,agricultural,9.58,8,35.31,7.141,0,NORMAL
CMP-2806,Gautam Buddha Nagar,Industrial,commercial,25.92,8,95.63,84.191,0,NORMAL
CMP-2807,Palghar,Water,commercial,37.89,1,43.56,58.21,0,NORMAL
CMP-2808,Palghar,Industrial,residential,14.95,2,27.83,10.649,0,NORMAL
CMP-2809,Ahmedabad,Energy,agricultural,12.02,1,57.11,12.889,0,NORMAL
CMP-2810,Thane,Aviation,agricultural,31.19,1,90.73,51.712,0,NORMAL
CMP-2811,Panna,Energy,agricultural,38.39,3,17.46,13.635,0,NORMAL
CMP-2812,Surat,Railways,commercial,9.99,4,84.49,55.404,1,OVER_VALUED
CMP-2813,Sonnagar,Aviation,residential,36.03,3,31.68,34.084,0,NORMAL
CMP-2814,Thane,Energy,agricultural,12.04,4,133.99,36.852,0,NORMAL
CMP-2815,Surat,Water,residential,12.0,2,46.33,14.856,0,NORMAL
CMP-2816,Surat,Aviation,agricultural,7.96,2,65.78,10.712,0,NORMAL
CMP-2817,Valsad,Energy,agricultural,37.47,6,45.23,32.782,0,NORMAL
CMP-2818,Sonnagar,Railways,residential,11.32,5,22.35,5.649,0,NORMAL
CMP-2819,Thane,Industrial,residential,41.81,8,102.97,102.365,0,NORMAL
CMP-2820,Panna,Water,residential,22.39,8,29.27,16.616,0,NORMAL
CMP-2821,Palghar,Energy,agricultural,8.58,7,40.88,7.259,0,NORMAL
CMP-2822,Palghar,Energy,agricultural,32.96,6,30.89,21.213,0,NORMAL
CMP-2823,Ahmedabad,Industrial,residential,4.69,6,83.8,8.621,0,NORMAL
CMP-2824,Thane,Industrial,agricultural,1.47,6,79.16,2.046,0,NORMAL
CMP-2825,Hooghly,Aviation,agricultural,15.06,7,58.44,14.908,0,NORMAL
CMP-2826,Valsad,Industrial,commercial,20.61,5,23.65,17.456,0,NORMAL
CMP-2827,Surat,Energy,commercial,32.29,8,67.79,39.428,1,UNDER_VALUED
CMP-2828,Palghar,Water,residential,22.7,8,28.68,16.855,0,NORMAL
CMP-2829,Panna,Energy,agricultural,20.81,6,28.76,11.219,0,NORMAL
CMP-2830,Thane,Energy,agricultural,25.66,6,127.44,66.258,0,NORMAL
CMP-2831,Raigad,Highways,agricultural,18.53,7,63.57,25.405,0,NORMAL
CMP-2832,Thane,Industrial,agricultural,38.3,4,110.75,81.233,0,NORMAL
CMP-2833,Ahmedabad,Highways,residential,44.58,8,83.13,90.525,0,NORMAL
CMP-2834,Valsad,Energy,commercial,23.1,4,38.55,33.907,0,NORMAL
CMP-2835,Dankuni,Water,commercial,17.13,3,64.93,36.815,0,NORMAL
CMP-2836,Panna,Energy,agricultural,17.59,6,15.44,4.845,0,NORMAL
CMP-2837,Gautam Buddha Nagar,Water,commercial,20.05,5,79.85,52.03,0,NORMAL
CMP-2838,Gautam Buddha Nagar,Energy,commercial,39.27,2,82.26,112.309,0,NORMAL
CMP-2839,Hooghly,Aviation,residential,32.89,2,43.53,32.312,0,NORMAL
CMP-2840,Hooghly,Highways,residential,23.16,8,37.15,22.627,0,NORMAL
CMP-2841,Navsari,Aviation,agricultural,22.3,6,33.68,15.347,0,NORMAL
CMP-2842,Thane,Energy,agricultural,22.77,7,109.0,53.728,0,NORMAL
CMP-2843,Palghar,Highways,residential,30.53,2,36.95,30.159,0,NORMAL
CMP-2844,Gautam Buddha Nagar,Highways,agricultural,17.89,2,69.96,24.74,0,NORMAL
CMP-2845,Ahmedabad,Aviation,commercial,22.34,6,103.08,69.573,0,NORMAL
CMP-2846,Panna,Aviation,residential,13.5,1,26.61,8.73,0,NORMAL
CMP-2847,Palghar,Industrial,residential,7.99,5,35.26,6.565,0,NORMAL
CMP-2848,Valsad,Energy,agricultural,28.21,7,26.61,14.632,0,NORMAL
CMP-2849,Palghar,Industrial,agricultural,27.58,1,30.87,15.119,0,NORMAL
CMP-2850,Gautam Buddha Nagar,Industrial,agricultural,3.61,5,81.66,5.293,0,NORMAL
CMP-2851,Valsad,Water,commercial,33.93,1,42.33,51.607,0,NORMAL
CMP-2852,Hooghly,Industrial,commercial,0.46,5,51.79,0.883,0,NORMAL
CMP-2853,Gautam Buddha Nagar,Aviation,commercial,41.97,8,120.29,178.591,0,NORMAL
CMP-2854,Panna,Railways,agricultural,1.64,5,19.83,0.681,0,NORMAL
CMP-2855,Sonnagar,Highways,residential,3.78,8,27.37,2.878,0,NORMAL
CMP-2856,Thane,Industrial,agricultural,19.0,7,135.52,54.289,0,NORMAL
CMP-2857,Raigad,Energy,agricultural,40.09,3,64.35,52.699,0,NORMAL
CMP-2858,Ahmedabad,Aviation,residential,17.26,6,90.66,41.42,0,NORMAL
CMP-2859,Navsari,Energy,residential,26.09,6,51.49,66.061,1,OVER_VALUED
CMP-2860,Thane,Aviation,commercial,20.83,1,100.9,73.01,0,NORMAL
CMP-2861,Raigad,Energy,residential,35.72,6,53.14,85.013,1,OVER_VALUED
CMP-2862,Raigad,Water,agricultural,27.36,8,39.66,26.238,0,NORMAL
CMP-2863,Surat,Railways,agricultural,29.74,6,76.33,43.758,0,NORMAL
CMP-2864,Sonnagar,Water,commercial,44.53,8,25.71,43.627,0,NORMAL
CMP-2865,Gautam Buddha Nagar,Energy,commercial,3.03,6,78.83,7.1,0,NORMAL
CMP-2866,Surat,Water,agricultural,32.92,7,74.57,43.987,0,NORMAL
CMP-2867,Thane,Railways,residential,44.83,3,108.98,109.361,0,NORMAL
CMP-2868,Palghar,Railways,agricultural,32.96,5,38.59,25.149,0,NORMAL
CMP-2869,Palghar,Highways,residential,11.28,3,32.24,7.793,0,NORMAL
CMP-2870,Panna,Energy,commercial,31.33,4,16.38,17.19,0,NORMAL
CMP-2871,Palghar,Industrial,agricultural,9.43,4,29.99,5.889,0,NORMAL
CMP-2872,Gautam Buddha Nagar,Industrial,commercial,1.44,3,62.31,3.581,0,NORMAL
CMP-2873,Navsari,Energy,agricultural,16.18,3,28.6,16.185,1,OVER_VALUED
CMP-2874,Panna,Highways,residential,30.74,8,27.06,19.228,0,NORMAL
CMP-2875,Panna,Industrial,residential,21.38,4,25.62,14.675,0,NORMAL
CMP-2876,Raigad,Aviation,residential,28.97,3,36.83,28.012,0,NORMAL
CMP-2877,Hooghly,Industrial,residential,14.15,5,55.93,20.189,0,NORMAL
CMP-2878,Valsad,Highways,residential,8.65,7,39.32,9.652,0,NORMAL
CMP-2879,Palghar,Railways,agricultural,13.99,7,31.95,8.717,0,NORMAL
CMP-2880,Palghar,Energy,commercial,35.77,3,31.23,34.752,0,NORMAL
CMP-2881,Valsad,Aviation,residential,18.04,2,23.22,11.008,0,NORMAL
CMP-2882,Dankuni,Energy,residential,44.81,5,38.23,36.812,0,NORMAL
CMP-2883,Sonnagar,Energy,agricultural,30.09,6,22.85,14.646,0,NORMAL
CMP-2884,Dankuni,Industrial,commercial,23.31,6,51.16,45.175,0,NORMAL
CMP-2885,Navsari,Water,commercial,8.86,2,41.92,12.083,0,NORMAL
CMP-2886,Ahmedabad,Water,residential,4.34,1,88.32,8.701,0,NORMAL
CMP-2887,Hooghly,Water,commercial,40.71,6,37.81,109.862,1,OVER_VALUED
CMP-2888,Valsad,Water,residential,34.45,4,22.38,17.302,0,NORMAL
CMP-2889,Palghar,Energy,residential,10.12,1,47.54,12.625,0,NORMAL
CMP-2890,Navsari,Aviation,residential,32.74,1,43.5,39.067,0,NORMAL
CMP-2891,Dankuni,Highways,agricultural,0.58,5,64.67,0.807,0,NORMAL
CMP-2892,Valsad,Aviation,residential,41.9,2,43.97,42.0,0,NORMAL
CMP-2893,Panna,Energy,residential,6.12,2,27.18,5.062,0,NORMAL
CMP-2894,Palghar,Highways,commercial,30.14,1,37.18,35.929,0,NORMAL
CMP-2895,Palghar,Highways,commercial,28.35,1,31.19,30.6,0,NORMAL
CMP-2896,Ahmedabad,Energy,residential,19.6,1,64.83,33.423,0,NORMAL
CMP-2897,Sonnagar,Water,commercial,5.81,2,29.29,5.535,0,NORMAL
CMP-2898,Sonnagar,Railways,agricultural,19.83,2,33.27,13.388,0,NORMAL
CMP-2899,Valsad,Energy,agricultural,11.82,5,46.71,9.685,0,NORMAL
CMP-2900,Dankuni,Water,commercial,14.56,2,54.07,27.36,0,NORMAL
CMP-2901,Dankuni,Energy,residential,35.52,1,63.67,55.581,0,NORMAL
CMP-2902,Thane,Industrial,commercial,42.95,5,75.3,94.351,0,NORMAL
CMP-2903,Ahmedabad,Energy,commercial,19.0,7,62.62,37.597,0,NORMAL
CMP-2904,Raigad,Aviation,commercial,15.98,6,42.01,26.626,0,NORMAL
CMP-2905,Gautam Buddha Nagar,Railways,agricultural,31.82,2,127.97,86.056,0,NORMAL
CMP-2906,Gautam Buddha Nagar,Aviation,residential,40.59,6,92.02,78.794,0,NORMAL
CMP-2907,Palghar,Railways,agricultural,35.12,8,41.89,29.749,0,NORMAL
CMP-2908,Valsad,Energy,commercial,31.46,4,47.34,48.503,0,NORMAL
CMP-2909,Hooghly,Industrial,residential,12.34,3,37.59,10.757,0,NORMAL
CMP-2910,Dankuni,Aviation,residential,32.09,3,60.2,41.066,0,NORMAL
CMP-2911,Navsari,Highways,commercial,3.37,2,31.87,3.463,0,NORMAL
CMP-2912,Sonnagar,Aviation,residential,30.73,5,26.9,19.031,0,NORMAL
CMP-2913,Gautam Buddha Nagar,Industrial,commercial,23.7,1,127.67,121.174,0,NORMAL
CMP-2914,Sonnagar,Highways,agricultural,26.92,6,23.1,12.614,0,NORMAL
CMP-2915,Panna,Aviation,agricultural,9.0,6,29.1,4.996,0,NORMAL
CMP-2916,Raigad,Energy,commercial,40.72,4,41.43,56.574,0,NORMAL
CMP-2917,Raigad,Water,agricultural,1.38,8,37.55,0.958,0,NORMAL
CMP-2918,Gautam Buddha Nagar,Energy,agricultural,10.97,8,102.29,21.027,0,NORMAL
CMP-2919,Ahmedabad,Railways,agricultural,20.44,5,83.94,33.83,0,NORMAL
CMP-2920,Valsad,Highways,agricultural,13.18,2,25.19,7.633,0,NORMAL
CMP-2921,Surat,Highways,commercial,35.53,7,60.25,82.484,0,NORMAL
CMP-2922,Thane,Railways,agricultural,28.8,8,137.23,83.197,0,NORMAL
CMP-2923,Dankuni,Water,agricultural,43.04,4,44.98,47.837,0,NORMAL
CMP-2924,Thane,Highways,residential,9.1,1,128.23,31.767,0,NORMAL
CMP-2925,Dankuni,Water,agricultural,1.95,1,61.3,2.348,0,NORMAL
CMP-2926,Hooghly,Railways,agricultural,12.78,5,48.59,14.131,0,NORMAL
CMP-2927,Ahmedabad,Industrial,agricultural,43.52,7,62.32,60.792,0,NORMAL
CMP-2928,Raigad,Highways,commercial,31.09,3,44.82,44.135,0,NORMAL
CMP-2929,Valsad,Energy,residential,8.93,6,22.02,4.914,0,NORMAL
CMP-2930,Dankuni,Water,commercial,28.46,2,67.96,80.818,0,NORMAL
CMP-2931,Thane,Energy,residential,29.74,4,118.27,90.893,0,NORMAL
CMP-2932,Surat,Industrial,commercial,25.0,5,72.36,63.946,0,NORMAL
CMP-2933,Surat,Aviation,agricultural,32.23,6,63.17,38.614,0,NORMAL
CMP-2934,Gautam Buddha Nagar,Energy,agricultural,10.55,2,109.08,24.312,0,NORMAL
CMP-2935,Ahmedabad,Aviation,commercial,8.28,4,91.93,28.127,0,NORMAL
CMP-2936,Surat,Water,commercial,30.97,8,52.09,52.322,0,NORMAL
CMP-2937,Ahmedabad,Water,residential,14.37,4,76.24,27.291,0,NORMAL
CMP-2938,Sonnagar,Aviation,commercial,5.53,4,21.36,4.218,0,NORMAL
CMP-2939,Hooghly,Aviation,residential,1.79,1,42.86,1.724,0,NORMAL
CMP-2940,Dankuni,Highways,agricultural,3.52,5,48.03,3.463,0,NORMAL
CMP-2941,Thane,Aviation,commercial,12.47,5,81.53,41.243,0,NORMAL
CMP-2942,Dankuni,Railways,residential,25.78,2,46.65,27.231,0,NORMAL
CMP-2943,Palghar,Highways,residential,9.1,4,38.71,8.416,0,NORMAL
CMP-2944,Sonnagar,Highways,agricultural,24.36,8,32.2,13.664,0,NORMAL
CMP-2945,Gautam Buddha Nagar,Highways,commercial,1.19,6,103.1,3.961,0,NORMAL
CMP-2946,Palghar,Energy,commercial,41.9,5,45.12,64.119,0,NORMAL
CMP-2947,Ahmedabad,Industrial,residential,37.53,4,63.05,60.115,0,NORMAL
CMP-2948,Palghar,Railways,residential,8.77,4,31.08,6.752,0,NORMAL
CMP-2949,Sonnagar,Industrial,agricultural,18.2,3,23.82,8.075,0,NORMAL
CMP-2950,Panna,Aviation,commercial,16.45,4,14.44,7.578,0,NORMAL
CMP-2951,Valsad,Highways,residential,21.78,8,40.03,20.37,0,NORMAL
CMP-2952,Valsad,Aviation,agricultural,15.76,6,28.1,7.838,0,NORMAL
CMP-2953,Valsad,Industrial,agricultural,25.04,2,46.79,24.758,0,NORMAL
CMP-2954,Hooghly,Water,agricultural,29.75,6,40.51,28.286,0,NORMAL
CMP-2955,Ahmedabad,Energy,commercial,3.67,7,55.84,7.175,0,NORMAL
CMP-2956,Gautam Buddha Nagar,Water,agricultural,8.32,2,85.47,16.094,0,NORMAL
CMP-2957,Thane,Aviation,commercial,3.91,1,101.53,16.179,0,NORMAL
CMP-2958,Palghar,Water,residential,6.5,4,49.25,8.113,0,NORMAL
CMP-2959,Dankuni,Industrial,agricultural,42.71,2,67.56,123.299,1,OVER_VALUED
CMP-2960,Palghar,Aviation,commercial,0.42,7,41.71,0.644,0,NORMAL
CMP-2961,Dankuni,Highways,residential,31.71,5,57.74,44.776,0,NORMAL
CMP-2962,Valsad,Aviation,agricultural,2.79,1,47.53,2.357,0,NORMAL
CMP-2963,Valsad,Water,agricultural,40.39,2,42.41,35.012,0,NORMAL
CMP-2964,Sonnagar,Water,commercial,33.05,7,19.57,20.859,0,NORMAL
CMP-2965,Gautam Buddha Nagar,Industrial,residential,5.05,5,99.53,13.074,0,NORMAL
CMP-2966,Hooghly,Water,residential,1.98,7,35.08,1.594,0,NORMAL
CMP-2967,Navsari,Water,residential,16.09,7,43.83,16.971,0,NORMAL
CMP-2968,Thane,Aviation,agricultural,36.72,3,91.03,64.799,0,NORMAL
CMP-2969,Sonnagar,Highways,commercial,17.21,2,18.89,11.213,0,NORMAL
CMP-2970,Valsad,Energy,agricultural,31.54,8,44.22,25.828,0,NORMAL
CMP-2971,Surat,Railways,agricultural,33.45,4,65.26,48.132,0,NORMAL
CMP-2972,Palghar,Highways,commercial,44.8,7,28.16,51.726,0,NORMAL
CMP-2973,Thane,Highways,agricultural,9.73,2,110.24,21.571,0,NORMAL
CMP-2974,Ahmedabad,Industrial,residential,12.58,1,108.27,33.885,0,NORMAL
CMP-2975,Raigad,Energy,commercial,26.79,8,45.26,18.311,1,UNDER_VALUED
CMP-2976,Gautam Buddha Nagar,Water,commercial,11.66,5,121.98,46.631,0,NORMAL
CMP-2977,Raigad,Water,residential,26.78,1,61.67,41.861,0,NORMAL
CMP-2978,Gautam Buddha Nagar,Industrial,commercial,32.52,5,61.32,62.748,0,NORMAL
CMP-2979,Navsari,Industrial,commercial,16.24,2,40.42,24.26,0,NORMAL
CMP-2980,Ahmedabad,Industrial,commercial,44.02,1,80.33,120.042,0,NORMAL
CMP-2981,Palghar,Water,agricultural,40.99,5,42.68,40.632,0,NORMAL
CMP-2982,Valsad,Railways,commercial,37.06,3,28.08,31.59,0,NORMAL
CMP-2983,Palghar,Water,agricultural,35.41,3,27.49,19.907,0,NORMAL
CMP-2984,Valsad,Energy,residential,18.51,2,25.75,13.586,0,NORMAL
CMP-2985,Navsari,Water,agricultural,16.93,5,47.81,15.597,0,NORMAL
CMP-2986,Sonnagar,Highways,residential,36.1,1,34.83,33.445,0,NORMAL
CMP-2987,Ahmedabad,Aviation,agricultural,27.75,4,93.85,55.803,0,NORMAL
CMP-2988,Surat,Highways,residential,43.95,2,73.47,80.61,0,NORMAL
CMP-2989,Panna,Aviation,commercial,17.25,5,16.97,8.425,0,NORMAL
CMP-2990,Thane,Water,agricultural,28.36,2,96.54,51.185,0,NORMAL
CMP-2991,Dankuni,Water,commercial,19.56,1,58.5,37.492,0,NORMAL
CMP-2992,Gautam Buddha Nagar,Railways,residential,15.48,2,76.12,34.355,0,NORMAL
CMP-2993,Thane,Aviation,commercial,15.61,8,69.38,41.317,0,NORMAL
CMP-2994,Navsari,Water,commercial,36.02,5,39.42,43.96,0,NORMAL
CMP-2995,Navsari,Water,agricultural,31.11,7,43.58,23.377,0,NORMAL
CMP-2996,Palghar,Energy,commercial,13.47,6,48.04,24.715,0,NORMAL
CMP-2997,Valsad,Aviation,agricultural,7.63,3,43.11,6.722,0,NORMAL
CMP-2998,Valsad,Energy,commercial,12.67,2,36.19,15.16,0,NORMAL
CMP-2999,Palghar,Industrial,commercial,15.12,6,28.5,15.461,0,NORMAL
CMP-3000,Ahmedabad,Water,residential,37.04,8,72.01,56.99,0,NORMAL
CMP-3001,Hooghly,Aviation,agricultural,5.28,6,59.72,5.716,0,NORMAL
CMP-3002,Valsad,Industrial,residential,22.02,1,40.44,23.544,0,NORMAL
CMP-3003,Ahmedabad,Industrial,residential,14.85,5,68.48,29.299,0,NORMAL
CMP-3004,Palghar,Railways,commercial,2.34,5,26.61,2.211,0,NORMAL
CMP-3005,Gautam Buddha Nagar,Aviation,commercial,30.27,7,113.89,122.613,0,NORMAL
CMP-3006,Surat,Water,commercial,25.0,4,83.13,63.645,0,NORMAL
CMP-3007,Hooghly,Energy,commercial,27.1,6,41.61,39.575,0,NORMAL
CMP-3008,Surat,Water,agricultural,42.0,4,77.71,65.89,0,NORMAL
CMP-3009,Raigad,Railways,agricultural,40.44,1,59.79,45.925,0,NORMAL
CMP-3010,Raigad,Water,agricultural,34.9,7,35.92,23.509,0,NORMAL
CMP-3011,Thane,Energy,commercial,34.13,8,102.27,116.378,0,NORMAL
CMP-3012,Valsad,Industrial,commercial,34.95,4,28.34,33.908,0,NORMAL
CMP-3013,Palghar,Railways,residential,28.01,7,28.34,19.308,0,NORMAL
CMP-3014,Palghar,Industrial,commercial,20.96,3,41.78,33.868,0,NORMAL
CMP-3015,Valsad,Water,commercial,2.12,8,44.3,3.232,0,NORMAL
CMP-3016,Raigad,Railways,agricultural,1.78,6,41.74,1.391,0,NORMAL
CMP-3017,Valsad,Energy,commercial,0.65,5,22.81,0.421,0,NORMAL
CMP-3018,Panna,Energy,agricultural,27.77,1,24.19,11.901,0,NORMAL
CMP-3019,Surat,Aviation,commercial,35.94,3,63.94,95.133,0,NORMAL
CMP-3020,Navsari,Highways,commercial,23.38,8,50.02,43.182,0,NORMAL
CMP-3021,Thane,Energy,agricultural,22.56,1,132.79,58.286,0,NORMAL
CMP-3022,Thane,Energy,residential,31.84,5,70.94,59.499,0,NORMAL
CMP-3023,Gautam Buddha Nagar,Highways,residential,11.2,1,64.06,21.695,0,NORMAL
CMP-3024,Sonnagar,Aviation,residential,22.18,1,32.88,18.781,0,NORMAL
CMP-3025,Valsad,Aviation,residential,30.98,8,22.21,16.688,0,NORMAL
CMP-3026,Hooghly,Highways,commercial,1.97,2,59.85,3.983,0,NORMAL
CMP-3027,Surat,Water,commercial,34.54,8,84.64,94.022,0,NORMAL
CMP-3028,Hooghly,Energy,residential,27.18,6,52.55,35.937,0,NORMAL
CMP-3029,Panna,Railways,agricultural,28.45,2,26.57,35.955,1,OVER_VALUED
CMP-3030,Dankuni,Energy,residential,31.33,5,60.45,45.434,0,NORMAL
CMP-3031,Thane,Highways,commercial,14.81,3,118.01,70.066,0,NORMAL
CMP-3032,Dankuni,Aviation,residential,2.31,4,67.97,3.765,0,NORMAL
CMP-3033,Thane,Railways,agricultural,21.07,5,87.31,36.632,0,NORMAL
CMP-3034,Hooghly,Industrial,residential,12.92,7,51.21,16.008,0,NORMAL
CMP-3035,Valsad,Aviation,residential,36.58,2,34.11,29.471,0,NORMAL
CMP-3036,Dankuni,Highways,commercial,22.14,7,44.8,35.89,0,NORMAL
CMP-3037,Hooghly,Highways,agricultural,4.63,5,48.68,4.412,0,NORMAL
CMP-3038,Ahmedabad,Water,commercial,33.13,6,93.02,101.62,0,NORMAL
CMP-3039,Thane,Water,commercial,41.78,8,114.52,164.382,0,NORMAL
CMP-3040,Valsad,Water,agricultural,18.75,2,40.7,29.133,1,OVER_VALUED
CMP-3041,Raigad,Aviation,residential,22.04,7,55.03,26.094,0,NORMAL
CMP-3042,Gautam Buddha Nagar,Aviation,commercial,19.34,2,100.12,62.069,0,NORMAL
CMP-3043,Sonnagar,Highways,commercial,27.99,8,25.91,28.658,0,NORMAL
CMP-3044,Palghar,Aviation,commercial,1.21,5,34.45,1.31,0,NORMAL
CMP-3045,Surat,Water,residential,22.69,4,56.98,37.763,0,NORMAL
CMP-3046,Panna,Water,agricultural,7.86,6,29.63,4.631,0,NORMAL
CMP-3047,Ahmedabad,Energy,commercial,24.02,5,64.55,52.035,0,NORMAL
CMP-3048,Surat,Aviation,agricultural,16.73,4,65.79,19.828,0,NORMAL
CMP-3049,Surat,Industrial,residential,38.23,3,80.48,51.44,1,UNDER_VALUED
CMP-3050,Raigad,Aviation,agricultural,14.68,7,39.84,4.655,1,UNDER_VALUED
CMP-3051,Dankuni,Water,agricultural,28.9,2,48.96,32.314,0,NORMAL
CMP-3052,Gautam Buddha Nagar,Railways,residential,40.61,8,105.01,115.569,0,NORMAL
CMP-3053,Surat,Industrial,residential,20.41,2,78.08,46.011,0,NORMAL
CMP-3054,Palghar,Railways,residential,43.62,1,27.54,25.981,0,NORMAL
CMP-3055,Panna,Water,agricultural,30.47,1,16.94,11.081,0,NORMAL
CMP-3056,Palghar,Highways,commercial,7.74,5,33.56,9.639,0,NORMAL
CMP-3057,Palghar,Aviation,commercial,8.47,3,46.2,13.527,0,NORMAL
CMP-3058,Navsari,Energy,commercial,40.27,4,44.59,56.296,0,NORMAL
CMP-3059,Raigad,Energy,agricultural,28.4,6,38.47,20.753,0,NORMAL
CMP-3060,Valsad,Railways,agricultural,23.68,8,27.8,13.353,0,NORMAL
CMP-3061,Gautam Buddha Nagar,Aviation,residential,33.31,5,75.85,59.369,0,NORMAL
CMP-3062,Ahmedabad,Highways,agricultural,19.18,1,103.31,36.793,0,NORMAL
CMP-3063,Palghar,Highways,agricultural,15.24,8,36.08,10.916,0,NORMAL
CMP-3064,Gautam Buddha Nagar,Industrial,commercial,17.76,4,79.77,53.542,0,NORMAL
CMP-3065,Ahmedabad,Energy,residential,10.21,7,119.82,26.853,0,NORMAL
CMP-3066,Thane,Highways,commercial,39.7,2,136.38,171.34,0,NORMAL
CMP-3067,Ahmedabad,Energy,agricultural,15.02,2,92.14,27.581,0,NORMAL
CMP-3068,Thane,Aviation,commercial,37.75,3,76.86,91.703,0,NORMAL
CMP-3069,Raigad,Aviation,residential,14.62,4,54.06,17.205,0,NORMAL
CMP-3070,Thane,Railways,agricultural,3.57,6,116.18,7.269,0,NORMAL
CMP-3071,Navsari,Railways,commercial,43.05,4,40.05,70.36,0,NORMAL
CMP-3072,Sonnagar,Highways,commercial,30.88,2,21.16,26.92,0,NORMAL
CMP-3073,Sonnagar,Industrial,agricultural,44.23,6,18.53,5.644,1,UNDER_VALUED
CMP-3074,Hooghly,Industrial,agricultural,33.52,7,44.86,30.893,0,NORMAL
CMP-3075,Panna,Highways,agricultural,38.1,7,19.09,14.575,0,NORMAL
CMP-3076,Hooghly,Energy,residential,3.58,7,57.05,5.076,0,NORMAL
CMP-3077,Ahmedabad,Railways,agricultural,5.13,1,59.13,5.234,0,NORMAL
CMP-3078,Surat,Aviation,agricultural,30.55,2,64.16,36.359,0,NORMAL
CMP-3079,Hooghly,Railways,commercial,25.83,8,46.3,39.471,0,NORMAL
CMP-3080,Valsad,Water,agricultural,19.01,8,45.93,17.994,0,NORMAL
CMP-3081,Ahmedabad,Highways,commercial,20.08,2,81.51,55.701,0,NORMAL
CMP-3082,Valsad,Industrial,residential,25.98,2,27.68,20.023,0,NORMAL
CMP-3083,Ahmedabad,Highways,residential,22.79,6,59.96,34.081,0,NORMAL
CMP-3084,Ahmedabad,Railways,residential,4.05,6,78.22,7.842,0,NORMAL
CMP-3085,Surat,Railways,residential,14.71,8,48.23,17.461,0,NORMAL
CMP-3086,Dankuni,Highways,residential,37.32,4,35.6,31.361,0,NORMAL
CMP-3087,Sonnagar,Aviation,agricultural,31.71,4,35.18,22.884,0,NORMAL
CMP-3088,Raigad,Aviation,commercial,29.3,6,62.52,63.034,0,NORMAL
CMP-3089,Valsad,Railways,residential,31.26,7,22.78,21.46,0,NORMAL
CMP-3090,Sonnagar,Railways,commercial,20.08,7,30.26,20.437,0,NORMAL
CMP-3091,Hooghly,Industrial,commercial,40.7,3,51.74,79.969,0,NORMAL
CMP-3092,Hooghly,Industrial,residential,1.33,1,47.61,1.505,0,NORMAL
CMP-3093,Ahmedabad,Railways,residential,39.58,7,59.31,61.748,0,NORMAL
CMP-3094,Surat,Highways,commercial,26.55,2,58.71,53.629,0,NORMAL
CMP-3095,Hooghly,Aviation,residential,35.2,1,40.6,37.635,0,NORMAL
CMP-3096,Panna,Energy,agricultural,34.97,2,18.99,13.462,0,NORMAL
CMP-3097,Surat,Water,residential,21.15,3,72.04,37.232,0,NORMAL
CMP-3098,Raigad,Energy,residential,17.3,8,60.65,25.204,0,NORMAL
CMP-3099,Panna,Railways,residential,26.2,3,24.51,17.302,0,NORMAL
CMP-3100,Hooghly,Highways,agricultural,34.4,6,57.91,34.033,0,NORMAL
CMP-3101,Surat,Railways,residential,44.22,2,70.69,82.133,0,NORMAL
CMP-3102,Hooghly,Water,commercial,15.6,6,55.91,30.888,0,NORMAL
CMP-3103,Surat,Highways,residential,23.24,6,52.92,28.844,0,NORMAL
CMP-3104,Hooghly,Aviation,commercial,0.69,5,57.78,1.214,0,NORMAL
CMP-3105,Surat,Energy,agricultural,3.34,4,51.18,3.251,0,NORMAL
CMP-3106,Sonnagar,Energy,residential,7.6,3,34.26,5.869,0,NORMAL
CMP-3107,Navsari,Aviation,agricultural,35.1,2,45.07,31.823,0,NORMAL
CMP-3108,Gautam Buddha Nagar,Railways,agricultural,27.27,3,126.42,66.404,0,NORMAL
CMP-3109,Thane,Railways,residential,41.84,7,118.28,129.184,0,NORMAL
CMP-3110,Gautam Buddha Nagar,Energy,agricultural,41.69,2,77.38,61.116,0,NORMAL
CMP-3111,Dankuni,Water,commercial,4.24,2,51.99,8.974,0,NORMAL
CMP-3112,Ahmedabad,Aviation,agricultural,13.82,6,83.69,22.659,0,NORMAL
CMP-3113,Panna,Highways,commercial,9.61,3,23.92,8.192,0,NORMAL
CMP-3114,Dankuni,Railways,commercial,23.17,2,40.79,27.848,0,NORMAL
CMP-3115,Raigad,Aviation,residential,6.88,6,30.55,2.094,1,UNDER_VALUED
CMP-3116,Palghar,Energy,agricultural,40.51,8,35.07,24.695,0,NORMAL
CMP-3117,Palghar,Aviation,residential,20.99,6,30.53,17.65,0,NORMAL
CMP-3118,Surat,Railways,agricultural,38.18,2,60.65,47.303,0,NORMAL
CMP-3119,Panna,Water,commercial,40.85,5,23.73,37.68,0,NORMAL
CMP-3120,Palghar,Highways,agricultural,26.48,3,44.11,21.408,0,NORMAL
CMP-3121,Thane,Railways,commercial,12.45,4,115.36,47.677,0,NORMAL
CMP-3122,Hooghly,Railways,residential,16.28,1,33.69,14.929,0,NORMAL
CMP-3123,Palghar,Highways,residential,13.23,1,29.06,9.019,0,NORMAL
CMP-3124,Navsari,Energy,residential,17.37,6,38.55,17.818,0,NORMAL
CMP-3125,Surat,Highways,residential,20.44,8,51.36,24.237,0,NORMAL
CMP-3126,Thane,Energy,residential,20.8,5,117.84,64.017,0,NORMAL
CMP-3127,Dankuni,Energy,commercial,10.09,4,45.15,16.413,0,NORMAL
CMP-3128,Raigad,Water,agricultural,37.15,3,36.66,25.604,0,NORMAL
CMP-3129,Gautam Buddha Nagar,Railways,residential,14.88,1,72.12,27.859,0,NORMAL
CMP-3130,Thane,Energy,residential,25.9,5,96.13,63.668,0,NORMAL
CMP-3131,Palghar,Energy,residential,25.39,6,44.05,29.764,0,NORMAL
CMP-3132,Ahmedabad,Energy,commercial,43.25,7,66.35,108.757,0,NORMAL
CMP-3133,Navsari,Water,agricultural,4.35,4,36.82,3.255,0,NORMAL
CMP-3134,Thane,Energy,residential,39.48,3,122.18,128.238,0,NORMAL
CMP-3135,Dankuni,Industrial,commercial,26.52,4,51.37,49.866,0,NORMAL
CMP-3136,Navsari,Railways,commercial,44.72,3,47.65,86.187,0,NORMAL
CMP-3137,Valsad,Highways,commercial,16.77,6,34.17,20.298,0,NORMAL
CMP-3138,Gautam Buddha Nagar,Energy,residential,13.09,6,106.83,32.977,0,NORMAL
CMP-3139,Ahmedabad,Railways,agricultural,14.67,5,94.88,23.112,0,NORMAL
CMP-3140,Thane,Industrial,residential,15.44,1,119.28,42.109,0,NORMAL
CMP-3141,Gautam Buddha Nagar,Highways,agricultural,15.62,1,72.92,22.487,0,NORMAL
CMP-3142,Panna,Energy,residential,3.93,8,24.78,2.24,0,NORMAL
CMP-3143,Hooghly,Highways,agricultural,18.19,7,37.45,23.852,1,OVER_VALUED
CMP-3144,Palghar,Railways,residential,14.81,7,34.99,10.165,0,NORMAL
CMP-3145,Gautam Buddha Nagar,Highways,residential,5.44,6,126.34,18.079,0,NORMAL
CMP-3146,Raigad,Highways,commercial,43.91,6,49.14,67.783,0,NORMAL
CMP-3147,Panna,Aviation,commercial,6.04,4,16.05,5.721,1,OVER_VALUED
CMP-3148,Surat,Highways,commercial,12.54,1,55.27,23.169,0,NORMAL
CMP-3149,Thane,Water,commercial,23.36,3,124.53,107.318,0,NORMAL
CMP-3150,Panna,Aviation,commercial,34.12,3,19.89,24.293,0,NORMAL
CMP-3151,Gautam Buddha Nagar,Water,commercial,8.81,7,110.27,36.426,0,NORMAL
CMP-3152,Surat,Industrial,commercial,40.75,6,70.72,107.373,0,NORMAL
CMP-3153,Gautam Buddha Nagar,Railways,residential,2.89,5,116.53,7.978,0,NORMAL
CMP-3154,Ahmedabad,Industrial,agricultural,14.7,1,56.89,15.408,0,NORMAL
CMP-3155,Palghar,Energy,residential,5.89,4,41.13,5.008,0,NORMAL
CMP-3156,Hooghly,Energy,agricultural,22.33,6,39.1,15.466,0,NORMAL
CMP-3157,Panna,Energy,agricultural,17.93,8,29.62,11.099,0,NORMAL
CMP-3158,Sonnagar,Highways,agricultural,17.4,4,28.52,11.284,0,NORMAL
CMP-3159,Thane,Aviation,agricultural,44.86,7,129.3,238.923,1,OVER_VALUED
CMP-3160,Panna,Highways,agricultural,6.08,5,20.06,2.499,0,NORMAL
CMP-3161,Surat,Industrial,agricultural,25.5,1,81.87,37.467,0,NORMAL
CMP-3162,Surat,Aviation,commercial,42.01,4,73.5,198.981,1,OVER_VALUED
CMP-3163,Sonnagar,Railways,residential,42.63,7,24.43,24.697,0,NORMAL
CMP-3164,Sonnagar,Industrial,residential,24.67,3,28.92,19.96,0,NORMAL
CMP-3165,Gautam Buddha Nagar,Aviation,residential,33.35,1,105.14,93.341,0,NORMAL
CMP-3166,Dankuni,Railways,residential,9.81,5,58.4,15.833,0,NORMAL
CMP-3167,Surat,Industrial,residential,11.18,2,45.78,12.748,0,NORMAL
CMP-3168,Hooghly,Aviation,commercial,14.28,4,50.92,28.492,0,NORMAL
CMP-3169,Palghar,Railways,agricultural,20.51,1,44.17,19.053,0,NORMAL
CMP-3170,Dankuni,Railways,residential,44.76,8,58.07,60.447,0,NORMAL
CMP-3171,Gautam Buddha Nagar,Aviation,residential,8.08,8,70.4,14.82,0,NORMAL
CMP-3172,Palghar,Aviation,agricultural,16.4,1,45.33,15.295,0,NORMAL
CMP-3173,Ahmedabad,Railways,agricultural,32.99,7,72.08,47.545,0,NORMAL
CMP-3174,Navsari,Aviation,commercial,6.26,3,42.83,11.473,0,NORMAL
CMP-3175,Palghar,Industrial,residential,18.06,7,37.62,19.841,0,NORMAL
CMP-3176,Palghar,Water,residential,3.99,4,46.97,5.224,0,NORMAL
CMP-3177,Raigad,Water,commercial,3.69,5,40.15,5.482,0,NORMAL
CMP-3178,Sonnagar,Aviation,agricultural,0.63,5,35.57,0.624,1,OVER_VALUED
CMP-3179,Gautam Buddha Nagar,Water,residential,40.55,5,113.77,107.036,0,NORMAL
CMP-3180,Dankuni,Industrial,commercial,5.33,1,60.14,10.909,0,NORMAL
CMP-3181,Panna,Aviation,agricultural,14.93,5,24.16,6.623,0,NORMAL
CMP-3182,Panna,Aviation,residential,28.25,5,21.67,17.874,0,NORMAL
CMP-3183,Hooghly,Water,commercial,28.16,7,45.51,51.152,0,NORMAL
CMP-3184,Panna,Industrial,agricultural,4.36,5,24.86,2.492,0,NORMAL
CMP-3185,Hooghly,Aviation,residential,11.73,8,46.9,15.677,0,NORMAL
CMP-3186,Ahmedabad,Energy,residential,42.65,4,74.53,78.929,0,NORMAL
CMP-3187,Thane,Highways,agricultural,10.71,4,65.86,12.935,0,NORMAL
CMP-3188,Ahmedabad,Water,commercial,24.51,5,67.11,67.391,0,NORMAL
CMP-3189,Gautam Buddha Nagar,Energy,commercial,16.81,1,106.24,64.087,0,NORMAL
CMP-3190,Dankuni,Railways,residential,38.39,1,67.59,62.23,0,NORMAL
CMP-3191,Panna,Railways,residential,12.23,8,19.57,5.734,0,NORMAL
CMP-3192,Dankuni,Energy,agricultural,5.21,5,38.3,3.607,0,NORMAL
CMP-3193,Raigad,Aviation,residential,6.36,5,46.31,6.16,0,NORMAL
CMP-3194,Thane,Highways,residential,26.91,3,99.41,62.353,0,NORMAL
CMP-3195,Sonnagar,Energy,agricultural,33.66,5,23.54,16.225,0,NORMAL
CMP-3196,Navsari,Railways,commercial,30.14,2,29.37,27.378,0,NORMAL
CMP-3197,Sonnagar,Aviation,residential,42.39,3,19.06,20.182,0,NORMAL
CMP-3198,Hooghly,Railways,commercial,26.04,6,51.6,36.711,0,NORMAL
CMP-3199,Gautam Buddha Nagar,Water,commercial,16.52,8,88.1,59.812,0,NORMAL
CMP-3200,Hooghly,Aviation,agricultural,22.05,8,35.6,15.521,0,NORMAL
CMP-3201,Sonnagar,Highways,residential,33.59,4,31.7,23.717,0,NORMAL
CMP-3202,Hooghly,Railways,commercial,44.51,3,48.71,40.873,1,UNDER_VALUED
CMP-3203,Hooghly,Energy,agricultural,19.36,8,45.5,11.57,1,UNDER_VALUED
CMP-3204,Gautam Buddha Nagar,Industrial,agricultural,35.17,8,127.46,92.867,0,NORMAL
CMP-3205,Palghar,Industrial,commercial,24.22,5,26.92,18.586,0,NORMAL
CMP-3206,Sonnagar,Highways,residential,22.93,1,34.34,18.347,0,NORMAL
CMP-3207,Thane,Aviation,commercial,31.96,2,128.04,160.546,0,NORMAL
CMP-3208,Ahmedabad,Railways,commercial,41.85,4,116.16,171.276,0,NORMAL
CMP-3209,Thane,Industrial,commercial,3.41,6,137.74,15.485,0,NORMAL
CMP-3210,Palghar,Energy,agricultural,4.97,7,28.56,2.739,0,NORMAL
CMP-3211,Surat,Water,commercial,25.34,6,72.85,65.988,0,NORMAL
CMP-3212,Thane,Railways,residential,41.44,1,94.32,101.115,0,NORMAL
CMP-3213,Valsad,Aviation,agricultural,42.98,7,30.71,31.755,0,NORMAL
CMP-3214,Surat,Water,commercial,11.41,5,55.51,22.391,0,NORMAL
CMP-3215,Sonnagar,Energy,commercial,4.83,2,32.99,5.071,0,NORMAL
CMP-3216,Palghar,Aviation,residential,8.29,7,36.35,7.087,0,NORMAL
CMP-3217,Navsari,Water,agricultural,16.52,5,34.22,10.479,0,NORMAL
CMP-3218,Dankuni,Highways,commercial,8.32,3,35.12,9.014,0,NORMAL
CMP-3219,Thane,Energy,agricultural,21.13,5,88.45,38.28,0,NORMAL
CMP-3220,Thane,Industrial,residential,2.59,6,127.2,8.37,0,NORMAL
CMP-3221,Navsari,Energy,commercial,20.22,5,49.28,39.624,0,NORMAL
CMP-3222,Dankuni,Industrial,residential,39.41,1,51.86,56.088,0,NORMAL
CMP-3223,Hooghly,Highways,commercial,29.74,3,40.48,36.167,0,NORMAL
CMP-3224,Panna,Water,agricultural,4.08,3,26.86,1.918,0,NORMAL
CMP-3225,Navsari,Industrial,agricultural,1.1,4,50.51,1.144,0,NORMAL
CMP-3226,Thane,Highways,residential,10.06,8,116.71,14.442,1,UNDER_VALUED
CMP-3227,Ahmedabad,Highways,residential,9.66,1,87.91,22.143,0,NORMAL
CMP-3228,Navsari,Highways,residential,11.93,1,46.94,13.996,0,NORMAL
CMP-3229,Valsad,Aviation,commercial,9.6,8,37.17,12.513,0,NORMAL
CMP-3230,Ahmedabad,Energy,agricultural,16.78,5,74.16,25.552,0,NORMAL
CMP-3231,Navsari,Aviation,residential,12.76,3,28.42,8.349,0,NORMAL
CMP-3232,Raigad,Industrial,commercial,15.69,6,58.26,27.936,0,NORMAL
CMP-3233,Navsari,Aviation,agricultural,30.62,1,42.88,30.714,0,NORMAL
CMP-3234,Navsari,Industrial,commercial,35.53,2,41.55,61.26,0,NORMAL
CMP-3235,Sonnagar,Industrial,residential,15.62,2,31.15,13.663,0,NORMAL
CMP-3236,Gautam Buddha Nagar,Aviation,residential,32.15,2,119.98,107.9,0,NORMAL
CMP-3237,Ahmedabad,Highways,commercial,18.1,8,79.25,46.131,0,NORMAL
CMP-3238,Palghar,Energy,agricultural,11.12,7,30.12,6.335,0,NORMAL
CMP-3239,Palghar,Aviation,commercial,43.04,8,28.73,48.515,0,NORMAL
CMP-3240,Navsari,Highways,commercial,9.33,3,50.58,16.917,0,NORMAL
CMP-3241,Ahmedabad,Highways,commercial,16.61,4,106.08,63.298,0,NORMAL
CMP-3242,Panna,Railways,agricultural,1.75,7,15.03,1.229,1,OVER_VALUED
CMP-3243,Gautam Buddha Nagar,Water,residential,13.46,6,106.51,34.633,0,NORMAL
CMP-3244,Dankuni,Industrial,commercial,18.87,1,49.88,31.143,0,NORMAL
CMP-3245,Hooghly,Railways,residential,13.13,8,48.29,17.913,0,NORMAL
CMP-3246,Thane,Energy,residential,20.82,2,125.09,70.084,0,NORMAL
CMP-3247,Raigad,Industrial,commercial,10.3,6,50.7,34.765,1,OVER_VALUED
CMP-3248,Surat,Aviation,commercial,38.31,5,73.03,80.804,0,NORMAL
CMP-3249,Surat,Aviation,agricultural,36.44,3,81.6,55.383,0,NORMAL
CMP-3250,Sonnagar,Industrial,residential,5.38,1,19.92,2.772,0,NORMAL
CMP-3251,Dankuni,Industrial,agricultural,2.85,4,51.25,2.616,0,NORMAL
CMP-3252,Thane,Railways,commercial,3.46,6,100.14,11.889,0,NORMAL
CMP-3253,Raigad,Railways,residential,14.36,7,35.37,12.705,0,NORMAL
CMP-3254,Palghar,Energy,agricultural,38.58,3,39.9,27.456,0,NORMAL
CMP-3255,Dankuni,Railways,residential,26.27,6,44.25,60.207,1,OVER_VALUED
CMP-3256,Palghar,Railways,residential,24.35,4,47.02,25.214,0,NORMAL
CMP-3257,Gautam Buddha Nagar,Water,residential,40.34,7,70.14,67.899,0,NORMAL
CMP-3258,Gautam Buddha Nagar,Industrial,residential,39.23,5,117.08,112.045,0,NORMAL
CMP-3259,Raigad,Railways,agricultural,40.13,4,40.71,34.625,0,NORMAL
CMP-3260,Palghar,Water,commercial,30.01,8,27.46,32.499,0,NORMAL
CMP-3261,Sonnagar,Industrial,residential,27.93,5,19.16,15.376,0,NORMAL
CMP-3262,Valsad,Railways,residential,20.43,8,30.89,16.246,0,NORMAL
CMP-3263,Surat,Energy,commercial,15.68,2,66.36,36.453,0,NORMAL
CMP-3264,Dankuni,Highways,residential,37.41,6,59.13,56.696,0,NORMAL
CMP-3265,Valsad,Aviation,agricultural,2.78,6,25.54,1.389,0,NORMAL
CMP-3266,Panna,Highways,agricultural,8.47,7,25.17,3.702,0,NORMAL
CMP-3267,Thane,Water,commercial,43.76,1,80.2,126.469,0,NORMAL
CMP-3268,Gautam Buddha Nagar,Water,residential,17.67,7,87.81,37.539,0,NORMAL
CMP-3269,Thane,Aviation,agricultural,28.97,3,85.66,43.276,0,NORMAL
CMP-3270,Surat,Energy,commercial,19.28,2,84.08,61.933,0,NORMAL
CMP-3271,Raigad,Energy,commercial,2.84,6,37.46,3.733,0,NORMAL
CMP-3272,Thane,Industrial,commercial,7.9,7,73.88,18.612,0,NORMAL
CMP-3273,Navsari,Industrial,agricultural,26.1,7,39.39,18.748,0,NORMAL
CMP-3274,Thane,Energy,agricultural,19.38,1,117.51,41.473,0,NORMAL
CMP-3275,Sonnagar,Industrial,commercial,42.41,7,24.73,35.945,0,NORMAL
CMP-3276,Navsari,Water,commercial,31.67,3,34.0,41.652,0,NORMAL
CMP-3277,Surat,Energy,commercial,39.92,3,57.51,80.5,0,NORMAL
CMP-3278,Palghar,Industrial,residential,1.5,5,48.59,2.089,0,NORMAL
CMP-3279,Surat,Energy,agricultural,8.1,6,62.21,10.026,0,NORMAL
CMP-3280,Surat,Water,residential,13.3,6,66.85,20.393,0,NORMAL
CMP-3281,Sonnagar,Aviation,agricultural,43.88,8,23.96,22.394,0,NORMAL
CMP-3282,Surat,Water,commercial,31.44,8,81.8,76.03,0,NORMAL
CMP-3283,Ahmedabad,Energy,agricultural,13.25,5,59.37,13.951,0,NORMAL
CMP-3284,Panna,Water,commercial,36.62,7,23.35,28.083,0,NORMAL
CMP-3285,Panna,Energy,agricultural,7.91,2,28.68,2.128,1,UNDER_VALUED
CMP-3286,Thane,Aviation,commercial,26.43,2,126.23,96.158,0,NORMAL
CMP-3287,Ahmedabad,Aviation,residential,39.57,4,69.41,68.939,0,NORMAL
CMP-3288,Raigad,Energy,agricultural,32.14,7,35.67,21.336,0,NORMAL
CMP-3289,Surat,Industrial,commercial,39.72,2,59.8,33.623,1,UNDER_VALUED
CMP-3290,Dankuni,Industrial,agricultural,36.37,4,49.24,39.431,0,NORMAL
CMP-3291,Sonnagar,Railways,commercial,24.33,2,33.22,29.417,0,NORMAL
CMP-3292,Ahmedabad,Highways,residential,4.83,7,106.7,11.971,0,NORMAL
CMP-3293,Panna,Water,commercial,10.73,1,18.32,7.135,0,NORMAL
CMP-3294,Valsad,Water,agricultural,17.2,6,35.49,11.991,0,NORMAL
CMP-3295,Gautam Buddha Nagar,Industrial,residential,9.35,4,74.73,17.982,0,NORMAL
CMP-3296,Dankuni,Railways,residential,18.39,1,58.54,28.612,0,NORMAL
CMP-3297,Valsad,Water,agricultural,42.17,5,38.05,35.961,0,NORMAL
CMP-3298,Hooghly,Railways,commercial,29.3,1,50.68,54.507,0,NORMAL
CMP-3299,Navsari,Highways,residential,32.14,1,50.89,35.035,0,NORMAL
CMP-3300,Sonnagar,Industrial,residential,34.52,7,19.11,14.605,0,NORMAL
CMP-3301,Panna,Aviation,commercial,13.66,1,25.72,14.219,0,NORMAL
CMP-3302,Navsari,Highways,commercial,40.85,3,38.26,47.318,0,NORMAL
CMP-3303,Ahmedabad,Aviation,residential,18.58,1,112.26,58.191,0,NORMAL
CMP-3304,Surat,Industrial,residential,3.47,5,58.35,4.377,0,NORMAL
CMP-3305,Thane,Industrial,commercial,32.55,1,81.9,81.507,0,NORMAL
CMP-3306,Dankuni,Railways,agricultural,9.72,5,41.97,7.198,0,NORMAL
CMP-3307,Surat,Industrial,commercial,11.49,2,78.3,28.932,0,NORMAL
CMP-3308,Raigad,Water,agricultural,25.44,4,31.38,15.614,0,NORMAL
CMP-3309,Navsari,Aviation,residential,14.49,4,28.42,9.07,0,NORMAL
CMP-3310,Gautam Buddha Nagar,Water,agricultural,25.55,3,87.22,44.857,0,NORMAL
CMP-3311,Gautam Buddha Nagar,Aviation,agricultural,13.94,2,84.54,26.954,0,NORMAL
CMP-3312,Panna,Energy,residential,16.36,5,14.84,6.555,0,NORMAL
CMP-3313,Ahmedabad,Energy,agricultural,25.62,7,89.52,44.679,0,NORMAL
CMP-3314,Ahmedabad,Aviation,commercial,40.14,1,64.18,91.083,0,NORMAL
CMP-3315,Panna,Railways,residential,26.51,3,28.94,17.129,0,NORMAL
CMP-3316,Surat,Water,residential,24.7,1,78.87,47.043,0,NORMAL
CMP-3317,Palghar,Energy,commercial,35.53,2,41.43,53.117,0,NORMAL
CMP-3318,Dankuni,Railways,residential,22.01,4,54.79,29.282,0,NORMAL
CMP-3319,Gautam Buddha Nagar,Energy,commercial,34.83,3,105.76,120.744,0,NORMAL
CMP-3320,Dankuni,Railways,agricultural,27.05,5,62.21,32.154,0,NORMAL
CMP-3321,Thane,Energy,agricultural,7.58,4,98.54,15.961,0,NORMAL
CMP-3322,Thane,Energy,agricultural,42.27,8,117.29,108.706,0,NORMAL
CMP-3323,Valsad,Water,commercial,26.47,7,30.6,34.484,0,NORMAL
CMP-3324,Panna,Aviation,agricultural,40.11,1,26.53,22.259,0,NORMAL
CMP-3325,Gautam Buddha Nagar,Highways,residential,16.24,3,98.1,39.422,0,NORMAL
CMP-3326,Palghar,Energy,commercial,16.22,4,40.7,27.494,0,NORMAL
CMP-3327,Palghar,Highways,commercial,1.16,4,49.38,2.008,0,NORMAL
CMP-3328,Valsad,Railways,residential,42.2,7,29.48,25.419,0,NORMAL
CMP-3329,Sonnagar,Aviation,agricultural,44.57,1,30.65,26.517,0,NORMAL
CMP-3330,Valsad,Railways,commercial,22.18,4,28.52,18.21,0,NORMAL
CMP-3331,Valsad,Water,commercial,26.3,1,46.87,43.069,0,NORMAL
CMP-3332,Sonnagar,Energy,commercial,39.32,1,18.56,26.51,0,NORMAL
CMP-3333,Navsari,Railways,residential,26.65,8,31.58,21.115,0,NORMAL
CMP-3334,Thane,Industrial,residential,11.08,4,95.29,22.579,0,NORMAL
CMP-3335,Hooghly,Energy,residential,22.17,3,33.73,17.93,0,NORMAL
CMP-3336,Ahmedabad,Highways,commercial,17.67,6,57.13,37.138,0,NORMAL
CMP-3337,Navsari,Industrial,commercial,14.35,4,37.76,23.084,0,NORMAL
CMP-3338,Dankuni,Highways,commercial,26.2,7,64.48,54.248,0,NORMAL
CMP-3339,Dankuni,Energy,residential,34.84,5,40.36,35.932,0,NORMAL
CMP-3340,Surat,Industrial,commercial,43.77,8,84.52,135.022,0,NORMAL
CMP-3341,Dankuni,Railways,agricultural,26.04,5,43.35,22.67,0,NORMAL
CMP-3342,Navsari,Water,commercial,6.34,7,33.24,14.436,1,OVER_VALUED
CMP-3343,Dankuni,Highways,commercial,42.16,6,57.45,136.218,1,OVER_VALUED
CMP-3344,Palghar,Industrial,agricultural,27.39,2,25.35,13.075,0,NORMAL
CMP-3345,Panna,Water,residential,17.93,6,19.09,8.846,0,NORMAL
CMP-3346,Navsari,Industrial,agricultural,16.3,5,35.36,11.957,0,NORMAL
CMP-3347,Sonnagar,Energy,agricultural,42.34,8,27.62,25.236,0,NORMAL
CMP-3348,Ahmedabad,Industrial,commercial,10.94,7,78.92,30.53,0,NORMAL
CMP-3349,Ahmedabad,Energy,residential,33.05,6,98.0,89.25,0,NORMAL
CMP-3350,Sonnagar,Energy,agricultural,41.9,3,18.04,14.778,0,NORMAL
CMP-3351,Dankuni,Industrial,commercial,19.73,2,36.3,27.229,0,NORMAL
CMP-3352,Surat,Industrial,commercial,9.61,4,50.05,15.909,0,NORMAL
CMP-3353,Sonnagar,Aviation,agricultural,26.2,3,31.76,17.344,0,NORMAL
CMP-3354,Hooghly,Water,commercial,23.89,3,37.07,11.489,1,UNDER_VALUED
CMP-3355,Ahmedabad,Highways,commercial,33.1,2,80.37,100.06,0,NORMAL
CMP-3356,Raigad,Water,residential,4.48,7,37.41,4.562,0,NORMAL
CMP-3357,Palghar,Industrial,commercial,29.61,1,47.8,52.651,0,NORMAL
CMP-3358,Dankuni,Industrial,commercial,30.2,3,60.1,62.046,0,NORMAL
CMP-3359,Raigad,Water,residential,6.0,6,39.05,5.206,0,NORMAL
CMP-3360,Thane,Energy,commercial,38.39,4,74.62,87.153,0,NORMAL
CMP-3361,Surat,Industrial,agricultural,8.25,1,70.88,11.831,0,NORMAL
CMP-3362,Ahmedabad,Water,commercial,2.86,7,68.49,7.145,0,NORMAL
CMP-3363,Navsari,Energy,agricultural,26.72,6,49.46,28.693,0,NORMAL
CMP-3364,Ahmedabad,Energy,residential,19.71,1,80.15,43.282,0,NORMAL
CMP-3365,Surat,Railways,residential,5.08,5,76.79,10.509,0,NORMAL
CMP-3366,Gautam Buddha Nagar,Water,agricultural,14.0,8,109.75,27.604,0,NORMAL
CMP-3367,Ahmedabad,Highways,agricultural,17.29,6,63.04,21.988,0,NORMAL
CMP-3368,Navsari,Industrial,residential,2.69,8,29.6,2.123,0,NORMAL
CMP-3369,Panna,Water,agricultural,4.08,2,23.7,1.853,0,NORMAL
CMP-3370,Dankuni,Water,agricultural,19.79,8,63.44,27.939,0,NORMAL
CMP-3371,Raigad,Highways,commercial,22.54,3,48.85,40.554,0,NORMAL
CMP-3372,Gautam Buddha Nagar,Aviation,residential,4.26,6,84.26,10.109,0,NORMAL
CMP-3373,Dankuni,Aviation,residential,43.19,6,45.84,47.914,0,NORMAL
CMP-3374,Valsad,Railways,commercial,36.12,3,37.71,54.585,0,NORMAL
CMP-3375,Thane,Railways,agricultural,44.23,2,116.42,117.139,0,NORMAL
CMP-3376,Hooghly,Aviation,agricultural,37.06,4,47.0,32.932,0,NORMAL
CMP-3377,Gautam Buddha Nagar,Railways,commercial,32.98,7,105.47,135.774,0,NORMAL
CMP-3378,Hooghly,Aviation,commercial,5.41,8,59.24,11.383,0,NORMAL
CMP-3379,Gautam Buddha Nagar,Railways,commercial,15.5,3,107.72,57.241,0,NORMAL
CMP-3380,Surat,Industrial,agricultural,9.15,4,47.4,8.069,0,NORMAL
CMP-3381,Panna,Aviation,residential,33.96,6,18.66,16.166,0,NORMAL
CMP-3382,Ahmedabad,Highways,residential,20.45,5,98.17,52.624,0,NORMAL
CMP-3383,Raigad,Industrial,commercial,14.7,4,42.32,19.811,0,NORMAL
CMP-3384,Panna,Water,agricultural,32.8,5,22.27,20.207,1,OVER_VALUED
CMP-3385,Palghar,Aviation,residential,42.05,2,34.84,32.531,0,NORMAL
CMP-3386,Hooghly,Energy,agricultural,25.21,8,47.4,28.184,0,NORMAL
CMP-3387,Gautam Buddha Nagar,Water,commercial,43.81,2,87.32,161.052,0,NORMAL
CMP-3388,Navsari,Water,commercial,44.06,5,29.28,48.705,0,NORMAL
CMP-3389,Valsad,Aviation,residential,17.7,8,39.44,20.251,0,NORMAL
CMP-3390,Hooghly,Railways,residential,41.49,8,32.86,30.079,0,NORMAL
CMP-3391,Raigad,Water,commercial,22.99,6,43.06,33.365,0,NORMAL
CMP-3392,Navsari,Water,agricultural,23.15,7,44.75,19.768,0,NORMAL
CMP-3393,Raigad,Railways,residential,38.6,8,63.37,63.345,0,NORMAL
CMP-3394,Sonnagar,Energy,commercial,0.85,2,23.19,0.793,0,NORMAL
CMP-3395,Ahmedabad,Energy,agricultural,19.05,2,81.61,32.531,0,NORMAL
CMP-3396,Sonnagar,Aviation,residential,21.56,1,35.23,19.061,0,NORMAL
CMP-3397,Navsari,Water,residential,15.22,8,34.82,13.951,0,NORMAL
CMP-3398,Valsad,Water,commercial,35.11,4,41.26,50.486,0,NORMAL
CMP-3399,Gautam Buddha Nagar,Industrial,residential,42.53,3,62.19,66.136,0,NORMAL
CMP-3400,Navsari,Energy,commercial,3.08,2,48.94,5.7,0,NORMAL
CMP-3401,Surat,Highways,agricultural,29.62,2,57.5,34.684,0,NORMAL
CMP-3402,Hooghly,Railways,agricultural,30.71,1,33.71,20.167,0,NORMAL
CMP-3403,Gautam Buddha Nagar,Aviation,agricultural,17.93,8,125.75,41.429,0,NORMAL
CMP-3404,Gautam Buddha Nagar,Highways,commercial,22.33,7,83.19,30.605,1,UNDER_VALUED
CMP-3405,Ahmedabad,Aviation,agricultural,14.07,6,113.12,34.625,0,NORMAL
CMP-3406,Valsad,Railways,residential,44.91,2,26.43,12.868,1,UNDER_VALUED
CMP-3407,Raigad,Aviation,agricultural,37.09,7,37.46,29.82,0,NORMAL
CMP-3408,Panna,Aviation,agricultural,17.94,3,18.88,7.38,0,NORMAL
CMP-3409,Valsad,Energy,commercial,16.59,3,38.59,19.938,0,NORMAL
CMP-3410,Panna,Railways,agricultural,14.12,6,20.27,6.189,0,NORMAL
CMP-3411,Ahmedabad,Energy,commercial,12.12,7,82.61,32.037,0,NORMAL
CMP-3412,Panna,Water,agricultural,24.85,2,23.11,9.851,0,NORMAL
CMP-3413,Valsad,Railways,agricultural,22.79,4,36.98,18.438,0,NORMAL
CMP-3414,Valsad,Energy,residential,29.61,8,41.52,27.872,0,NORMAL
CMP-3415,Panna,Energy,agricultural,0.6,3,18.46,0.211,0,NORMAL
CMP-3416,Ahmedabad,Railways,commercial,18.21,6,91.11,54.794,0,NORMAL
CMP-3417,Hooghly,Aviation,agricultural,40.39,8,47.25,33.725,0,NORMAL
CMP-3418,Gautam Buddha Nagar,Water,residential,24.15,6,81.05,45.139,0,NORMAL
CMP-3419,Raigad,Railways,residential,22.12,1,49.79,28.767,0,NORMAL
CMP-3420,Valsad,Energy,residential,42.32,2,47.64,47.783,0,NORMAL
CMP-3421,Gautam Buddha Nagar,Railways,commercial,33.43,2,75.0,92.4,0,NORMAL
CMP-3422,Hooghly,Highways,residential,21.17,3,50.84,26.527,0,NORMAL
CMP-3423,Raigad,Aviation,residential,6.74,7,47.34,7.202,0,NORMAL
CMP-3424,Valsad,Highways,agricultural,16.61,2,29.0,11.149,0,NORMAL
CMP-3425,Valsad,Water,commercial,40.06,8,33.33,40.021,0,NORMAL
CMP-3426,Surat,Aviation,commercial,41.9,4,77.23,140.551,0,NORMAL
CMP-3427,Palghar,Railways,residential,43.44,6,28.91,33.048,0,NORMAL
CMP-3428,Surat,Water,commercial,34.59,2,80.56,95.505,0,NORMAL
CMP-3429,Ahmedabad,Railways,residential,10.55,7,93.12,21.85,0,NORMAL
CMP-3430,Hooghly,Highways,agricultural,31.4,2,57.53,33.266,0,NORMAL
CMP-3431,Navsari,Energy,commercial,4.95,5,43.08,6.989,0,NORMAL
CMP-3432,Ahmedabad,Aviation,agricultural,9.2,6,70.38,13.485,0,NORMAL
CMP-3433,Surat,Water,residential,26.57,4,62.21,38.953,0,NORMAL
CMP-3434,Valsad,Aviation,agricultural,8.78,4,35.54,5.34,0,NORMAL
CMP-3435,Panna,Energy,agricultural,0.71,8,21.48,0.351,0,NORMAL
CMP-3436,Sonnagar,Aviation,residential,38.55,2,24.8,25.356,0,NORMAL
CMP-3437,Valsad,Highways,commercial,5.05,4,46.0,9.783,0,NORMAL
CMP-3438,Hooghly,Water,commercial,39.71,7,56.56,65.032,0,NORMAL
CMP-3439,Panna,Highways,residential,38.99,5,23.07,25.189,0,NORMAL
CMP-3440,Ahmedabad,Railways,commercial,33.74,7,55.46,61.742,0,NORMAL
CMP-3441,Surat,Highways,agricultural,25.27,8,79.35,39.098,0,NORMAL
CMP-3442,Raigad,Water,commercial,34.6,3,63.49,69.113,0,NORMAL
CMP-3443,Panna,Energy,residential,13.65,5,17.14,5.979,0,NORMAL
CMP-3444,Valsad,Energy,residential,24.4,7,23.87,15.693,0,NORMAL
CMP-3445,Gautam Buddha Nagar,Aviation,agricultural,18.9,8,122.78,44.441,0,NORMAL
CMP-3446,Sonnagar,Railways,agricultural,34.85,8,19.03,12.268,0,NORMAL
CMP-3447,Thane,Water,residential,36.9,8,90.75,90.25,0,NORMAL
CMP-3448,Hooghly,Aviation,commercial,39.81,5,43.15,63.676,0,NORMAL
CMP-3449,Ahmedabad,Highways,agricultural,27.46,6,115.82,63.668,0,NORMAL
CMP-3450,Sonnagar,Industrial,commercial,26.77,8,23.01,18.617,0,NORMAL
CMP-3451,Gautam Buddha Nagar,Aviation,commercial,1.96,5,83.46,6.077,0,NORMAL
CMP-3452,Gautam Buddha Nagar,Highways,agricultural,16.81,3,61.77,20.494,0,NORMAL
CMP-3453,Valsad,Industrial,commercial,44.0,7,46.13,64.265,0,NORMAL
CMP-3454,Navsari,Railways,residential,8.46,3,28.47,6.888,0,NORMAL
CMP-3455,Sonnagar,Water,commercial,27.32,4,22.41,21.665,0,NORMAL
CMP-3456,Thane,Aviation,agricultural,8.39,6,72.77,14.162,0,NORMAL
CMP-3457,Gautam Buddha Nagar,Aviation,commercial,4.4,4,61.17,9.844,0,NORMAL
CMP-3458,Raigad,Aviation,agricultural,1.43,6,62.52,1.787,0,NORMAL
CMP-3459,Thane,Water,residential,1.66,3,89.65,3.811,0,NORMAL
CMP-3460,Palghar,Water,commercial,11.16,7,41.51,13.683,0,NORMAL
CMP-3461,Gautam Buddha Nagar,Highways,residential,25.99,2,98.44,74.742,0,NORMAL
CMP-3462,Panna,Industrial,agricultural,5.89,5,19.86,2.052,0,NORMAL
CMP-3463,Navsari,Highways,commercial,18.62,1,47.18,37.889,0,NORMAL
CMP-3464,Surat,Highways,commercial,41.3,2,46.88,67.262,0,NORMAL
CMP-3465,Panna,Water,agricultural,23.29,4,15.01,6.319,0,NORMAL
CMP-3466,Gautam Buddha Nagar,Water,residential,23.59,4,60.76,33.891,0,NORMAL
CMP-3467,Surat,Energy,agricultural,41.14,5,66.98,53.476,0,NORMAL
CMP-3468,Raigad,Industrial,commercial,41.05,1,56.71,80.517,0,NORMAL
CMP-3469,Raigad,Highways,commercial,3.48,5,41.96,4.881,0,NORMAL
CMP-3470,Dankuni,Energy,residential,29.32,5,60.99,45.499,0,NORMAL
CMP-3471,Dankuni,Energy,commercial,35.87,6,66.65,74.985,0,NORMAL
CMP-3472,Valsad,Industrial,agricultural,5.6,4,24.66,2.541,0,NORMAL
CMP-3473,Ahmedabad,Aviation,commercial,37.49,2,55.16,75.557,0,NORMAL
CMP-3474,Valsad,Aviation,agricultural,3.17,4,27.8,1.52,0,NORMAL
CMP-3475,Valsad,Water,residential,44.74,2,32.18,39.416,0,NORMAL
CMP-3476,Dankuni,Highways,agricultural,21.22,7,52.83,25.985,0,NORMAL
CMP-3477,Raigad,Industrial,agricultural,30.09,5,62.39,33.877,0,NORMAL
CMP-3478,Sonnagar,Energy,residential,14.48,8,35.0,11.718,0,NORMAL
CMP-3479,Valsad,Railways,commercial,29.76,2,31.57,27.301,0,NORMAL
CMP-3480,Panna,Industrial,commercial,39.67,7,25.55,41.753,0,NORMAL
CMP-3481,Hooghly,Industrial,agricultural,19.31,7,47.28,18.873,0,NORMAL
CMP-3482,Raigad,Industrial,agricultural,20.52,3,47.81,21.04,0,NORMAL
CMP-3483,Gautam Buddha Nagar,Industrial,agricultural,1.21,4,107.0,2.381,0,NORMAL
CMP-3484,Sonnagar,Railways,agricultural,4.61,7,35.39,3.498,0,NORMAL
CMP-3485,Valsad,Highways,residential,35.82,5,22.88,24.709,0,NORMAL
CMP-3486,Dankuni,Energy,commercial,25.97,1,62.22,58.391,0,NORMAL
CMP-3487,Dankuni,Highways,residential,24.57,5,61.27,38.411,0,NORMAL
CMP-3488,Panna,Highways,residential,33.37,7,17.86,12.984,0,NORMAL
CMP-3489,Dankuni,Aviation,commercial,35.59,5,50.13,45.828,0,NORMAL
CMP-3490,Raigad,Industrial,residential,36.43,8,50.71,49.105,0,NORMAL
CMP-3491,Raigad,Energy,residential,41.07,2,58.11,58.863,0,NORMAL
CMP-3492,Valsad,Energy,commercial,44.9,4,22.16,39.108,0,NORMAL
CMP-3493,Panna,Water,commercial,22.83,8,21.21,17.193,0,NORMAL
CMP-3494,Thane,Water,commercial,7.7,7,121.44,39.149,0,NORMAL
CMP-3495,Sonnagar,Industrial,agricultural,13.14,2,32.57,8.545,0,NORMAL
CMP-3496,Valsad,Industrial,residential,31.28,3,24.26,21.278,0,NORMAL
CMP-3497,Surat,Water,commercial,34.41,6,75.69,77.842,0,NORMAL
CMP-3498,Gautam Buddha Nagar,Industrial,residential,6.5,7,70.36,13.265,0,NORMAL
CMP-3499,Thane,Aviation,residential,24.49,7,114.1,35.603,1,UNDER_VALUED
CMP-3500,Valsad,Highways,residential,14.24,6,31.82,11.957,0,NORMAL
CMP-3501,Surat,Energy,residential,2.3,4,70.86,3.648,0,NORMAL
CMP-3502,Surat,Aviation,commercial,39.5,1,71.75,91.879,0,NORMAL
CMP-3503,Gautam Buddha Nagar,Railways,residential,41.12,2,79.37,68.346,0,NORMAL
CMP-3504,Navsari,Energy,agricultural,18.36,6,51.21,17.466,0,NORMAL
CMP-3505,Ahmedabad,Railways,commercial,5.22,6,86.03,18.497,0,NORMAL
CMP-3506,Ahmedabad,Energy,residential,14.91,8,108.67,48.208,0,NORMAL
CMP-3507,Ahmedabad,Railways,residential,42.23,6,85.29,88.393,0,NORMAL
CMP-3508,Valsad,Energy,agricultural,41.6,2,40.61,71.129,1,OVER_VALUED
CMP-3509,Navsari,Aviation,commercial,28.22,5,44.55,37.757,0,NORMAL
CMP-3510,Thane,Aviation,commercial,27.83,5,83.21,78.329,0,NORMAL
CMP-3511,Sonnagar,Railways,commercial,7.29,6,23.33,5.193,0,NORMAL
CMP-3512,Panna,Highways,commercial,25.14,2,25.68,25.147,0,NORMAL
CMP-3513,Sonnagar,Water,commercial,14.98,2,19.09,9.609,0,NORMAL
CMP-3514,Panna,Water,residential,41.47,2,18.69,20.14,0,NORMAL
CMP-3515,Gautam Buddha Nagar,Aviation,commercial,26.6,2,107.01,92.861,0,NORMAL
CMP-3516,Raigad,Industrial,agricultural,22.5,6,39.72,15.893,0,NORMAL
CMP-3517,Surat,Energy,residential,31.92,2,81.79,57.969,0,NORMAL
CMP-3518,Valsad,Water,agricultural,15.18,5,33.72,9.78,0,NORMAL
CMP-3519,Valsad,Energy,agricultural,14.32,5,27.74,8.657,0,NORMAL
CMP-3520,Panna,Aviation,commercial,3.61,6,18.02,2.158,0,NORMAL
CMP-3521,Sonnagar,Highways,agricultural,26.59,7,24.77,14.612,0,NORMAL
CMP-3522,Raigad,Industrial,commercial,3.62,5,56.22,8.001,0,NORMAL
CMP-3523,Gautam Buddha Nagar,Aviation,agricultural,34.57,4,63.38,48.136,0,NORMAL
CMP-3524,Palghar,Aviation,residential,24.56,3,36.62,23.646,0,NORMAL
CMP-3525,Hooghly,Industrial,agricultural,17.88,6,56.37,17.734,0,NORMAL
CMP-3526,Raigad,Railways,residential,10.43,7,30.2,7.881,0,NORMAL
CMP-3527,Thane,Aviation,agricultural,11.48,4,116.77,28.385,0,NORMAL
CMP-3528,Hooghly,Railways,commercial,7.48,2,48.76,12.804,0,NORMAL
CMP-3529,Raigad,Energy,commercial,20.77,4,59.21,48.018,0,NORMAL
CMP-3530,Raigad,Water,residential,42.98,5,57.56,95.366,1,OVER_VALUED
CMP-3531,Dankuni,Industrial,agricultural,33.89,8,65.25,40.655,0,NORMAL
CMP-3532,Valsad,Highways,commercial,9.69,4,28.57,10.802,0,NORMAL
CMP-3533,Thane,Industrial,agricultural,8.75,5,86.74,15.326,0,NORMAL
CMP-3534,Panna,Energy,residential,19.84,6,23.01,12.833,0,NORMAL
CMP-3535,Dankuni,Water,agricultural,26.19,5,62.23,29.03,0,NORMAL
CMP-3536,Palghar,Energy,residential,8.73,5,46.28,10.796,0,NORMAL
CMP-3537,Thane,Industrial,agricultural,21.13,7,113.06,46.321,0,NORMAL
CMP-3538,Dankuni,Industrial,residential,44.95,5,49.51,61.066,0,NORMAL
CMP-3539,Sonnagar,Highways,commercial,39.93,5,34.48,44.087,0,NORMAL
CMP-3540,Palghar,Highways,residential,27.93,7,35.14,25.7,0,NORMAL
CMP-3541,Navsari,Energy,agricultural,3.21,7,28.22,1.827,0,NORMAL
CMP-3542,Surat,Aviation,commercial,38.06,7,52.0,83.343,0,NORMAL
CMP-3543,Surat,Energy,commercial,1.03,6,62.74,2.257,0,NORMAL
CMP-3544,Palghar,Aviation,residential,22.37,4,45.28,24.346,0,NORMAL
CMP-3545,Raigad,Aviation,commercial,41.59,8,30.74,38.405,0,NORMAL
CMP-3546,Surat,Aviation,commercial,13.2,4,76.17,39.962,0,NORMAL
CMP-3547,Navsari,Industrial,commercial,3.39,8,37.89,4.636,0,NORMAL
CMP-3548,Gautam Buddha Nagar,Railways,commercial,37.19,3,118.74,169.881,0,NORMAL
CMP-3549,Thane,Railways,residential,2.46,8,73.18,5.046,0,NORMAL
CMP-3550,Palghar,Aviation,commercial,29.84,4,32.93,35.241,0,NORMAL
CMP-3551,Valsad,Industrial,residential,36.87,6,37.13,36.434,0,NORMAL
CMP-3552,Panna,Aviation,commercial,16.54,4,25.79,14.872,0,NORMAL
CMP-3553,Hooghly,Water,residential,36.39,8,58.62,49.323,0,NORMAL
CMP-3554,Palghar,Railways,agricultural,7.53,5,25.77,3.433,0,NORMAL
CMP-3555,Navsari,Energy,agricultural,20.6,2,45.52,17.123,0,NORMAL
CMP-3556,Palghar,Water,residential,3.15,3,43.42,3.465,0,NORMAL
CMP-3557,Sonnagar,Highways,agricultural,28.36,2,28.35,17.626,0,NORMAL
CMP-3558,Valsad,Energy,agricultural,2.12,8,47.04,1.869,0,NORMAL
CMP-3559,Hooghly,Aviation,agricultural,4.98,2,32.64,3.059,0,NORMAL
CMP-3560,Navsari,Railways,commercial,14.84,4,38.34,20.041,0,NORMAL
CMP-3561,Raigad,Energy,commercial,17.86,7,54.56,33.737,0,NORMAL
CMP-3562,Gautam Buddha Nagar,Railways,commercial,21.59,6,124.36,84.243,0,NORMAL
CMP-3563,Ahmedabad,Industrial,residential,44.3,2,59.99,70.357,0,NORMAL
CMP-3564,Palghar,Energy,commercial,8.63,2,43.31,14.705,0,NORMAL
CMP-3565,Sonnagar,Water,commercial,0.9,3,23.02,0.824,0,NORMAL
CMP-3566,Dankuni,Energy,agricultural,22.9,8,53.68,50.62,1,OVER_VALUED
CMP-3567,Valsad,Industrial,commercial,15.61,5,33.72,28.157,1,OVER_VALUED
CMP-3568,Raigad,Energy,residential,2.83,6,30.73,2.224,0,NORMAL
CMP-3569,Ahmedabad,Highways,agricultural,12.53,8,90.4,21.854,0,NORMAL
CMP-3570,Palghar,Industrial,residential,32.05,5,39.84,13.741,1,UNDER_VALUED
CMP-3571,Sonnagar,Aviation,commercial,18.84,4,33.52,22.797,0,NORMAL
CMP-3572,Ahmedabad,Energy,residential,31.87,5,85.33,130.117,1,OVER_VALUED
CMP-3573,Surat,Industrial,commercial,1.99,4,47.52,3.222,0,NORMAL
CMP-3574,Thane,Highways,agricultural,40.79,5,108.19,78.645,0,NORMAL
CMP-3575,Panna,Aviation,commercial,7.86,6,28.58,8.357,0,NORMAL
CMP-3576,Hooghly,Aviation,agricultural,35.85,2,48.92,35.611,0,NORMAL
CMP-3577,Ahmedabad,Energy,commercial,43.73,2,95.98,156.803,0,NORMAL
CMP-3578,Thane,Highways,agricultural,0.98,2,92.55,1.699,0,NORMAL
CMP-3579,Valsad,Energy,agricultural,20.0,1,43.82,16.682,0,NORMAL
CMP-3580,Ahmedabad,Aviation,agricultural,19.47,7,58.5,24.029,0,NORMAL
CMP-3581,Ahmedabad,Railways,agricultural,37.21,8,82.71,57.916,0,NORMAL
CMP-3582,Valsad,Railways,commercial,21.9,3,41.58,36.533,0,NORMAL
CMP-3583,Panna,Highways,commercial,14.19,2,16.35,7.075,0,NORMAL
CMP-3584,Panna,Water,agricultural,33.05,8,28.12,17.021,0,NORMAL
CMP-3585,Navsari,Railways,agricultural,29.07,4,48.9,28.011,0,NORMAL
CMP-3586,Raigad,Energy,residential,29.41,2,45.61,31.229,0,NORMAL
CMP-3587,Ahmedabad,Railways,agricultural,37.85,3,67.45,55.462,0,NORMAL
CMP-3588,Dankuni,Aviation,commercial,34.16,8,61.78,69.923,0,NORMAL
CMP-3589,Thane,Industrial,residential,29.79,8,131.89,106.979,0,NORMAL
CMP-3590,Surat,Railways,agricultural,39.14,5,49.52,83.141,1,OVER_VALUED
CMP-3591,Raigad,Industrial,agricultural,24.4,3,36.19,18.685,0,NORMAL
CMP-3592,Dankuni,Water,residential,34.29,4,35.38,32.102,0,NORMAL
CMP-3593,Panna,Highways,residential,19.01,6,29.23,13.897,0,NORMAL
CMP-3594,Panna,Railways,commercial,19.41,6,16.06,8.755,0,NORMAL
CMP-3595,Sonnagar,Highways,commercial,4.14,7,26.21,3.667,0,NORMAL
CMP-3596,Thane,Industrial,agricultural,30.09,8,109.22,64.931,0,NORMAL
CMP-3597,Gautam Buddha Nagar,Railways,residential,22.51,6,107.77,58.73,0,NORMAL
CMP-3598,Hooghly,Energy,agricultural,19.19,8,35.96,12.707,0,NORMAL
CMP-3599,Palghar,Water,agricultural,37.34,3,37.39,29.939,0,NORMAL
CMP-3600,Navsari,Railways,agricultural,25.47,8,50.64,27.765,0,NORMAL
