stage_duration_days,district,project_category,objection_count,has_dispute,land_category,area_acres,owner_count,distance_from_hq_km,is_delayed,days_to_next_stage
155,Dankuni,Highways,4,1,agricultural,59.05,11,70.9,1,282.1
126,Thane,Highways,2,1,agricultural,45.12,12,62.4,1,252.0
96,Gautam Buddha Nagar,Energy,0,0,agricultural,12.86,13,33.3,0,109.1
37,Valsad,Industrial,1,0,commercial,77.86,4,9.3,0,123.8
50,Valsad,Industrial,5,1,agricultural,61.96,2,81.5,1,231.2
98,Hooghly,Aviation,0,0,commercial,21.72,6,62.3,0,77.2
251,Sonnagar,Railways,4,0,agricultural,51.38,9,22.4,1,232.3
176,Thane,Railways,0,0,agricultural,73.09,10,83.5,0,162.4
88,Ahmedabad,Aviation,5,1,commercial,59.73,5,26.4,1,243.9
85,Ahmedabad,Energy,0,0,agricultural,4.25,2,16.2,0,82.9
210,Gautam Buddha Nagar,Highways,1,0,commercial,20.49,5,82.1,1,125.3
189,Dankuni,Industrial,8,1,commercial,13.07,1,90.7,1,282.1
69,Panna,Railways,0,0,residential,51.3,2,16.2,0,52.4
180,Panna,Highways,0,0,residential,29.36,3,24.3,0,120.5
263,Palghar,Highways,4,0,residential,42.85,2,13.9,0,183.4
231,Navsari,Industrial,3,0,residential,60.54,2,68.3,0,179.9
246,Valsad,Water,5,1,residential,5.59,1,56.7,1,279.8
45,Palghar,Aviation,2,1,residential,68.84,1,49.8,0,226.7
257,Panna,Railways,9,1,residential,64.7,2,10.8,1,331.0
42,Ahmedabad,Water,4,0,residential,8.32,4,69.7,0,109.6
244,Surat,Railways,4,1,residential,22.64,2,83.3,1,280.0
291,Panna,Highways,4,0,agricultural,74.15,14,24.0,0,252.9
209,Ahmedabad,Highways,8,1,agricultural,21.58,13,75.0,1,369.5
264,Sonnagar,Industrial,6,1,residential,17.81,1,55.9,1,280.8
259,Thane,Highways,3,0,residential,13.02,1,81.2,0,151.3
141,Surat,Water,0,0,agricultural,7.02,11,56.3,0,100.6
175,Surat,Aviation,8,1,residential,10.9,3,44.5,1,276.4
66,Thane,Water,5,1,residential,40.72,2,88.8,1,214.6
239,Valsad,Energy,2,0,agricultural,49.13,13,62.8,1,186.5
83,Navsari,Aviation,3,1,agricultural,59.52,3,27.3,0,213.5
150,Surat,Aviation,0,0,residential,72.7,1,10.6,0,106.8
149,Thane,Energy,9,1,agricultural,44.36,7,54.2,1,355.5
33,Sonnagar,Railways,1,0,residential,12.27,2,5.9,0,96.6
142,Thane,Energy,0,0,agricultural,45.01,14,39.8,0,125.3
226,Surat,Railways,7,1,agricultural,62.7,7,76.6,1,305.3
70,Navsari,Railways,0,0,residential,37.92,2,77.9,0,73.5
113,Surat,Railways,0,0,agricultural,6.02,13,28.0,0,92.0
74,Panna,Energy,0,0,agricultural,46.66,5,5.6,0,75.2
276,Valsad,Water,5,1,residential,20.75,4,2.2,1,281.2
115,Sonnagar,Aviation,0,0,residential,53.31,3,60.0,0,82.6
224,Navsari,Industrial,1,0,commercial,44.58,2,41.1,1,115.9
169,Raigad,Industrial,2,0,residential,24.66,2,42.0,0,106.5
124,Hooghly,Water,2,0,commercial,76.81,6,17.8,1,153.7
62,Dankuni,Industrial,2,0,commercial,53.99,2,77.0,0,108.5
248,Hooghly,Industrial,1,0,agricultural,15.96,12,37.7,0,161.4
232,Sonnagar,Highways,10,1,agricultural,37.43,9,25.2,1,348.3
177,Hooghly,Aviation,3,0,residential,49.21,4,79.2,0,141.6
147,Sonnagar,Water,2,0,commercial,22.55,5,47.1,0,142.6
154,Sonnagar,Energy,3,0,agricultural,6.91,3,23.5,0,100.3
184,Palghar,Water,0,0,commercial,16.94,4,38.2,1,53.6
259,Thane,Industrial,7,1,commercial,24.24,4,81.4,1,307.0
127,Sonnagar,Aviation,0,0,residential,39.11,4,33.3,0,74.9
288,Raigad,Water,8,1,agricultural,47.56,11,4.5,1,357.9
148,Hooghly,Railways,0,0,agricultural,26.48,13,83.8,0,166.6
255,Ahmedabad,Energy,10,1,agricultural,4.64,6,22.9,1,365.5
117,Thane,Highways,1,0,agricultural,19.46,8,64.3,0,105.1
100,Sonnagar,Energy,4,0,commercial,57.61,2,91.7,0,147.6
207,Navsari,Industrial,2,0,residential,6.54,2,11.5,0,86.6
36,Gautam Buddha Nagar,Highways,0,0,residential,29.96,3,3.2,0,71.5
250,Ahmedabad,Energy,0,0,residential,58.84,3,59.3,0,111.5
152,Hooghly,Water,0,0,residential,74.8,3,84.0,0,128.5
187,Gautam Buddha Nagar,Aviation,7,1,commercial,14.96,2,35.0,1,298.3
299,Gautam Buddha Nagar,Aviation,5,1,commercial,7.31,6,39.8,1,294.1
266,Hooghly,Aviation,0,0,residential,23.89,4,66.3,0,142.3
191,Hooghly,Industrial,2,0,residential,26.8,4,27.2,0,141.6
289,Surat,Energy,1,0,agricultural,15.73,12,47.0,0,116.8
66,Panna,Industrial,0,0,commercial,29.19,3,3.3,0,65.6
79,Thane,Industrial,2,0,commercial,8.66,1,55.4,0,90.4
259,Raigad,Highways,3,1,commercial,32.36,1,55.7,1,247.7
142,Gautam Buddha Nagar,Energy,8,1,agricultural,48.7,13,59.5,1,319.1
234,Hooghly,Energy,1,0,residential,48.97,1,90.1,0,138.5
137,Dankuni,Highways,3,1,agricultural,12.94,7,43.9,1,231.6
159,Surat,Energy,1,0,residential,55.15,3,75.3,0,98.6
293,Surat,Water,4,1,agricultural,72.72,14,15.2,1,351.0
162,Gautam Buddha Nagar,Aviation,1,0,residential,24.68,4,89.7,0,109.3
236,Palghar,Industrial,1,0,agricultural,2.56,4,91.5,0,98.8
35,Thane,Aviation,0,0,commercial,41.76,4,87.2,0,91.2
255,Dankuni,Water,0,0,agricultural,53.78,14,17.0,0,175.4
33,Dankuni,Water,0,0,residential,26.2,4,82.4,0,62.0
42,Panna,Water,7,1,commercial,50.0,4,60.2,1,256.4
239,Panna,Railways,1,0,commercial,2.8,6,58.6,1,137.4
223,Panna,Highways,3,1,residential,37.19,1,62.2,1,284.6
154,Navsari,Industrial,1,0,residential,38.04,4,53.3,0,139.9
50,Panna,Aviation,8,1,agricultural,27.52,13,49.2,1,291.7
265,Navsari,Industrial,0,0,residential,39.01,3,53.3,0,117.0
137,Valsad,Railways,0,0,residential,62.16,1,31.6,0,99.3
92,Ahmedabad,Water,0,0,residential,40.43,3,82.9,0,65.9
88,Panna,Water,1,0,agricultural,12.77,8,74.7,0,125.1
183,Ahmedabad,Aviation,3,0,agricultural,30.71,6,60.3,1,140.5
50,Panna,Highways,6,1,residential,79.8,1,42.4,1,274.7
168,Palghar,Water,0,0,agricultural,63.79,5,35.3,0,120.7
107,Ahmedabad,Industrial,3,1,residential,48.95,4,59.6,1,276.0
145,Raigad,Railways,1,0,commercial,71.96,4,85.8,0,114.6
168,Hooghly,Energy,0,0,residential,20.38,3,20.5,0,104.4
198,Surat,Water,4,0,residential,23.97,4,27.5,0,152.1
269,Sonnagar,Highways,3,0,residential,62.17,2,58.5,0,194.6
85,Gautam Buddha Nagar,Energy,3,0,residential,51.88,3,75.3,0,131.1
182,Raigad,Highways,0,0,commercial,11.01,5,83.5,0,113.3
261,Navsari,Railways,0,0,commercial,69.7,1,45.6,1,140.4
218,Surat,Aviation,2,0,residential,29.58,4,3.3,0,135.8
149,Dankuni,Aviation,2,0,residential,75.25,1,64.8,0,135.3
128,Panna,Energy,1,0,residential,37.41,3,62.4,0,106.1
74,Thane,Energy,10,1,commercial,11.29,4,36.5,1,288.3
94,Panna,Water,1,0,residential,66.78,4,89.3,0,136.3
135,Surat,Water,0,0,commercial,55.01,5,85.9,0,98.2
247,Navsari,Railways,5,1,agricultural,51.52,10,92.3,1,322.4
50,Raigad,Industrial,1,0,agricultural,47.12,14,82.9,0,134.3
89,Gautam Buddha Nagar,Highways,1,0,commercial,63.98,1,63.5,0,96.8
23,Surat,Industrial,2,1,commercial,10.58,4,50.9,1,167.5
70,Valsad,Industrial,0,0,residential,49.4,3,44.6,0,76.3
70,Hooghly,Water,3,0,commercial,6.34,1,32.0,0,106.0
295,Gautam Buddha Nagar,Aviation,0,0,residential,47.99,3,44.2,0,128.4
297,Sonnagar,Highways,0,0,residential,36.4,2,40.5,0,109.8
233,Sonnagar,Highways,0,0,commercial,76.31,6,87.8,1,153.7
205,Palghar,Water,1,0,agricultural,47.12,9,54.2,1,130.4
41,Dankuni,Water,1,0,residential,28.46,2,16.4,0,77.5
73,Valsad,Industrial,1,0,commercial,64.67,5,92.6,0,84.1
151,Dankuni,Industrial,6,1,agricultural,56.36,5,87.7,1,299.0
220,Raigad,Industrial,2,1,residential,7.79,2,37.0,1,232.1
58,Navsari,Aviation,0,0,commercial,60.48,1,64.7,0,98.4
227,Hooghly,Industrial,10,1,commercial,9.55,4,12.3,1,312.8
38,Panna,Aviation,2,1,commercial,1.11,3,89.9,1,154.0
18,Navsari,Energy,0,0,agricultural,10.77,9,67.4,0,70.3
36,Valsad,Highways,1,0,commercial,6.69,3,55.5,0,54.6
222,Ahmedabad,Energy,7,1,agricultural,14.16,10,44.8,1,304.3
238,Ahmedabad,Highways,1,0,agricultural,31.96,5,71.4,0,165.6
73,Palghar,Industrial,0,0,residential,62.21,3,69.6,0,53.6
146,Surat,Highways,4,1,agricultural,60.94,11,9.0,1,279.7
244,Hooghly,Industrial,3,0,residential,51.62,3,82.4,0,159.8
170,Palghar,Water,1,0,commercial,28.48,1,30.9,0,104.2
61,Navsari,Highways,1,0,residential,37.29,1,43.8,0,54.3
271,Valsad,Industrial,2,1,commercial,36.32,3,93.4,1,269.9
239,Thane,Railways,1,0,residential,48.98,3,36.7,0,152.9
41,Valsad,Aviation,1,0,residential,5.74,1,53.9,0,70.0
185,Dankuni,Industrial,4,1,agricultural,73.38,5,92.0,1,264.1
173,Gautam Buddha Nagar,Aviation,1,0,agricultural,26.61,3,64.3,0,83.5
231,Dankuni,Industrial,0,0,agricultural,25.05,4,33.8,0,100.1
166,Raigad,Railways,0,0,agricultural,61.78,14,70.7,0,140.8
207,Gautam Buddha Nagar,Railways,4,1,residential,66.59,2,69.1,1,278.0
160,Sonnagar,Railways,2,0,commercial,19.1,2,30.8,0,95.7
240,Surat,Energy,0,0,residential,30.86,4,91.9,0,86.8
261,Raigad,Energy,1,0,agricultural,8.66,14,50.0,1,168.0
277,Raigad,Energy,8,1,commercial,7.79,2,78.0,1,287.8
272,Ahmedabad,Highways,0,0,commercial,6.99,2,4.6,1,93.3
85,Dankuni,Energy,9,1,agricultural,55.84,3,72.6,1,306.9
125,Palghar,Highways,1,0,commercial,58.32,5,41.4,0,104.0
229,Palghar,Highways,1,0,agricultural,5.49,14,86.2,0,151.6
88,Panna,Industrial,0,0,agricultural,28.55,10,40.7,0,91.9
293,Valsad,Highways,4,0,residential,44.56,4,83.2,1,199.9
23,Valsad,Energy,0,0,residential,19.67,1,73.7,0,31.0
188,Thane,Energy,0,0,residential,62.44,4,93.2,0,117.5
249,Raigad,Highways,5,1,residential,3.98,2,84.4,1,285.1
144,Ahmedabad,Industrial,5,1,commercial,23.25,1,82.5,1,256.9
240,Valsad,Water,0,0,commercial,77.91,4,66.4,0,159.0
232,Navsari,Highways,4,1,residential,43.87,3,11.5,1,287.3
233,Hooghly,Industrial,9,1,residential,28.45,1,69.6,1,308.0
44,Ahmedabad,Energy,8,1,residential,29.38,2,90.6,1,285.0
49,Hooghly,Highways,7,1,agricultural,29.29,10,5.0,1,299.1
54,Valsad,Energy,1,0,commercial,32.14,6,27.9,0,91.3
213,Raigad,Water,0,0,residential,62.11,4,22.0,0,104.2
84,Hooghly,Railways,1,0,agricultural,71.94,8,94.7,0,79.0
48,Valsad,Aviation,0,0,commercial,24.35,2,68.2,0,47.4
77,Valsad,Industrial,2,0,agricultural,19.32,8,4.4,0,109.2
59,Panna,Railways,8,1,residential,79.97,4,50.9,1,263.5
52,Palghar,Railways,1,0,commercial,27.89,5,61.5,0,129.3
78,Ahmedabad,Industrial,0,0,agricultural,13.38,12,23.0,0,89.8
115,Navsari,Highways,1,0,commercial,10.45,3,59.1,0,102.7
102,Gautam Buddha Nagar,Industrial,2,0,agricultural,48.61,14,87.9,1,163.1
150,Palghar,Highways,2,0,residential,33.62,1,48.3,0,103.8
222,Navsari,Water,0,0,agricultural,5.26,8,40.7,0,119.2
178,Raigad,Energy,3,0,residential,78.04,2,72.7,0,156.9
151,Surat,Water,0,0,agricultural,4.52,7,82.4,0,116.8
175,Raigad,Energy,4,1,residential,40.11,4,48.4,1,265.4
138,Ahmedabad,Industrial,7,1,commercial,4.37,3,48.0,1,253.1
19,Hooghly,Energy,0,0,residential,70.66,3,73.0,0,87.1
200,Gautam Buddha Nagar,Industrial,0,0,agricultural,40.59,13,53.1,0,119.3
64,Gautam Buddha Nagar,Highways,2,0,agricultural,27.46,6,72.2,0,128.4
34,Panna,Highways,7,1,agricultural,64.42,9,44.5,1,276.4
98,Valsad,Industrial,1,0,commercial,67.49,5,33.3,0,94.4
258,Sonnagar,Industrial,0,0,commercial,54.07,4,56.3,0,102.4
257,Sonnagar,Aviation,5,1,agricultural,57.85,10,46.7,1,318.0
139,Ahmedabad,Railways,3,1,residential,15.67,4,31.2,1,253.5
256,Ahmedabad,Industrial,2,0,residential,5.45,2,50.2,0,109.4
175,Hooghly,Industrial,1,0,commercial,42.88,5,34.9,0,94.9
262,Dankuni,Aviation,5,1,commercial,22.68,3,22.9,1,282.5
265,Navsari,Aviation,0,0,agricultural,74.73,13,69.1,0,194.5
191,Panna,Water,2,0,commercial,23.59,3,90.8,1,147.2
260,Dankuni,Energy,10,1,residential,22.06,3,14.8,1,328.4
286,Surat,Highways,5,1,residential,4.67,4,32.7,1,292.1
95,Raigad,Highways,3,0,residential,70.33,4,62.5,0,126.1
60,Navsari,Aviation,0,0,agricultural,59.23,14,89.1,0,111.9
268,Raigad,Highways,6,1,commercial,70.2,1,29.8,1,285.7
293,Valsad,Energy,3,0,commercial,11.17,5,45.5,1,178.5
146,Raigad,Aviation,0,0,commercial,27.3,3,54.8,0,76.7
278,Dankuni,Water,0,0,commercial,8.08,2,46.4,0,108.9
151,Ahmedabad,Railways,0,0,commercial,57.97,1,26.3,0,104.6
172,Dankuni,Highways,10,1,commercial,73.89,6,73.6,1,329.7
128,Navsari,Energy,4,1,residential,38.52,4,71.5,1,237.9
126,Panna,Water,1,0,residential,47.87,1,50.9,0,96.1
295,Gautam Buddha Nagar,Highways,0,0,agricultural,43.16,3,32.5,0,130.4
265,Surat,Aviation,10,1,residential,35.92,1,44.2,1,342.5
172,Thane,Industrial,0,0,commercial,65.41,6,22.3,0,128.5
45,Sonnagar,Highways,0,0,residential,74.74,1,28.7,0,83.4
230,Dankuni,Aviation,3,0,residential,36.16,4,36.9,0,136.8
193,Panna,Railways,10,1,residential,31.75,2,69.7,1,329.4
293,Thane,Energy,0,0,commercial,18.76,4,34.2,0,166.6
229,Sonnagar,Highways,3,0,agricultural,71.18,4,21.2,1,177.5
39,Gautam Buddha Nagar,Aviation,2,1,residential,32.48,2,52.2,1,162.6
134,Raigad,Industrial,2,0,commercial,25.85,5,73.8,0,109.3
128,Raigad,Aviation,0,0,residential,44.76,2,60.2,0,96.2
210,Valsad,Aviation,0,0,residential,33.6,2,29.9,0,123.4
88,Surat,Railways,3,0,commercial,45.21,4,53.8,0,139.1
55,Surat,Energy,2,0,residential,7.85,2,6.8,0,101.0
126,Thane,Highways,3,0,agricultural,26.97,1,21.7,0,148.3
119,Sonnagar,Water,0,0,agricultural,26.07,5,37.4,0,84.1
269,Navsari,Energy,2,0,residential,57.93,3,87.0,0,174.4
89,Gautam Buddha Nagar,Railways,10,1,residential,74.81,4,29.5,1,338.5
296,Gautam Buddha Nagar,Railways,1,0,commercial,20.96,4,91.9,0,125.1
101,Raigad,Aviation,10,1,commercial,39.32,5,94.1,1,312.7
18,Palghar,Aviation,2,0,agricultural,18.9,12,16.0,0,133.5
262,Thane,Industrial,0,0,residential,42.81,4,3.1,0,124.0
235,Navsari,Highways,3,0,residential,9.01,1,50.8,0,165.8
218,Navsari,Energy,8,1,commercial,36.99,2,94.1,1,339.3
31,Palghar,Aviation,8,1,residential,30.48,4,7.2,1,270.6
184,Hooghly,Water,3,0,residential,8.08,1,23.4,1,111.7
38,Gautam Buddha Nagar,Water,1,0,commercial,22.79,5,54.4,1,89.6
88,Valsad,Highways,2,0,agricultural,32.16,2,29.8,0,92.8
184,Ahmedabad,Aviation,2,0,residential,63.34,1,48.6,0,133.9
189,Ahmedabad,Railways,1,0,agricultural,47.85,13,32.4,0,133.4
197,Hooghly,Water,0,0,agricultural,15.27,10,63.4,1,133.2
57,Surat,Aviation,8,1,agricultural,57.08,11,16.3,1,322.5
242,Palghar,Highways,0,0,commercial,11.03,2,42.1,0,94.4
196,Palghar,Highways,1,0,agricultural,62.86,14,37.8,0,185.4
139,Palghar,Aviation,0,0,residential,30.77,2,27.0,0,94.1
230,Raigad,Water,2,0,commercial,29.21,2,69.0,0,136.8
170,Hooghly,Highways,8,1,agricultural,26.91,10,37.3,1,309.5
84,Ahmedabad,Aviation,1,0,residential,55.78,4,31.2,0,91.9
266,Navsari,Aviation,2,0,residential,26.41,3,77.9,0,153.1
294,Gautam Buddha Nagar,Railways,10,1,residential,2.64,4,89.7,1,379.7
270,Sonnagar,Highways,6,1,commercial,19.74,6,16.3,1,316.5
220,Hooghly,Industrial,3,0,commercial,69.64,4,52.6,1,155.4
58,Panna,Industrial,5,1,residential,52.78,3,17.5,1,231.0
219,Dankuni,Aviation,0,0,residential,63.8,1,3.0,0,135.3
128,Panna,Industrial,0,0,residential,61.9,2,34.1,0,95.1
87,Ahmedabad,Highways,0,0,agricultural,62.85,9,46.9,0,111.3
49,Sonnagar,Water,2,0,commercial,9.65,3,62.3,0,76.9
104,Sonnagar,Railways,0,0,residential,34.4,4,23.6,0,90.2
217,Dankuni,Aviation,5,1,commercial,36.24,4,38.2,1,271.0
67,Sonnagar,Highways,1,0,residential,29.58,2,44.6,0,116.3
213,Panna,Aviation,1,0,commercial,28.16,4,59.4,1,97.6
58,Navsari,Industrial,0,0,residential,19.47,1,19.0,0,35.6
211,Ahmedabad,Industrial,1,0,agricultural,43.22,11,88.6,1,163.2
176,Navsari,Railways,1,0,agricultural,69.31,1,47.1,0,136.9
268,Panna,Industrial,1,0,residential,56.96,4,47.4,0,151.0
155,Surat,Energy,6,1,agricultural,13.87,8,54.6,1,263.5
73,Panna,Highways,10,1,residential,65.95,3,52.4,1,284.7
232,Hooghly,Industrial,5,1,agricultural,24.17,1,43.8,1,298.2
122,Hooghly,Highways,1,0,agricultural,28.38,12,58.8,0,139.7
194,Surat,Railways,1,0,agricultural,13.89,12,29.2,0,121.5
84,Panna,Aviation,2,0,agricultural,73.54,5,82.6,0,153.7
179,Surat,Railways,2,0,residential,54.26,4,15.2,0,121.7
62,Ahmedabad,Water,2,0,agricultural,55.73,6,44.3,0,120.6
249,Sonnagar,Highways,1,0,residential,68.08,4,22.3,0,153.8
187,Navsari,Energy,0,0,commercial,68.27,3,85.2,0,109.1
78,Dankuni,Water,0,0,agricultural,36.79,7,20.8,0,79.8
155,Dankuni,Energy,7,1,agricultural,20.41,6,63.8,1,287.2
134,Dankuni,Energy,0,0,residential,8.07,2,46.3,0,83.3
19,Dankuni,Water,2,0,agricultural,79.06,7,66.5,0,122.7
67,Palghar,Aviation,3,0,agricultural,11.4,13,77.6,1,123.5
286,Dankuni,Railways,1,0,agricultural,13.55,6,69.2,0,135.5
241,Ahmedabad,Industrial,0,0,residential,8.49,1,56.8,0,128.0
156,Valsad,Railways,0,0,agricultural,48.28,12,58.5,0,103.2
280,Dankuni,Energy,0,0,agricultural,31.64,11,7.1,1,124.4
138,Hooghly,Water,1,0,agricultural,42.5,1,93.8,0,96.1
294,Gautam Buddha Nagar,Water,2,0,commercial,76.38,1,3.6,1,173.3
274,Thane,Highways,2,0,commercial,61.49,4,67.3,1,178.1
57,Gautam Buddha Nagar,Railways,1,0,commercial,16.65,2,51.9,0,89.1
48,Dankuni,Aviation,0,0,residential,76.3,2,7.4,0,89.4
43,Hooghly,Industrial,2,0,residential,59.38,1,3.2,0,100.1
279,Hooghly,Energy,2,0,residential,13.77,2,71.7,0,121.4
234,Palghar,Highways,3,1,commercial,21.4,5,60.4,1,261.1
100,Thane,Water,0,0,residential,8.68,1,23.2,0,61.7
256,Thane,Railways,3,0,agricultural,14.73,14,5.3,1,167.0
179,Dankuni,Water,7,1,agricultural,22.07,2,55.2,1,302.9
279,Thane,Railways,4,0,agricultural,5.98,8,82.5,1,174.8
19,Palghar,Industrial,0,0,commercial,62.87,6,59.9,0,86.3
294,Hooghly,Railways,0,0,residential,1.01,4,4.2,0,111.3
15,Sonnagar,Highways,0,0,commercial,59.18,3,11.7,0,65.4
158,Hooghly,Highways,5,1,agricultural,71.83,9,40.4,1,287.6
63,Sonnagar,Highways,1,0,residential,31.85,1,42.5,0,74.0
182,Navsari,Energy,0,0,commercial,6.44,2,14.7,0,76.5
253,Palghar,Railways,0,0,commercial,28.98,2,44.0,0,119.9
170,Palghar,Railways,1,0,residential,3.71,3,15.8,0,53.6
168,Ahmedabad,Industrial,4,1,agricultural,2.97,7,81.5,1,247.9
86,Palghar,Water,2,1,agricultural,66.51,4,14.2,1,210.6
147,Dankuni,Aviation,0,0,agricultural,79.77,4,85.9,0,115.9
251,Valsad,Highways,8,1,agricultural,65.82,7,48.1,1,362.3
155,Valsad,Railways,4,1,agricultural,3.25,10,59.4,1,246.1
59,Panna,Water,4,1,agricultural,33.83,11,84.3,1,250.7
198,Panna,Highways,2,0,commercial,27.85,5,48.7,0,145.5
30,Valsad,Industrial,2,0,agricultural,5.16,8,51.2,0,26.7
138,Raigad,Highways,2,1,agricultural,61.24,4,55.5,1,235.1
177,Raigad,Railways,1,0,agricultural,73.16,1,67.4,0,140.7
267,Raigad,Industrial,0,0,agricultural,3.52,1,23.6,0,123.2
118,Thane,Energy,0,0,residential,14.61,3,7.5,0,98.3
201,Raigad,Highways,0,0,residential,75.38,4,56.5,0,138.0
264,Raigad,Aviation,0,0,commercial,77.52,6,84.7,0,136.9
208,Dankuni,Industrial,1,0,agricultural,10.62,12,2.2,0,120.8
177,Gautam Buddha Nagar,Highways,4,0,agricultural,18.06,10,11.7,0,176.9
178,Palghar,Railways,3,1,commercial,65.82,6,61.4,1,255.0
49,Navsari,Railways,2,0,agricultural,57.77,1,37.9,0,51.7
194,Ahmedabad,Water,0,0,commercial,38.62,5,62.5,0,101.5
25,Palghar,Highways,4,0,commercial,6.4,2,84.6,0,111.8
262,Palghar,Energy,0,0,residential,52.46,4,16.6,0,137.7
298,Surat,Water,2,0,residential,21.59,3,29.7,1,163.8
42,Panna,Water,0,0,agricultural,23.92,11,60.1,0,89.6
164,Surat,Railways,1,0,residential,9.68,4,45.8,0,95.2
109,Dankuni,Industrial,0,0,commercial,15.33,1,26.5,0,69.7
92,Navsari,Industrial,1,0,agricultural,7.31,6,77.2,0,107.5
213,Surat,Industrial,0,0,agricultural,43.07,14,89.1,0,143.7
32,Navsari,Highways,3,0,commercial,64.14,6,93.4,1,164.8
123,Hooghly,Railways,0,0,agricultural,34.16,11,42.5,1,112.5
49,Gautam Buddha Nagar,Energy,10,1,commercial,32.09,3,81.7,1,290.6
282,Thane,Aviation,0,0,residential,12.4,1,88.0,0,105.8
225,Navsari,Industrial,9,1,commercial,45.98,4,5.5,1,346.5
220,Gautam Buddha Nagar,Aviation,7,1,residential,55.4,1,71.4,1,286.3
174,Thane,Energy,1,0,commercial,55.85,1,92.4,0,129.4
152,Sonnagar,Water,1,0,commercial,7.6,4,21.7,1,73.6
278,Panna,Energy,0,0,agricultural,56.91,7,14.6,0,117.0
117,Thane,Railways,0,0,agricultural,36.79,6,67.5,0,128.1
78,Panna,Water,0,0,residential,39.36,4,18.5,0,61.8
147,Valsad,Energy,1,0,agricultural,23.16,7,6.6,0,90.6
130,Surat,Railways,0,0,residential,33.06,1,82.4,0,73.6
103,Hooghly,Railways,0,0,residential,20.57,3,68.3,0,60.5
144,Ahmedabad,Energy,6,1,commercial,54.34,5,38.9,1,300.2
159,Dankuni,Energy,0,0,residential,5.58,3,61.6,0,71.8
111,Sonnagar,Aviation,5,1,commercial,72.03,5,39.6,1,283.0
166,Thane,Aviation,8,1,commercial,32.67,6,5.3,1,288.9
128,Surat,Energy,1,0,residential,38.32,3,49.2,0,74.3
64,Panna,Railways,2,0,commercial,58.15,5,73.0,0,141.6
128,Valsad,Aviation,2,0,agricultural,24.91,13,84.5,0,164.7
42,Hooghly,Highways,1,0,commercial,75.57,1,45.9,0,97.8
167,Dankuni,Water,3,0,residential,12.49,2,33.9,1,125.7
107,Hooghly,Railways,1,0,commercial,50.67,2,31.1,0,106.1
96,Surat,Railways,2,0,residential,7.5,4,60.9,0,127.6
288,Ahmedabad,Highways,7,1,agricultural,76.03,6,72.4,1,346.7
142,Thane,Aviation,7,1,residential,25.31,1,37.7,1,267.4
248,Thane,Energy,1,0,commercial,27.36,6,94.6,0,171.3
221,Valsad,Railways,5,1,agricultural,58.31,3,21.6,1,292.0
34,Palghar,Energy,1,0,residential,61.81,1,57.2,0,84.3
74,Thane,Highways,0,0,residential,44.01,4,67.3,0,106.4
66,Thane,Energy,0,0,commercial,48.65,2,41.0,0,60.1
73,Gautam Buddha Nagar,Highways,1,0,commercial,48.92,3,79.3,0,90.5
35,Ahmedabad,Energy,3,0,agricultural,55.21,8,32.7,1,134.3
267,Palghar,Industrial,3,1,residential,62.47,1,69.3,1,279.5
150,Surat,Water,0,0,commercial,14.39,1,81.3,0,97.6
63,Ahmedabad,Aviation,3,0,agricultural,1.27,3,63.7,0,116.6
62,Hooghly,Industrial,0,0,commercial,9.55,4,91.5,0,80.9
100,Hooghly,Water,2,1,residential,78.53,2,11.6,1,216.5
107,Gautam Buddha Nagar,Aviation,2,0,commercial,49.1,6,83.8,0,89.8
225,Hooghly,Water,0,0,agricultural,52.57,1,67.5,0,83.1
129,Gautam Buddha Nagar,Aviation,1,0,residential,27.39,1,42.3,0,71.3
212,Dankuni,Aviation,10,1,residential,71.42,1,3.1,1,336.5
53,Hooghly,Water,0,0,agricultural,26.81,5,6.7,0,96.9
250,Ahmedabad,Railways,1,0,agricultural,7.5,8,43.6,1,152.8
221,Dankuni,Highways,1,0,agricultural,0.51,2,75.6,1,101.6
248,Panna,Industrial,0,0,agricultural,4.81,4,80.5,0,134.7
201,Gautam Buddha Nagar,Water,0,0,residential,60.87,2,2.2,0,131.7
206,Navsari,Industrial,0,0,residential,13.55,2,78.4,0,75.5
111,Navsari,Industrial,8,1,agricultural,17.64,14,74.7,1,311.4
78,Ahmedabad,Highways,1,0,residential,52.85,2,91.6,0,93.4
262,Panna,Water,2,0,residential,72.86,2,69.9,1,174.5
273,Gautam Buddha Nagar,Industrial,0,0,commercial,48.91,6,72.9,0,184.6
85,Navsari,Water,2,0,agricultural,60.0,5,80.4,0,118.1
126,Sonnagar,Industrial,6,1,residential,55.09,2,93.3,1,235.8
180,Panna,Industrial,2,0,residential,45.2,4,64.7,0,123.3
69,Ahmedabad,Highways,4,1,residential,4.72,1,20.6,1,200.0
89,Navsari,Aviation,1,0,commercial,23.96,5,5.0,0,86.6
129,Dankuni,Aviation,1,0,residential,19.39,3,66.4,0,100.6
297,Ahmedabad,Aviation,6,1,commercial,16.65,4,79.2,1,292.1
294,Dankuni,Energy,0,0,residential,58.13,2,29.4,0,158.2
278,Raigad,Railways,2,1,residential,34.57,3,14.1,1,250.9
94,Valsad,Water,7,1,residential,47.95,3,47.6,1,269.7
127,Sonnagar,Energy,1,0,residential,63.01,2,40.7,0,107.1
184,Surat,Railways,0,0,residential,76.05,4,94.7,1,75.0
192,Thane,Highways,3,0,residential,49.29,2,91.2,0,135.3
291,Palghar,Water,0,0,commercial,41.59,3,49.8,0,128.7
179,Navsari,Aviation,3,0,agricultural,13.81,13,52.0,1,171.1
232,Dankuni,Aviation,0,0,agricultural,66.39,12,74.1,0,122.6
27,Sonnagar,Aviation,0,0,agricultural,7.46,1,18.6,0,50.1
213,Surat,Energy,0,0,commercial,25.65,4,64.6,0,101.9
38,Gautam Buddha Nagar,Highways,0,0,residential,74.28,1,29.0,0,50.1
217,Navsari,Water,0,0,commercial,12.93,2,14.7,0,116.8
88,Panna,Energy,3,0,residential,77.25,3,91.0,0,141.0
17,Raigad,Highways,0,0,agricultural,44.03,2,30.3,0,19.9
277,Valsad,Railways,4,1,commercial,18.05,3,20.1,1,304.3
296,Thane,Industrial,3,1,commercial,20.43,2,69.5,1,266.5
135,Raigad,Aviation,3,1,residential,72.06,3,47.2,1,272.4
201,Sonnagar,Industrial,4,0,agricultural,13.91,6,24.9,1,195.9
83,Ahmedabad,Energy,0,0,commercial,38.66,4,35.4,0,101.6
56,Raigad,Aviation,3,0,residential,11.63,2,26.5,0,95.9
30,Palghar,Highways,1,0,residential,61.65,2,86.3,0,77.0
91,Panna,Water,0,0,residential,61.89,3,14.5,0,88.0
137,Valsad,Industrial,2,0,agricultural,49.32,3,72.4,0,132.7
89,Gautam Buddha Nagar,Industrial,1,0,residential,29.02,2,72.8,0,99.9
120,Surat,Highways,2,0,residential,31.35,4,84.0,0,123.0
155,Palghar,Aviation,0,0,residential,43.78,2,37.0,0,109.8
207,Palghar,Industrial,0,0,commercial,32.76,3,47.3,0,108.1
99,Panna,Railways,10,1,commercial,51.66,2,16.0,1,332.8
227,Palghar,Aviation,2,0,agricultural,38.78,8,46.5,0,146.2
37,Ahmedabad,Highways,4,1,agricultural,11.21,9,5.6,1,230.6
222,Navsari,Railways,1,0,residential,1.98,3,90.1,0,135.8
127,Hooghly,Water,1,0,agricultural,63.67,14,73.4,0,136.2
190,Raigad,Aviation,1,0,residential,5.97,4,37.8,0,116.5
91,Panna,Aviation,0,0,commercial,72.18,5,5.6,0,78.3
81,Palghar,Highways,1,0,commercial,0.6,6,62.4,0,84.1
234,Thane,Aviation,9,1,residential,63.27,4,34.6,1,308.8
232,Sonnagar,Industrial,9,1,agricultural,61.39,14,9.8,1,366.5
18,Navsari,Railways,0,0,agricultural,1.07,11,21.1,0,56.0
144,Palghar,Railways,10,1,commercial,34.17,3,58.9,1,319.2
300,Surat,Water,0,0,residential,44.62,3,93.9,0,118.8
75,Ahmedabad,Aviation,0,0,agricultural,56.1,3,11.3,0,80.0
41,Panna,Industrial,2,1,residential,64.45,2,45.9,0,202.5
55,Navsari,Railways,2,0,commercial,74.49,4,59.1,0,113.8
268,Gautam Buddha Nagar,Highways,0,0,agricultural,52.72,13,50.2,0,193.2
133,Panna,Industrial,1,0,residential,29.1,1,92.7,0,100.9
217,Ahmedabad,Energy,0,0,residential,1.72,1,87.5,0,79.6
192,Panna,Industrial,0,0,commercial,48.71,2,44.3,0,105.5
69,Raigad,Water,1,0,residential,27.53,1,76.7,0,66.9
241,Gautam Buddha Nagar,Energy,1,0,residential,61.71,3,91.4,0,145.5
74,Gautam Buddha Nagar,Highways,8,1,commercial,50.88,2,65.0,1,297.4
19,Valsad,Industrial,0,0,residential,23.34,4,64.7,0,51.6
196,Raigad,Water,6,1,commercial,15.03,6,65.5,1,276.7
138,Surat,Railways,0,0,residential,16.62,2,79.8,0,102.7
267,Palghar,Highways,2,0,residential,43.55,1,80.9,0,159.0
108,Gautam Buddha Nagar,Energy,3,0,commercial,22.78,2,71.8,0,134.0
31,Ahmedabad,Water,0,0,residential,55.06,2,44.5,0,81.7
21,Valsad,Aviation,0,0,agricultural,8.51,6,59.0,0,82.3
190,Surat,Energy,1,0,commercial,17.24,6,72.0,0,134.1
82,Hooghly,Railways,1,0,residential,65.23,3,76.8,0,90.0
91,Surat,Railways,0,0,residential,34.01,2,94.6,0,55.7
168,Sonnagar,Energy,2,1,commercial,32.17,6,17.2,1,253.3
186,Dankuni,Highways,7,1,commercial,45.05,3,34.0,1,307.8
290,Dankuni,Industrial,6,1,agricultural,28.73,11,49.5,1,315.1
161,Palghar,Water,4,0,residential,69.53,3,41.2,0,156.7
190,Palghar,Highways,7,1,agricultural,52.41,12,26.9,1,323.2
281,Hooghly,Energy,0,0,residential,15.12,1,13.6,0,123.4
55,Sonnagar,Aviation,8,1,residential,8.69,1,89.1,1,257.7
68,Ahmedabad,Industrial,4,1,agricultural,7.2,7,30.8,1,247.1
284,Dankuni,Railways,0,0,agricultural,53.25,14,87.1,1,156.1
242,Panna,Energy,10,1,residential,14.57,4,60.7,1,322.8
288,Panna,Aviation,0,0,residential,43.4,1,43.1,0,133.3
282,Navsari,Highways,2,0,agricultural,27.84,8,51.8,0,150.3
235,Hooghly,Energy,1,0,agricultural,63.84,9,36.7,0,172.9
214,Ahmedabad,Railways,0,0,agricultural,6.8,11,24.3,1,85.4
160,Sonnagar,Aviation,1,0,commercial,21.87,2,81.4,0,114.3
246,Dankuni,Water,9,1,residential,15.43,1,16.1,1,318.5
79,Palghar,Energy,2,0,commercial,19.01,2,3.4,0,112.8
31,Hooghly,Energy,2,0,commercial,76.16,1,26.8,0,115.8
210,Raigad,Railways,0,0,commercial,61.57,2,37.8,1,112.0
63,Thane,Railways,4,0,commercial,38.09,6,91.4,1,137.9
296,Sonnagar,Highways,0,0,residential,51.26,2,35.5,0,140.1
237,Palghar,Railways,0,0,residential,22.45,1,38.8,0,149.1
94,Gautam Buddha Nagar,Aviation,0,0,commercial,13.04,1,65.8,0,102.6
197,Dankuni,Highways,2,0,agricultural,63.42,3,47.4,0,166.1
113,Dankuni,Energy,8,1,commercial,28.97,2,25.3,1,289.8
265,Panna,Energy,4,1,residential,43.72,3,70.1,1,315.8
286,Panna,Railways,6,1,agricultural,65.64,9,36.1,1,341.4
24,Ahmedabad,Aviation,0,0,agricultural,49.81,6,69.1,0,58.1
269,Ahmedabad,Railways,0,0,residential,23.01,4,61.6,1,134.5
106,Palghar,Highways,0,0,agricultural,39.09,2,5.0,0,65.3
146,Hooghly,Industrial,5,1,residential,48.67,1,3.2,1,247.0
46,Palghar,Water,2,0,residential,71.29,3,75.9,0,119.4
51,Panna,Highways,0,0,residential,17.66,1,11.4,0,70.9
142,Surat,Industrial,3,0,residential,44.89,4,71.4,0,119.0
233,Dankuni,Water,0,0,residential,14.84,4,48.9,0,89.6
176,Gautam Buddha Nagar,Water,4,0,commercial,67.67,4,73.1,0,187.3
294,Gautam Buddha Nagar,Railways,10,1,residential,74.13,3,35.5,1,387.1
160,Thane,Aviation,1,0,agricultural,79.48,5,2.6,0,133.1
156,Valsad,Highways,1,0,residential,45.87,2,10.8,0,111.9
142,Navsari,Energy,6,1,residential,7.81,4,54.9,1,271.7
264,Valsad,Water,1,0,agricultural,46.31,2,57.4,0,164.2
43,Gautam Buddha Nagar,Water,0,0,agricultural,70.44,7,40.7,0,66.6
20,Surat,Aviation,1,0,residential,4.8,1,31.7,0,49.1
40,Sonnagar,Railways,4,0,agricultural,77.7,13,57.3,0,176.2
82,Navsari,Water,1,0,agricultural,59.75,9,39.1,0,131.7
261,Sonnagar,Railways,1,0,agricultural,52.35,4,54.2,1,144.8
235,Surat,Highways,3,0,commercial,7.62,6,40.5,1,166.6
27,Valsad,Industrial,0,0,residential,28.3,4,60.0,0,77.0
206,Surat,Railways,3,1,residential,9.43,1,24.6,1,227.8
71,Navsari,Highways,1,0,commercial,26.88,6,52.0,0,115.5
87,Navsari,Industrial,1,0,commercial,30.44,6,51.0,0,106.3
153,Surat,Aviation,2,1,residential,5.79,3,63.7,1,206.2
212,Palghar,Highways,8,1,commercial,40.93,6,11.3,1,359.5
116,Panna,Highways,1,0,agricultural,74.14,1,5.7,0,100.0
95,Hooghly,Water,7,1,residential,28.75,3,24.0,1,266.9
213,Thane,Aviation,2,0,commercial,2.84,5,90.3,0,148.2
59,Ahmedabad,Aviation,1,0,agricultural,54.4,14,60.2,0,143.7
183,Raigad,Water,0,0,commercial,52.37,5,52.3,1,80.1
283,Navsari,Aviation,0,0,residential,72.77,2,63.0,0,132.7
75,Palghar,Industrial,4,1,residential,58.3,3,83.9,1,250.1
155,Hooghly,Aviation,5,1,residential,8.99,2,4.4,1,247.1
133,Gautam Buddha Nagar,Industrial,0,0,residential,2.57,1,66.0,0,70.9
206,Gautam Buddha Nagar,Water,8,1,residential,39.57,2,17.2,1,328.6
128,Thane,Energy,4,0,commercial,60.74,1,18.5,1,144.4
181,Gautam Buddha Nagar,Water,3,0,residential,34.49,1,58.5,1,111.9
289,Ahmedabad,Industrial,3,0,residential,63.06,1,44.0,0,171.3
217,Surat,Industrial,0,0,residential,31.3,1,19.7,0,114.1
231,Navsari,Water,3,0,agricultural,55.35,3,45.1,0,159.2
294,Panna,Highways,8,1,agricultural,26.22,1,18.6,1,308.2
143,Surat,Water,1,0,agricultural,57.06,3,68.8,0,120.3
58,Hooghly,Aviation,0,0,commercial,63.39,5,58.9,0,106.6
91,Thane,Railways,4,1,commercial,14.72,6,6.8,1,264.9
107,Hooghly,Energy,4,1,residential,76.85,1,59.9,1,268.9
267,Hooghly,Industrial,9,1,agricultural,36.57,8,9.4,1,349.4
300,Panna,Energy,0,0,residential,15.19,1,62.8,0,122.6
167,Dankuni,Industrial,0,0,residential,9.16,2,17.0,0,108.3
105,Sonnagar,Industrial,2,0,residential,29.13,1,10.7,0,117.8
296,Ahmedabad,Highways,9,1,commercial,11.2,6,81.9,1,363.8
44,Surat,Aviation,10,1,agricultural,78.98,8,69.3,1,311.2
177,Sonnagar,Energy,7,1,commercial,74.2,5,54.3,1,312.3
134,Hooghly,Railways,4,0,residential,0.63,1,45.2,0,99.1
226,Surat,Industrial,7,1,commercial,45.05,6,21.7,1,298.2
168,Navsari,Highways,0,0,commercial,0.99,6,33.0,0,107.6
184,Thane,Railways,3,0,agricultural,38.59,8,76.1,1,148.1
186,Dankuni,Water,2,0,residential,74.26,1,79.7,0,167.2
24,Valsad,Industrial,7,1,residential,64.06,3,8.2,1,293.9
288,Valsad,Water,1,0,residential,31.47,1,82.4,0,105.0
154,Valsad,Aviation,1,0,agricultural,19.39,8,79.1,0,140.0
34,Raigad,Highways,3,0,commercial,35.78,1,76.3,0,95.5
283,Valsad,Water,0,0,residential,61.67,1,78.5,1,118.6
33,Raigad,Railways,2,0,residential,42.03,1,30.9,0,98.1
38,Palghar,Energy,6,1,commercial,2.29,3,61.4,1,244.6
178,Navsari,Energy,1,0,residential,22.18,2,27.4,0,107.8
292,Panna,Highways,0,0,agricultural,11.75,12,76.8,0,144.7
291,Navsari,Industrial,0,0,commercial,37.92,6,6.7,0,144.0
243,Ahmedabad,Railways,0,0,residential,65.49,1,92.6,0,100.3
254,Raigad,Highways,6,1,residential,54.92,4,45.8,1,308.2
215,Gautam Buddha Nagar,Energy,7,1,commercial,63.21,3,44.2,1,317.4
102,Valsad,Water,0,0,commercial,46.19,5,11.6,0,62.2
51,Valsad,Industrial,1,0,residential,32.36,4,24.2,0,95.3
189,Hooghly,Water,8,1,agricultural,62.85,7,54.8,1,356.1
54,Raigad,Aviation,2,0,residential,67.02,1,57.1,0,109.1
222,Hooghly,Railways,3,1,commercial,55.0,5,73.7,1,285.5
126,Dankuni,Highways,3,0,agricultural,72.31,11,77.3,1,147.5
214,Hooghly,Industrial,0,0,commercial,16.85,3,29.9,0,74.6
60,Ahmedabad,Aviation,1,0,commercial,41.08,2,81.3,0,98.2
198,Thane,Highways,6,1,residential,69.32,2,42.1,1,282.7
210,Sonnagar,Water,0,0,commercial,14.29,2,19.5,0,122.4
79,Ahmedabad,Railways,3,1,commercial,52.05,2,69.1,1,225.2
227,Raigad,Highways,3,0,agricultural,55.78,7,60.0,0,183.9
130,Hooghly,Water,2,1,commercial,46.45,6,24.0,1,235.9
32,Panna,Industrial,1,0,commercial,56.54,1,56.0,0,77.4
158,Sonnagar,Aviation,0,0,residential,71.25,1,24.8,0,82.1
291,Dankuni,Highways,0,0,residential,4.7,3,51.8,0,116.5
184,Hooghly,Industrial,4,0,residential,63.96,3,17.6,0,149.2
148,Navsari,Aviation,9,1,residential,46.46,1,63.0,1,335.5
57,Thane,Energy,3,1,commercial,68.19,3,25.4,1,218.4
72,Navsari,Highways,3,0,residential,59.25,4,36.4,0,158.8
285,Surat,Water,0,0,agricultural,7.21,3,57.4,0,83.7
240,Ahmedabad,Water,0,0,agricultural,46.43,14,34.1,0,134.0
252,Palghar,Highways,0,0,agricultural,59.82,13,87.8,0,189.6
89,Ahmedabad,Water,0,0,commercial,23.46,4,37.5,0,95.9
196,Thane,Highways,0,0,residential,73.48,3,33.2,0,127.0
251,Dankuni,Industrial,2,0,commercial,58.88,5,73.7,0,160.4
20,Raigad,Energy,2,0,residential,1.45,1,50.8,0,53.7
113,Sonnagar,Energy,3,1,commercial,5.02,5,63.1,1,185.8
76,Dankuni,Highways,4,1,residential,30.39,2,85.3,1,213.2
247,Hooghly,Aviation,0,0,agricultural,34.45,11,73.6,0,153.6
210,Palghar,Energy,4,0,agricultural,21.03,14,26.6,0,207.6
106,Surat,Industrial,0,0,commercial,43.48,4,22.3,0,56.7
32,Sonnagar,Energy,6,1,agricultural,62.29,1,85.4,1,269.1
151,Thane,Aviation,7,1,commercial,72.42,5,2.3,1,278.4
50,Hooghly,Water,0,0,commercial,76.36,4,13.3,0,74.8
220,Valsad,Aviation,3,1,commercial,29.55,3,9.5,1,261.0
298,Dankuni,Railways,8,1,agricultural,53.03,5,66.7,1,333.8
239,Valsad,Water,0,0,agricultural,15.85,12,94.7,1,155.9
270,Panna,Aviation,2,0,commercial,36.22,1,5.4,1,156.4
123,Thane,Water,1,0,agricultural,36.94,11,82.9,0,122.3
87,Surat,Highways,0,0,agricultural,72.62,10,6.3,0,106.7
172,Raigad,Aviation,0,0,agricultural,49.09,14,57.0,0,133.9
127,Hooghly,Industrial,5,1,residential,34.38,4,32.2,1,255.9
38,Raigad,Energy,0,0,agricultural,10.1,3,72.5,0,69.1
35,Raigad,Water,8,1,agricultural,62.32,1,83.8,1,274.2
160,Palghar,Aviation,2,0,residential,61.92,2,21.2,0,114.9
34,Ahmedabad,Railways,2,0,agricultural,49.16,2,60.3,0,78.9
113,Thane,Industrial,10,1,agricultural,78.15,10,35.7,1,332.1
121,Surat,Water,5,1,residential,9.46,2,65.7,1,237.0
37,Raigad,Railways,7,1,residential,23.16,4,25.4,1,231.2
41,Hooghly,Highways,0,0,agricultural,62.95,8,49.9,0,99.1
181,Hooghly,Industrial,2,0,residential,71.92,2,74.4,0,148.3
207,Sonnagar,Water,0,0,agricultural,47.01,1,84.8,1,136.7
206,Hooghly,Railways,5,1,commercial,50.75,3,20.8,1,302.1
71,Thane,Energy,1,0,agricultural,14.11,6,22.4,0,99.5
298,Dankuni,Industrial,0,0,agricultural,68.63,8,82.2,0,179.9
234,Hooghly,Energy,0,0,agricultural,26.52,10,22.7,1,115.0
37,Gautam Buddha Nagar,Highways,9,1,commercial,58.81,5,5.1,1,294.3
268,Sonnagar,Highways,10,1,commercial,60.37,6,70.1,1,369.2
61,Navsari,Railways,6,1,residential,13.36,4,81.8,1,242.6
222,Hooghly,Water,7,1,agricultural,50.33,12,60.9,1,336.3
31,Sonnagar,Energy,2,0,residential,56.0,2,75.3,0,115.2
201,Sonnagar,Highways,0,0,residential,29.56,1,36.0,0,116.1
119,Palghar,Industrial,7,1,residential,19.47,1,62.4,1,235.1
130,Sonnagar,Railways,3,0,residential,40.53,4,27.8,1,144.1
77,Hooghly,Industrial,1,0,residential,66.12,3,44.0,0,121.0
249,Sonnagar,Highways,8,1,agricultural,71.89,5,91.1,1,349.5
269,Palghar,Aviation,5,1,agricultural,41.89,11,4.1,1,336.2
230,Raigad,Water,1,0,commercial,23.68,1,4.0,1,83.1
225,Panna,Aviation,1,0,commercial,63.05,4,57.2,0,107.8
82,Hooghly,Water,0,0,commercial,63.25,2,47.0,0,77.2
160,Thane,Railways,0,0,commercial,73.97,6,51.8,0,130.8
93,Sonnagar,Aviation,3,1,residential,3.77,3,55.4,1,217.5
32,Surat,Industrial,4,0,residential,12.26,4,52.2,0,129.9
89,Thane,Water,3,0,commercial,12.91,6,52.8,0,122.2
90,Navsari,Water,2,0,commercial,73.82,3,66.1,0,84.1
74,Raigad,Aviation,0,0,residential,67.35,4,35.2,0,111.3
128,Surat,Industrial,2,0,residential,16.06,1,52.1,0,110.9
114,Palghar,Industrial,1,0,commercial,41.17,1,86.5,0,101.3
205,Ahmedabad,Energy,7,1,commercial,28.43,4,83.3,1,315.8
241,Hooghly,Aviation,2,0,commercial,77.64,4,69.8,0,182.9
121,Gautam Buddha Nagar,Highways,4,0,agricultural,42.26,6,8.1,1,150.7
154,Palghar,Highways,1,0,commercial,56.96,2,20.5,0,100.3
170,Hooghly,Highways,2,0,commercial,18.35,1,16.3,0,137.8
162,Dankuni,Water,1,0,agricultural,55.18,4,4.6,0,100.7
200,Palghar,Industrial,1,0,residential,69.53,4,92.6,0,121.0
147,Sonnagar,Industrial,2,1,agricultural,12.12,8,83.7,1,241.7
197,Navsari,Energy,6,1,commercial,42.6,1,49.8,1,270.4
293,Palghar,Industrial,0,0,agricultural,67.68,13,30.0,0,150.6
195,Palghar,Industrial,0,0,residential,41.69,3,74.4,0,127.2
94,Raigad,Highways,2,0,agricultural,63.71,9,59.0,0,121.3
73,Panna,Aviation,3,0,residential,9.77,2,87.9,0,106.2
282,Valsad,Railways,0,0,commercial,56.94,1,71.2,0,133.2
131,Sonnagar,Railways,0,0,residential,78.5,4,66.2,0,101.1
115,Hooghly,Water,10,1,agricultural,47.66,8,13.1,1,342.5
78,Dankuni,Highways,0,0,agricultural,72.14,3,64.4,0,90.7
193,Sonnagar,Energy,3,0,residential,62.57,2,49.0,1,169.1
113,Thane,Industrial,0,0,agricultural,60.44,1,92.5,0,93.2
202,Panna,Aviation,0,0,commercial,54.05,1,18.8,0,119.5
223,Surat,Industrial,7,1,agricultural,10.33,2,50.3,1,291.3
35,Navsari,Industrial,9,1,residential,9.7,3,44.5,1,243.8
223,Hooghly,Railways,3,0,residential,15.51,1,85.2,1,100.2
266,Valsad,Railways,0,0,agricultural,42.05,11,9.9,1,166.1
101,Gautam Buddha Nagar,Highways,5,1,residential,27.42,4,13.4,1,225.6
154,Navsari,Aviation,2,0,residential,75.49,3,46.3,0,128.1
90,Hooghly,Industrial,0,0,commercial,20.43,4,23.5,0,73.1
270,Sonnagar,Highways,4,0,agricultural,30.92,11,32.4,1,232.1
267,Palghar,Aviation,0,0,residential,53.14,4,48.9,0,123.4
31,Panna,Industrial,3,0,agricultural,9.97,8,31.3,0,128.7
170,Thane,Railways,0,0,residential,34.74,3,68.6,0,97.6
298,Dankuni,Water,1,0,residential,38.33,2,49.1,0,155.1
195,Ahmedabad,Industrial,0,0,residential,5.38,1,13.9,0,108.8
189,Gautam Buddha Nagar,Highways,0,0,residential,79.36,4,34.7,0,111.5
58,Dankuni,Energy,0,0,residential,24.74,3,17.8,0,63.7
278,Dankuni,Water,0,0,residential,55.83,1,93.7,0,137.8
66,Gautam Buddha Nagar,Highways,0,0,commercial,39.99,6,33.6,0,72.2
53,Ahmedabad,Railways,1,0,commercial,23.34,1,29.7,0,56.6
63,Gautam Buddha Nagar,Aviation,0,0,agricultural,45.53,9,46.2,0,126.5
168,Dankuni,Energy,1,0,residential,16.41,4,25.4,0,105.0
279,Panna,Railways,1,0,agricultural,17.43,14,71.0,0,179.4
45,Panna,Industrial,0,0,commercial,12.25,2,71.4,0,18.6
119,Ahmedabad,Energy,0,0,agricultural,23.32,3,25.8,0,68.7
29,Palghar,Railways,6,1,agricultural,37.4,9,94.2,1,284.1
84,Surat,Railways,6,1,commercial,52.86,2,61.9,1,268.7
175,Thane,Highways,3,0,agricultural,72.1,7,85.4,0,139.0
135,Ahmedabad,Aviation,10,1,agricultural,74.67,9,63.8,1,340.1
61,Panna,Energy,3,1,commercial,61.97,3,32.6,1,217.5
231,Sonnagar,Aviation,3,1,agricultural,14.42,5,42.9,1,281.0
72,Hooghly,Industrial,0,0,commercial,54.78,3,83.8,0,73.8
25,Sonnagar,Energy,3,0,commercial,3.27,6,63.6,1,93.5
297,Dankuni,Railways,1,0,commercial,56.2,6,13.4,1,136.4
145,Ahmedabad,Highways,3,0,commercial,60.66,3,21.6,1,120.5
223,Dankuni,Energy,0,0,residential,6.87,4,45.8,0,120.5
97,Sonnagar,Water,1,0,agricultural,28.47,10,69.8,0,110.9
109,Sonnagar,Highways,2,0,agricultural,11.32,7,20.6,0,138.4
279,Palghar,Railways,2,0,agricultural,52.11,3,80.8,0,131.7
83,Valsad,Water,7,1,commercial,64.06,2,9.8,1,290.7
25,Ahmedabad,Industrial,3,0,agricultural,51.94,11,23.3,0,151.2
40,Navsari,Aviation,0,0,agricultural,21.18,2,91.1,0,75.9
237,Thane,Aviation,3,0,residential,66.27,4,13.0,0,163.4
268,Navsari,Energy,0,0,residential,16.93,2,94.6,0,137.3
89,Ahmedabad,Railways,6,1,commercial,19.22,4,86.4,1,275.9
255,Hooghly,Highways,7,1,agricultural,77.96,7,65.9,1,315.9
52,Sonnagar,Industrial,2,1,commercial,4.64,2,45.8,0,205.3
38,Dankuni,Industrial,10,1,residential,49.76,3,92.9,1,291.5
106,Panna,Highways,10,1,residential,39.68,3,83.6,1,324.5
148,Panna,Water,2,1,agricultural,78.29,8,83.1,1,234.6
150,Ahmedabad,Energy,0,0,commercial,13.62,6,94.5,0,83.7
42,Dankuni,Aviation,2,1,commercial,18.77,1,45.7,1,202.8
241,Palghar,Water,2,0,agricultural,39.07,8,12.5,1,153.9
160,Valsad,Highways,4,1,agricultural,60.12,14,27.4,1,285.9
107,Gautam Buddha Nagar,Highways,0,0,residential,61.58,1,84.5,0,89.3
206,Dankuni,Highways,4,0,commercial,67.04,2,4.7,0,182.3
152,Hooghly,Water,0,0,residential,77.6,4,32.2,0,83.9
39,Gautam Buddha Nagar,Railways,0,0,agricultural,63.95,12,8.6,0,102.1
137,Ahmedabad,Energy,3,0,agricultural,7.59,14,21.4,0,173.1
76,Dankuni,Aviation,2,0,agricultural,59.0,5,86.0,0,109.8
117,Palghar,Energy,3,0,residential,38.38,4,10.4,0,141.7
233,Raigad,Water,10,1,residential,27.67,4,64.9,1,320.5
283,Hooghly,Industrial,9,1,residential,35.27,4,29.9,1,344.1
233,Navsari,Railways,0,0,residential,6.58,1,49.7,0,93.1
144,Hooghly,Aviation,1,0,residential,61.61,1,12.6,0,99.5
57,Raigad,Water,2,0,agricultural,25.46,12,44.3,0,104.4
123,Navsari,Energy,6,1,agricultural,69.79,2,42.3,1,279.7
259,Thane,Railways,0,0,residential,52.79,4,30.2,0,106.9
217,Sonnagar,Aviation,0,0,residential,11.24,2,12.4,1,100.5
89,Thane,Railways,0,0,commercial,50.27,5,19.8,0,108.9
74,Hooghly,Water,4,1,agricultural,59.23,8,91.6,1,264.5
165,Gautam Buddha Nagar,Railways,2,0,agricultural,4.55,1,11.5,0,90.9
298,Ahmedabad,Water,0,0,residential,32.27,4,23.6,0,132.7
47,Gautam Buddha Nagar,Energy,8,1,residential,71.19,1,48.0,1,273.5
97,Sonnagar,Water,0,0,agricultural,27.84,4,49.2,0,65.1
254,Gautam Buddha Nagar,Aviation,6,1,residential,57.98,4,91.3,1,289.4
97,Sonnagar,Energy,0,0,commercial,60.07,6,46.9,0,108.6
267,Hooghly,Highways,0,0,commercial,4.24,1,35.4,0,128.9
47,Raigad,Industrial,0,0,agricultural,18.52,9,22.8,0,97.1
151,Valsad,Highways,3,0,residential,69.96,1,67.7,0,135.6
67,Hooghly,Highways,0,0,agricultural,8.88,11,13.0,0,105.2
241,Sonnagar,Energy,1,0,residential,69.7,2,62.2,0,148.6
18,Surat,Water,9,1,commercial,27.63,5,17.9,1,309.4
140,Ahmedabad,Energy,10,1,residential,34.03,2,14.8,1,333.0
200,Hooghly,Industrial,0,0,residential,61.73,1,9.9,0,155.0
216,Raigad,Water,1,0,agricultural,51.5,10,7.4,0,133.7
229,Dankuni,Industrial,1,0,commercial,44.51,3,69.1,0,145.8
90,Navsari,Industrial,0,0,residential,16.81,4,66.9,0,52.9
58,Ahmedabad,Railways,7,1,commercial,31.5,6,70.8,1,311.9
276,Navsari,Railways,1,0,agricultural,60.69,3,4.2,1,134.5
231,Navsari,Railways,0,0,commercial,5.27,3,26.2,0,99.9
167,Dankuni,Highways,0,0,commercial,27.45,2,76.9,0,88.1
134,Dankuni,Aviation,0,0,residential,62.89,2,68.4,0,94.0
113,Valsad,Industrial,0,0,residential,8.29,4,79.0,0,78.7
243,Raigad,Water,10,1,agricultural,32.52,9,50.3,1,373.9
240,Hooghly,Aviation,3,0,commercial,58.67,4,78.6,1,179.9
277,Sonnagar,Water,0,0,agricultural,17.41,8,5.0,1,153.4
71,Palghar,Industrial,6,1,commercial,3.7,2,13.0,1,254.6
88,Navsari,Water,8,1,agricultural,4.37,5,84.7,1,309.8
295,Hooghly,Highways,3,0,agricultural,33.7,10,30.8,0,202.0
82,Ahmedabad,Water,1,0,residential,37.14,4,64.1,0,117.7
224,Palghar,Industrial,3,0,residential,27.45,1,91.1,1,126.8
27,Dankuni,Highways,2,0,agricultural,56.74,9,62.0,0,115.0
42,Gautam Buddha Nagar,Industrial,1,0,residential,60.17,1,13.2,0,78.6
140,Thane,Energy,2,0,agricultural,46.57,2,77.0,0,109.3
189,Thane,Water,0,0,agricultural,68.84,6,37.5,1,153.0
88,Panna,Railways,3,1,commercial,12.76,4,65.1,1,233.7
44,Raigad,Highways,0,0,residential,11.83,3,26.0,0,42.4
136,Thane,Railways,2,0,agricultural,31.11,2,27.0,0,134.2
223,Palghar,Water,3,0,agricultural,1.98,9,91.6,1,151.0
170,Panna,Aviation,0,0,agricultural,67.78,9,20.9,0,127.6
231,Raigad,Railways,1,0,residential,3.82,4,91.4,0,100.3
261,Raigad,Highways,6,1,agricultural,67.24,7,94.9,1,318.2
97,Panna,Energy,1,0,agricultural,24.4,7,67.0,0,78.2
273,Navsari,Water,0,0,agricultural,54.73,6,61.1,1,137.5
179,Navsari,Railways,1,0,residential,48.16,1,87.0,1,142.8
19,Gautam Buddha Nagar,Water,0,0,agricultural,71.67,12,47.5,0,110.0
290,Dankuni,Aviation,9,1,agricultural,53.94,6,92.4,1,380.2
19,Ahmedabad,Railways,7,1,residential,74.93,4,2.9,1,242.4
113,Dankuni,Aviation,6,1,commercial,64.77,2,23.8,1,273.8
122,Navsari,Water,8,1,residential,9.32,3,54.9,1,281.6
104,Dankuni,Aviation,4,1,residential,59.8,2,26.1,1,239.4
113,Panna,Aviation,0,0,commercial,77.6,6,51.6,0,133.4
41,Hooghly,Highways,0,0,commercial,67.63,4,27.5,0,63.0
129,Valsad,Industrial,8,1,agricultural,42.83,6,2.5,1,313.4
130,Gautam Buddha Nagar,Highways,0,0,residential,6.42,2,20.3,0,77.8
260,Dankuni,Highways,0,0,agricultural,63.88,6,80.2,0,161.9
281,Valsad,Highways,3,0,commercial,62.17,5,42.8,1,198.7
32,Palghar,Highways,3,0,agricultural,55.62,13,13.9,0,141.3
236,Navsari,Industrial,2,1,residential,44.96,3,81.0,1,265.9
20,Ahmedabad,Railways,1,0,residential,34.53,1,33.6,0,55.3
113,Hooghly,Industrial,2,1,commercial,47.82,1,57.1,1,182.1
146,Raigad,Aviation,1,0,residential,49.86,2,24.6,0,102.4
277,Navsari,Industrial,2,0,commercial,25.24,5,74.1,1,169.2
19,Valsad,Energy,1,0,commercial,12.0,2,49.2,0,30.9
117,Ahmedabad,Energy,0,0,agricultural,5.94,4,64.1,0,27.7
186,Gautam Buddha Nagar,Aviation,0,0,commercial,13.4,4,83.5,1,84.6
132,Thane,Aviation,0,0,agricultural,38.72,13,90.6,0,149.7
18,Surat,Water,0,0,agricultural,2.89,2,15.2,0,52.0
116,Valsad,Highways,4,1,agricultural,17.91,5,68.9,1,261.0
105,Raigad,Railways,3,0,agricultural,2.17,11,14.8,0,109.7
248,Valsad,Railways,7,1,commercial,53.04,5,92.9,1,324.2
88,Sonnagar,Highways,0,0,agricultural,15.58,9,37.2,0,107.0
111,Dankuni,Railways,0,0,agricultural,12.31,4,7.0,0,41.6
122,Panna,Industrial,2,0,commercial,63.38,5,8.0,0,131.7
270,Dankuni,Industrial,0,0,commercial,57.14,5,66.6,0,117.3
33,Navsari,Industrial,5,1,commercial,36.44,2,38.8,1,265.2
145,Gautam Buddha Nagar,Railways,0,0,commercial,7.18,4,50.3,0,88.3
233,Panna,Industrial,0,0,commercial,29.72,4,31.5,0,121.8
53,Surat,Energy,0,0,residential,67.49,1,75.1,0,70.1
294,Palghar,Energy,5,1,agricultural,54.17,5,30.2,1,287.6
85,Navsari,Railways,2,0,residential,59.32,3,2.8,0,147.3
21,Ahmedabad,Water,1,0,residential,61.01,2,82.5,0,110.2
279,Surat,Water,1,0,agricultural,37.76,14,44.9,1,163.8
228,Surat,Water,9,1,residential,68.31,1,36.8,1,331.4
196,Sonnagar,Highways,0,0,commercial,55.02,4,72.9,0,100.9
31,Gautam Buddha Nagar,Highways,0,0,residential,76.23,3,54.8,0,40.8
119,Gautam Buddha Nagar,Water,0,0,commercial,31.22,4,12.1,0,77.9
68,Navsari,Highways,0,0,agricultural,66.2,10,47.4,0,114.8
134,Ahmedabad,Energy,1,0,agricultural,36.65,6,50.2,0,145.6
71,Ahmedabad,Water,8,1,agricultural,38.52,2,38.2,1,269.2
258,Surat,Energy,6,1,commercial,47.21,5,68.7,1,316.0
219,Raigad,Water,0,0,agricultural,26.65,10,83.8,0,136.2
248,Sonnagar,Highways,2,0,commercial,63.49,4,59.0,1,151.0
236,Surat,Railways,3,0,residential,15.08,1,38.6,1,139.1
290,Raigad,Energy,3,0,residential,55.99,2,86.5,0,193.0
68,Palghar,Energy,2,0,agricultural,33.1,3,25.5,0,100.0
251,Palghar,Aviation,2,0,residential,68.53,4,5.5,0,192.4
252,Raigad,Energy,0,0,residential,44.1,2,68.4,0,125.4
24,Navsari,Railways,0,0,agricultural,10.37,12,38.3,0,96.5
240,Dankuni,Energy,0,0,agricultural,3.24,11,51.5,0,131.8
67,Dankuni,Industrial,0,0,residential,4.67,1,6.5,0,60.5
117,Surat,Energy,8,1,agricultural,2.72,1,33.4,1,294.9
100,Surat,Highways,0,0,residential,41.24,3,32.0,0,64.0
76,Panna,Water,3,1,commercial,28.85,2,3.4,1,211.2
48,Surat,Water,0,0,agricultural,50.1,1,8.3,0,80.5
289,Gautam Buddha Nagar,Water,3,0,agricultural,45.75,5,91.2,0,153.2
83,Sonnagar,Water,1,0,residential,70.78,3,93.0,0,98.7
244,Thane,Industrial,1,0,residential,18.98,1,23.6,0,91.5
234,Navsari,Railways,1,0,residential,5.26,3,48.4,0,132.8
242,Dankuni,Highways,0,0,agricultural,22.61,11,75.2,1,145.9
27,Ahmedabad,Aviation,7,1,commercial,27.75,2,52.2,1,234.1
128,Surat,Aviation,0,0,residential,26.07,4,60.6,0,94.7
87,Surat,Highways,0,0,residential,14.31,2,24.0,0,78.1
116,Navsari,Railways,4,1,residential,48.67,3,28.5,1,255.1
199,Navsari,Water,0,0,agricultural,35.59,9,58.7,0,129.7
233,Hooghly,Highways,2,0,commercial,73.76,5,52.0,0,161.6
247,Ahmedabad,Water,1,0,commercial,38.73,3,14.7,0,134.7
271,Surat,Highways,0,0,agricultural,32.66,7,89.4,0,132.1
51,Hooghly,Energy,0,0,residential,73.77,4,88.7,0,112.3
275,Navsari,Aviation,1,0,commercial,29.77,1,62.5,1,116.1
200,Surat,Water,1,0,agricultural,55.95,11,15.8,0,129.3
97,Raigad,Energy,3,1,agricultural,51.73,7,39.0,0,225.5
99,Panna,Railways,0,0,commercial,24.53,5,63.2,0,92.4
70,Ahmedabad,Aviation,2,0,agricultural,27.88,3,27.0,0,128.1
101,Sonnagar,Energy,0,0,agricultural,6.05,12,40.9,0,107.1
206,Ahmedabad,Railways,4,1,agricultural,16.24,3,48.7,1,271.4
45,Surat,Railways,2,0,agricultural,15.75,14,40.0,0,108.5
165,Dankuni,Railways,3,1,agricultural,22.5,6,4.8,1,267.9
151,Palghar,Highways,0,0,agricultural,46.8,1,11.0,0,89.7
263,Gautam Buddha Nagar,Industrial,0,0,commercial,34.64,3,65.4,0,133.2
219,Surat,Energy,0,0,residential,28.8,3,77.0,1,107.5
28,Ahmedabad,Aviation,3,0,agricultural,22.72,12,71.9,0,152.8
278,Dankuni,Aviation,0,0,commercial,78.9,3,3.5,0,145.8
242,Sonnagar,Energy,9,1,residential,32.31,1,34.4,1,308.9
66,Hooghly,Aviation,0,0,residential,16.01,2,82.9,0,37.8
80,Sonnagar,Industrial,0,0,agricultural,66.67,9,93.8,0,116.1
291,Palghar,Water,5,1,residential,14.05,1,11.8,1,281.7
127,Valsad,Water,1,0,commercial,76.14,6,13.4,1,145.0
185,Sonnagar,Water,3,0,agricultural,61.42,10,8.0,1,213.7
210,Sonnagar,Aviation,2,0,residential,77.32,4,77.2,0,166.2
189,Palghar,Highways,3,0,agricultural,59.7,2,55.3,1,164.3
15,Ahmedabad,Industrial,1,0,residential,15.59,4,93.1,0,84.5
128,Dankuni,Railways,2,1,residential,43.29,4,31.4,1,213.5
248,Surat,Water,6,1,residential,12.1,1,57.7,1,333.5
259,Palghar,Energy,0,0,residential,23.67,4,7.5,0,108.6
130,Sonnagar,Railways,0,0,residential,69.3,2,81.7,0,82.2
295,Dankuni,Railways,0,0,agricultural,38.14,6,72.5,0,153.9
114,Navsari,Energy,1,0,residential,8.24,3,72.0,0,71.5
98,Sonnagar,Energy,0,0,commercial,38.85,2,21.5,0,65.8
67,Dankuni,Highways,4,0,commercial,12.23,4,65.2,0,131.0
41,Valsad,Water,10,1,agricultural,52.18,10,42.3,1,349.3
138,Surat,Highways,0,0,agricultural,47.89,3,62.7,0,113.6
252,Dankuni,Aviation,1,0,agricultural,22.38,11,43.4,1,156.1
275,Palghar,Water,9,1,residential,22.26,1,75.9,1,348.0
167,Dankuni,Aviation,0,0,commercial,5.55,5,19.2,0,88.2
265,Panna,Industrial,10,1,residential,57.24,1,72.1,1,378.1
107,Palghar,Railways,9,1,residential,64.14,1,5.6,1,292.0
32,Palghar,Industrial,3,1,commercial,40.74,3,91.9,1,254.4
168,Dankuni,Highways,10,1,agricultural,72.42,5,63.3,1,356.5
195,Sonnagar,Energy,1,0,residential,55.19,1,24.1,0,133.4
297,Surat,Railways,7,1,residential,22.55,4,8.9,1,338.9
57,Raigad,Water,1,0,commercial,75.25,2,51.8,0,108.9
113,Dankuni,Aviation,1,0,residential,52.0,2,41.0,0,147.3
141,Ahmedabad,Water,3,1,agricultural,42.75,11,53.0,1,277.2
89,Valsad,Energy,0,0,commercial,1.28,4,93.1,0,110.4
171,Palghar,Railways,2,0,residential,8.1,3,67.1,0,99.4
102,Gautam Buddha Nagar,Highways,2,0,agricultural,14.86,13,70.9,0,132.5
80,Gautam Buddha Nagar,Water,10,1,commercial,57.2,6,13.8,1,344.1
204,Thane,Aviation,0,0,residential,48.89,4,19.0,1,111.8
234,Panna,Energy,2,0,commercial,73.94,2,30.4,1,121.0
55,Ahmedabad,Energy,5,1,agricultural,75.62,3,55.5,1,262.0
275,Hooghly,Highways,0,0,commercial,40.08,6,94.8,1,117.8
112,Ahmedabad,Highways,2,0,residential,57.28,3,24.7,0,77.3
36,Panna,Aviation,4,0,residential,54.12,2,18.3,0,134.8
268,Valsad,Highways,0,0,commercial,9.5,6,25.2,0,114.3
262,Palghar,Energy,0,0,commercial,59.17,5,38.6,1,117.4
252,Dankuni,Industrial,2,0,agricultural,5.07,1,59.2,0,143.3
110,Thane,Energy,0,0,residential,34.75,2,9.9,0,77.5
94,Palghar,Water,0,0,agricultural,37.92,6,29.8,0,94.6
239,Navsari,Highways,7,1,commercial,59.89,1,35.4,1,302.5
83,Surat,Energy,2,0,agricultural,72.13,3,64.0,0,105.6
265,Navsari,Highways,2,0,commercial,57.29,3,71.9,0,141.8
82,Sonnagar,Aviation,3,1,commercial,63.52,2,16.5,0,228.9
190,Surat,Highways,1,0,residential,1.14,4,28.9,0,109.6
276,Surat,Industrial,6,1,agricultural,61.45,14,26.5,1,329.2
67,Ahmedabad,Railways,1,0,commercial,14.9,5,60.5,0,92.5
113,Ahmedabad,Highways,0,0,commercial,49.51,1,82.4,0,96.6
128,Sonnagar,Aviation,1,0,agricultural,41.03,11,6.8,0,142.8
141,Valsad,Aviation,0,0,commercial,3.75,1,63.4,0,83.5
235,Navsari,Industrial,9,1,agricultural,29.4,5,12.4,1,312.2
200,Raigad,Energy,1,0,commercial,48.57,2,62.5,0,138.6
76,Palghar,Railways,5,1,residential,15.84,4,88.1,1,249.6
257,Valsad,Energy,0,0,residential,57.8,1,13.9,0,134.8
244,Panna,Energy,0,0,commercial,35.17,4,41.0,1,110.2
155,Thane,Railways,0,0,residential,4.11,1,75.9,0,46.1
287,Ahmedabad,Water,4,0,residential,13.66,4,54.3,0,196.9
96,Surat,Railways,1,0,agricultural,1.2,13,49.7,0,114.3
166,Navsari,Energy,1,0,agricultural,14.1,1,51.6,0,120.5
41,Navsari,Railways,0,0,commercial,65.96,5,12.8,0,63.7
296,Valsad,Energy,4,1,agricultural,32.96,10,29.4,1,307.8
158,Thane,Energy,2,1,agricultural,43.22,14,74.4,1,261.4
146,Sonnagar,Aviation,1,0,commercial,44.29,4,22.5,0,136.8
133,Ahmedabad,Railways,0,0,commercial,12.29,4,10.7,0,92.6
266,Raigad,Railways,0,0,residential,22.92,3,17.2,0,132.4
88,Gautam Buddha Nagar,Railways,5,1,agricultural,36.67,11,92.2,1,288.1
66,Sonnagar,Highways,0,0,residential,66.21,1,14.3,0,62.4
19,Dankuni,Industrial,0,0,agricultural,59.02,6,81.3,0,84.4
172,Gautam Buddha Nagar,Water,0,0,agricultural,4.94,12,26.9,0,116.0
166,Thane,Highways,8,1,residential,11.78,2,4.2,1,293.7
211,Dankuni,Energy,2,0,agricultural,72.18,8,17.8,1,174.9
185,Navsari,Energy,3,1,agricultural,71.7,10,16.1,1,293.0
91,Raigad,Aviation,1,0,commercial,50.17,3,34.4,0,122.7
54,Dankuni,Energy,3,0,commercial,78.25,6,15.6,0,156.5
233,Hooghly,Highways,0,0,agricultural,7.69,3,18.9,0,112.3
226,Ahmedabad,Water,1,0,residential,11.49,2,37.6,0,106.3
132,Hooghly,Industrial,1,0,residential,34.04,2,67.4,0,100.0
257,Thane,Energy,3,0,residential,5.24,3,35.6,1,126.5
88,Raigad,Energy,1,0,commercial,74.54,4,24.6,0,105.4
88,Raigad,Highways,0,0,residential,77.21,3,7.0,0,108.1
30,Hooghly,Industrial,4,1,agricultural,6.78,2,3.2,1,188.9
86,Raigad,Water,1,0,residential,24.31,4,69.2,0,99.2
94,Thane,Energy,2,1,agricultural,48.53,3,48.8,1,219.7
147,Dankuni,Water,1,0,residential,56.89,4,88.6,0,126.3
123,Ahmedabad,Railways,0,0,residential,31.69,1,77.9,0,80.0
99,Dankuni,Water,7,1,commercial,51.91,2,27.1,1,286.9
159,Valsad,Highways,3,1,agricultural,5.69,10,3.0,1,246.8
138,Surat,Aviation,2,1,agricultural,45.32,13,47.0,1,264.5
159,Navsari,Highways,1,0,commercial,25.5,4,69.5,1,104.4
272,Palghar,Energy,4,1,commercial,2.38,4,46.4,1,267.3
252,Raigad,Railways,3,1,residential,76.25,2,84.2,1,252.0
279,Sonnagar,Railways,1,0,residential,42.1,3,43.6,0,153.0
213,Gautam Buddha Nagar,Water,3,1,agricultural,76.66,10,60.4,1,295.4
59,Raigad,Energy,1,0,residential,13.99,3,17.0,0,92.6
250,Palghar,Highways,9,1,agricultural,78.29,13,83.5,1,379.3
35,Palghar,Industrial,0,0,commercial,33.02,5,87.3,0,81.9
57,Gautam Buddha Nagar,Energy,1,0,commercial,21.39,6,6.0,0,87.9
19,Surat,Aviation,3,1,residential,23.61,2,55.0,1,187.0
193,Hooghly,Aviation,1,0,agricultural,72.06,8,12.1,1,157.9
220,Ahmedabad,Water,0,0,agricultural,79.72,8,21.8,0,136.0
94,Hooghly,Highways,0,0,residential,17.47,1,93.9,0,57.6
124,Valsad,Water,2,1,commercial,76.24,6,41.3,1,257.7
222,Raigad,Highways,9,1,commercial,69.77,5,21.9,1,341.8
190,Thane,Highways,0,0,commercial,16.29,4,46.8,0,91.0
214,Sonnagar,Water,1,0,commercial,71.56,2,9.2,0,112.4
177,Valsad,Aviation,9,1,residential,74.74,4,82.4,1,367.4
16,Ahmedabad,Energy,3,0,residential,68.65,4,61.4,0,118.1
294,Sonnagar,Railways,1,0,commercial,17.68,2,90.6,1,128.4
23,Thane,Energy,0,0,commercial,65.61,1,67.0,0,49.5
292,Ahmedabad,Energy,4,0,commercial,27.2,2,44.7,0,197.2
210,Raigad,Industrial,1,0,commercial,54.58,6,28.3,0,112.2
60,Palghar,Highways,1,0,agricultural,33.2,8,71.7,0,85.4
31,Dankuni,Water,3,0,residential,17.34,4,53.3,1,127.1
226,Palghar,Energy,1,0,commercial,62.88,4,2.7,0,149.7
150,Navsari,Energy,3,0,residential,72.79,2,2.4,0,146.1
280,Thane,Railways,1,0,commercial,27.14,5,94.3,1,191.8
216,Surat,Industrial,2,0,residential,46.44,2,89.4,0,158.0
96,Ahmedabad,Energy,0,0,residential,64.19,1,60.7,0,49.3
96,Dankuni,Energy,0,0,residential,7.91,4,3.1,0,60.9
55,Gautam Buddha Nagar,Aviation,0,0,residential,58.87,4,61.0,0,69.9
114,Dankuni,Railways,0,0,commercial,62.51,4,73.6,0,85.4
67,Raigad,Aviation,3,1,agricultural,9.01,5,26.4,1,220.4
66,Valsad,Railways,0,0,commercial,6.35,6,9.1,0,53.9
97,Valsad,Aviation,2,1,commercial,72.34,6,54.8,1,235.4
294,Valsad,Energy,10,1,commercial,59.46,1,19.9,1,361.5
201,Panna,Railways,5,1,agricultural,2.85,3,22.4,1,219.6
117,Navsari,Energy,0,0,commercial,44.34,3,45.4,0,69.5
103,Ahmedabad,Railways,6,1,commercial,76.97,1,56.3,1,256.6
236,Surat,Aviation,0,0,commercial,59.89,3,59.9,0,111.6
47,Gautam Buddha Nagar,Energy,3,0,commercial,76.67,3,56.6,0,160.4
218,Dankuni,Industrial,4,1,commercial,64.82,4,75.6,1,287.9
89,Dankuni,Energy,0,0,commercial,25.83,1,68.7,0,88.8
48,Valsad,Railways,1,0,residential,42.42,1,54.2,0,34.9
230,Dankuni,Highways,0,0,residential,65.16,2,20.3,0,100.6
78,Navsari,Water,1,0,agricultural,47.5,4,55.6,0,122.7
160,Gautam Buddha Nagar,Highways,8,1,commercial,3.44,5,87.4,1,301.2
227,Palghar,Water,0,0,agricultural,60.42,7,9.4,0,114.7
247,Thane,Water,1,0,commercial,72.88,3,89.2,1,154.1
180,Thane,Railways,2,0,agricultural,18.49,2,19.8,0,109.4
41,Panna,Highways,2,1,residential,9.31,3,9.0,0,210.3
102,Ahmedabad,Energy,1,0,residential,10.03,3,82.2,0,47.4
77,Ahmedabad,Aviation,0,0,commercial,38.5,4,92.8,0,104.9
166,Surat,Highways,0,0,commercial,66.93,2,63.3,0,93.1
45,Palghar,Highways,5,1,commercial,37.72,4,19.5,1,247.9
175,Gautam Buddha Nagar,Industrial,0,0,residential,36.59,2,80.8,0,101.2
277,Valsad,Water,8,1,commercial,15.44,3,41.3,1,281.1
90,Gautam Buddha Nagar,Aviation,0,0,agricultural,9.26,1,85.2,0,63.7
195,Dankuni,Industrial,10,1,commercial,7.18,4,21.7,1,337.2
154,Valsad,Highways,0,0,commercial,30.91,4,20.0,0,105.3
267,Navsari,Industrial,0,0,residential,4.46,2,91.2,0,111.4
137,Thane,Industrial,3,1,commercial,22.4,5,67.1,1,246.9
152,Surat,Aviation,0,0,residential,16.68,3,67.6,0,86.6
259,Raigad,Industrial,3,0,residential,55.19,2,31.3,1,173.7
257,Hooghly,Railways,0,0,agricultural,77.96,2,17.9,0,129.9
15,Valsad,Water,0,0,residential,9.2,1,54.8,0,38.9
90,Panna,Industrial,0,0,agricultural,64.41,6,44.1,0,45.0
144,Navsari,Aviation,0,0,commercial,28.53,6,33.0,0,95.4
153,Gautam Buddha Nagar,Water,2,0,agricultural,2.15,7,81.6,0,115.2
235,Hooghly,Highways,2,0,agricultural,15.91,7,61.4,1,141.7
284,Dankuni,Industrial,7,1,commercial,71.1,4,56.8,1,332.6
281,Surat,Highways,2,0,residential,10.28,4,54.7,0,132.3
90,Palghar,Highways,0,0,commercial,77.35,5,53.9,0,118.7
247,Palghar,Energy,6,1,agricultural,66.12,2,6.9,1,325.1
143,Dankuni,Highways,6,1,agricultural,62.93,9,63.9,1,294.0
88,Palghar,Aviation,0,0,commercial,47.03,1,29.0,0,82.7
212,Surat,Aviation,4,0,residential,8.3,3,87.6,0,150.5
86,Ahmedabad,Aviation,0,0,commercial,11.29,5,20.6,0,87.7
108,Dankuni,Water,3,0,residential,35.23,2,51.0,0,103.1
254,Dankuni,Aviation,1,0,commercial,76.94,4,4.6,0,136.9
169,Ahmedabad,Highways,1,0,agricultural,30.16,10,52.5,0,128.3
18,Ahmedabad,Railways,2,0,commercial,41.68,1,9.9,0,136.9
64,Palghar,Energy,1,0,residential,55.4,1,13.3,0,75.7
119,Sonnagar,Highways,1,0,residential,77.4,2,22.8,0,81.3
18,Navsari,Aviation,1,0,commercial,16.46,1,2.0,0,54.0
68,Palghar,Railways,2,0,agricultural,35.78,1,88.1,0,114.5
148,Raigad,Railways,1,0,residential,68.82,1,42.2,0,104.3
102,Sonnagar,Aviation,1,0,agricultural,16.43,8,29.0,0,65.5
155,Hooghly,Energy,1,0,residential,9.03,4,77.7,0,113.2
20,Palghar,Industrial,0,0,commercial,52.21,6,59.6,0,87.3
249,Raigad,Water,4,1,residential,28.94,2,34.4,1,251.6
92,Palghar,Railways,2,0,residential,27.47,2,27.9,0,85.7
262,Ahmedabad,Highways,1,0,residential,52.89,3,14.0,0,182.2
221,Valsad,Industrial,2,1,residential,68.24,2,23.5,1,235.3
133,Dankuni,Water,2,0,commercial,58.75,2,11.8,1,104.0
46,Ahmedabad,Water,0,0,agricultural,67.82,2,43.1,0,93.7
70,Thane,Railways,0,0,commercial,79.12,5,53.8,0,116.4
118,Dankuni,Energy,0,0,agricultural,42.52,13,19.9,0,109.5
32,Dankuni,Highways,3,0,agricultural,29.09,7,54.9,0,106.8
285,Dankuni,Aviation,2,0,residential,45.84,4,48.6,0,193.9
233,Raigad,Highways,3,0,commercial,45.75,2,74.8,1,167.2
291,Surat,Highways,0,0,residential,75.28,3,38.3,0,171.8
288,Raigad,Energy,3,0,agricultural,74.58,9,31.0,0,193.0
149,Palghar,Industrial,0,0,commercial,34.0,2,33.1,0,78.0
46,Panna,Aviation,3,1,commercial,64.55,5,86.1,1,201.5
228,Thane,Energy,1,0,agricultural,6.91,9,46.5,1,157.2
274,Palghar,Highways,7,1,commercial,34.81,3,74.7,1,307.9
288,Thane,Highways,0,0,agricultural,54.85,1,53.4,0,137.3
233,Sonnagar,Railways,0,0,commercial,9.88,5,93.4,0,118.4
133,Ahmedabad,Highways,2,1,agricultural,18.56,12,72.0,1,225.8
142,Thane,Highways,0,0,residential,10.57,2,28.3,0,99.2
218,Surat,Energy,0,0,agricultural,6.61,5,89.3,0,131.7
169,Valsad,Railways,2,0,commercial,23.77,6,24.7,1,122.9
42,Panna,Industrial,0,0,agricultural,76.07,8,28.0,0,108.3
298,Panna,Railways,7,1,commercial,58.13,2,5.3,1,348.1
270,Hooghly,Highways,0,0,agricultural,47.27,5,78.9,0,141.3
24,Gautam Buddha Nagar,Water,0,0,commercial,4.03,2,37.3,0,25.9
292,Dankuni,Energy,3,0,agricultural,72.85,13,85.1,1,204.3
189,Gautam Buddha Nagar,Railways,1,0,agricultural,69.33,13,69.8,1,159.3
162,Palghar,Industrial,3,0,commercial,37.35,5,68.9,0,134.1
136,Ahmedabad,Water,2,1,residential,22.82,3,10.0,1,240.1
34,Valsad,Industrial,0,0,commercial,52.91,6,77.4,0,74.8
150,Gautam Buddha Nagar,Aviation,0,0,commercial,1.87,1,45.4,0,67.4
44,Panna,Railways,0,0,commercial,71.82,5,31.2,0,91.7
80,Navsari,Energy,4,1,commercial,12.18,5,63.0,1,256.5
240,Raigad,Aviation,0,0,residential,57.53,1,90.5,1,114.0
291,Thane,Aviation,1,0,commercial,28.3,1,49.1,0,137.3
205,Surat,Energy,1,0,residential,6.18,4,83.5,0,125.2
206,Valsad,Energy,4,0,commercial,49.94,2,36.3,1,178.4
123,Gautam Buddha Nagar,Highways,1,0,agricultural,62.58,9,74.9,0,90.8
91,Ahmedabad,Industrial,4,0,agricultural,6.74,2,91.2,0,121.3
229,Gautam Buddha Nagar,Aviation,0,0,residential,70.34,1,58.5,0,100.5
165,Valsad,Energy,0,0,agricultural,64.02,6,23.5,0,162.1
224,Sonnagar,Railways,0,0,commercial,40.7,3,62.8,0,100.7
79,Ahmedabad,Railways,0,0,residential,72.79,2,58.3,0,70.1
230,Palghar,Highways,0,0,commercial,39.79,2,85.7,0,108.2
298,Palghar,Water,1,0,commercial,8.53,1,79.5,1,128.0
286,Palghar,Railways,3,0,residential,28.67,4,66.8,1,186.9
70,Valsad,Energy,0,0,residential,59.23,3,90.3,0,68.2
259,Sonnagar,Water,2,0,commercial,58.03,5,87.2,1,162.5
204,Thane,Industrial,1,0,residential,25.97,2,49.3,0,90.6
267,Palghar,Railways,1,0,commercial,71.84,5,49.3,1,151.5
88,Ahmedabad,Energy,5,1,agricultural,34.73,5,55.5,1,247.9
162,Navsari,Railways,9,1,agricultural,18.28,3,28.8,1,279.6
157,Palghar,Railways,5,1,residential,44.4,2,4.5,1,237.8
18,Panna,Industrial,2,0,agricultural,29.88,5,89.6,0,81.3
166,Panna,Railways,2,0,commercial,73.58,1,43.3,0,140.2
74,Raigad,Energy,2,0,residential,59.67,2,69.6,0,128.3
277,Navsari,Water,0,0,residential,55.19,1,42.3,1,111.6
33,Valsad,Railways,1,0,residential,20.05,4,83.1,0,86.9
110,Hooghly,Railways,0,0,commercial,16.29,1,90.4,0,44.1
266,Thane,Water,0,0,agricultural,14.66,7,66.0,0,110.2
262,Surat,Aviation,4,0,commercial,70.29,2,83.4,0,172.4
197,Dankuni,Water,0,0,residential,17.9,3,41.0,0,101.3
252,Ahmedabad,Highways,1,0,agricultural,28.13,7,67.5,0,123.3
135,Hooghly,Industrial,6,1,commercial,40.85,4,7.7,1,262.2
241,Valsad,Water,0,0,commercial,4.84,4,69.7,0,134.3
128,Navsari,Water,0,0,commercial,16.89,6,12.3,1,84.9
25,Raigad,Industrial,0,0,residential,30.65,3,86.8,0,36.3
122,Dankuni,Highways,0,0,residential,12.98,4,82.0,0,111.8
125,Valsad,Energy,0,0,commercial,1.58,1,72.2,0,61.9
159,Hooghly,Highways,0,0,agricultural,61.91,4,5.1,0,75.6
82,Ahmedabad,Aviation,3,0,commercial,69.03,1,8.9,0,96.6
292,Ahmedabad,Highways,0,0,agricultural,59.0,13,38.4,1,141.0
26,Valsad,Water,1,0,residential,8.42,4,37.0,0,74.3
262,Ahmedabad,Industrial,2,0,commercial,40.77,4,3.6,0,156.1
70,Valsad,Industrial,1,0,residential,2.48,2,43.6,0,71.7
57,Navsari,Energy,4,1,agricultural,17.01,8,57.2,1,246.3
134,Hooghly,Industrial,9,1,residential,20.54,3,70.9,1,296.0
223,Sonnagar,Industrial,0,0,residential,17.13,4,52.7,0,130.7
262,Valsad,Water,3,0,residential,79.42,1,87.7,0,179.0
281,Raigad,Highways,0,0,agricultural,35.29,2,5.6,0,126.4
295,Panna,Water,0,0,agricultural,9.85,5,69.0,0,115.4
99,Valsad,Industrial,10,1,commercial,54.96,5,90.5,1,342.0
184,Hooghly,Water,2,0,agricultural,68.27,3,17.3,0,123.9
91,Valsad,Water,4,0,agricultural,0.95,12,19.5,0,134.1
254,Valsad,Highways,0,0,agricultural,51.09,4,34.1,0,129.0
171,Navsari,Water,2,0,residential,74.78,2,9.2,0,163.5
67,Navsari,Railways,10,1,commercial,47.19,4,32.7,1,285.7
257,Navsari,Aviation,2,1,residential,62.78,2,10.5,1,250.8
180,Raigad,Water,2,1,agricultural,11.39,13,42.9,1,245.3
216,Panna,Highways,0,0,agricultural,38.22,5,80.0,0,123.4
157,Gautam Buddha Nagar,Railways,2,0,agricultural,45.06,8,66.6,0,154.4
106,Ahmedabad,Aviation,7,1,commercial,68.5,6,34.2,1,310.3
106,Surat,Water,4,0,commercial,16.07,3,50.9,0,134.0
272,Palghar,Energy,1,0,commercial,3.17,3,61.7,0,160.2
44,Sonnagar,Energy,2,0,commercial,69.12,4,94.7,0,97.2
294,Hooghly,Aviation,0,0,residential,2.79,2,67.6,0,143.1
43,Palghar,Water,2,0,agricultural,25.48,14,52.6,0,128.7
185,Gautam Buddha Nagar,Aviation,2,0,agricultural,25.66,12,17.7,1,156.0
221,Valsad,Industrial,1,0,agricultural,5.39,4,78.7,0,116.1
37,Palghar,Railways,5,1,commercial,55.25,4,18.1,1,211.0
194,Thane,Energy,9,1,commercial,45.67,6,10.0,1,332.5
59,Palghar,Railways,2,1,residential,61.45,1,22.2,1,212.1
112,Sonnagar,Railways,2,0,commercial,25.18,4,67.6,0,121.0
111,Valsad,Water,5,1,agricultural,14.58,5,26.1,1,254.0
193,Valsad,Industrial,1,0,commercial,66.45,6,79.4,1,148.6
122,Ahmedabad,Railways,0,0,residential,51.86,3,21.3,0,71.5
277,Sonnagar,Energy,0,0,agricultural,37.68,1,87.7,0,115.1
180,Hooghly,Railways,0,0,commercial,47.28,1,32.0,0,107.8
258,Thane,Railways,1,0,commercial,8.47,3,30.5,0,125.8
248,Thane,Water,1,0,residential,58.61,4,79.6,0,161.8
220,Valsad,Water,4,0,residential,70.26,1,41.2,1,132.4
98,Ahmedabad,Industrial,3,0,agricultural,70.98,12,89.7,0,215.6
185,Raigad,Railways,0,0,residential,7.69,2,76.5,0,89.1
117,Thane,Aviation,0,0,agricultural,6.89,4,81.8,0,87.2
206,Raigad,Aviation,4,1,residential,27.9,4,53.1,1,272.3
252,Hooghly,Aviation,2,0,commercial,8.12,2,31.6,1,126.1
232,Valsad,Energy,1,0,residential,28.08,1,22.6,0,98.3
271,Valsad,Energy,1,0,commercial,60.26,1,62.0,0,149.2
62,Surat,Energy,1,0,commercial,34.34,3,30.9,0,66.4
98,Navsari,Water,1,0,agricultural,8.96,13,9.7,0,110.9
178,Ahmedabad,Highways,10,1,agricultural,31.03,8,3.1,1,322.9
232,Ahmedabad,Highways,3,1,commercial,48.49,4,48.7,1,239.5
106,Panna,Energy,1,0,agricultural,30.99,11,9.4,1,124.3
116,Sonnagar,Industrial,1,0,commercial,69.84,4,6.5,0,124.9
40,Hooghly,Water,1,0,commercial,20.56,3,64.8,0,69.8
197,Navsari,Railways,0,0,commercial,24.17,1,57.4,0,96.3
104,Sonnagar,Water,3,1,agricultural,10.52,3,60.9,1,222.8
139,Hooghly,Aviation,3,0,residential,74.62,4,5.8,0,158.1
66,Gautam Buddha Nagar,Aviation,4,0,residential,6.76,3,41.3,1,125.9
55,Navsari,Aviation,0,0,residential,9.76,2,55.1,0,53.9
40,Panna,Railways,1,0,residential,60.98,4,27.6,0,82.7
219,Panna,Aviation,1,0,agricultural,22.18,7,21.3,0,107.3
177,Navsari,Energy,5,1,commercial,1.94,3,22.6,1,236.8
230,Gautam Buddha Nagar,Water,0,0,residential,31.43,1,33.9,0,133.9
270,Raigad,Water,4,1,residential,54.0,3,39.5,1,267.8
191,Palghar,Aviation,10,1,commercial,29.85,3,71.8,1,336.3
100,Raigad,Industrial,1,0,residential,33.52,1,71.9,0,116.0
82,Surat,Water,3,0,residential,10.32,4,22.3,1,112.5
220,Raigad,Railways,0,0,residential,17.81,3,31.7,0,109.1
177,Dankuni,Aviation,1,0,residential,18.4,4,48.0,0,118.2
219,Hooghly,Railways,1,0,agricultural,27.06,8,63.0,1,131.1
229,Gautam Buddha Nagar,Aviation,1,0,commercial,49.7,2,58.7,0,129.0
26,Gautam Buddha Nagar,Aviation,0,0,commercial,45.76,4,65.6,0,67.7
297,Gautam Buddha Nagar,Aviation,0,0,commercial,73.1,4,36.3,0,139.6
82,Sonnagar,Railways,3,0,commercial,16.96,4,44.7,0,98.5
271,Surat,Railways,2,0,commercial,67.11,2,24.8,0,154.8
223,Sonnagar,Highways,4,0,residential,69.04,1,74.8,1,167.0
288,Panna,Highways,0,0,residential,66.31,1,29.2,0,152.0
276,Thane,Energy,0,0,commercial,63.1,1,15.6,0,161.3
202,Palghar,Aviation,0,0,agricultural,73.08,13,46.9,0,171.3
266,Sonnagar,Highways,2,0,commercial,27.72,6,43.4,1,131.4
33,Gautam Buddha Nagar,Energy,0,0,residential,23.43,2,83.9,0,43.6
171,Navsari,Aviation,0,0,agricultural,23.94,12,76.9,0,142.1
131,Ahmedabad,Energy,5,1,residential,46.87,2,56.3,1,287.2
259,Sonnagar,Industrial,0,0,commercial,27.86,2,56.6,0,112.7
101,Ahmedabad,Water,1,0,residential,38.98,4,3.3,0,94.4
91,Navsari,Railways,3,1,agricultural,52.17,6,48.4,1,229.8
131,Thane,Aviation,0,0,residential,3.11,1,90.5,0,66.8
55,Panna,Aviation,0,0,residential,45.55,2,24.8,0,58.0
248,Dankuni,Railways,6,1,agricultural,44.38,2,71.1,1,258.8
46,Raigad,Industrial,5,1,commercial,47.06,5,46.4,1,269.4
52,Thane,Energy,3,1,residential,35.63,4,20.4,1,214.0
19,Hooghly,Energy,3,0,residential,9.37,4,74.3,0,128.1
143,Gautam Buddha Nagar,Water,1,0,agricultural,39.66,3,32.6,0,108.7
287,Dankuni,Energy,6,1,commercial,54.39,5,30.7,1,341.2
178,Raigad,Water,1,0,agricultural,39.92,3,8.1,0,122.3
290,Hooghly,Energy,0,0,residential,9.14,2,21.8,0,113.0
168,Panna,Water,0,0,agricultural,53.92,6,16.5,0,83.1
95,Raigad,Industrial,1,0,residential,38.17,4,74.5,0,139.5
89,Hooghly,Energy,2,0,commercial,66.42,3,43.8,0,127.5
43,Ahmedabad,Highways,0,0,commercial,64.53,4,73.3,0,84.0
146,Surat,Aviation,0,0,residential,26.09,4,32.3,0,86.5
240,Surat,Industrial,0,0,residential,19.83,3,69.2,0,99.8
264,Thane,Aviation,8,1,commercial,5.22,1,61.5,1,324.6
83,Navsari,Highways,0,0,commercial,78.19,6,40.5,0,111.4
60,Navsari,Industrial,0,0,agricultural,43.95,11,26.2,0,98.2
175,Thane,Railways,0,0,agricultural,61.93,12,84.3,0,159.0
116,Hooghly,Energy,2,0,commercial,20.8,6,88.7,0,138.2
39,Ahmedabad,Water,0,0,commercial,79.18,3,3.5,0,83.7
266,Panna,Energy,0,0,residential,5.84,1,54.6,0,97.3
59,Panna,Railways,1,0,residential,52.19,2,71.9,0,68.6
92,Navsari,Water,0,0,commercial,52.0,3,44.2,0,55.3
165,Ahmedabad,Highways,8,1,commercial,2.0,2,32.0,1,313.8
287,Gautam Buddha Nagar,Aviation,1,0,commercial,61.71,5,88.1,1,141.2
90,Gautam Buddha Nagar,Railways,4,1,agricultural,8.52,9,58.0,1,219.5
182,Panna,Energy,3,0,agricultural,52.82,4,30.2,0,162.2
85,Surat,Energy,3,0,agricultural,10.29,7,4.4,0,98.7
243,Surat,Water,0,0,agricultural,61.79,10,77.7,1,156.6
77,Gautam Buddha Nagar,Aviation,5,1,residential,10.07,4,70.9,1,283.1
61,Ahmedabad,Railways,0,0,agricultural,20.8,2,89.9,0,62.4
196,Ahmedabad,Water,0,0,agricultural,5.69,14,62.6,1,158.0
256,Dankuni,Aviation,6,1,commercial,58.51,3,6.2,1,300.7
94,Thane,Railways,9,1,residential,61.1,1,57.4,1,328.0
227,Navsari,Energy,0,0,residential,14.38,2,71.0,0,88.9
269,Palghar,Railways,8,1,agricultural,50.21,14,26.7,1,400.7
32,Valsad,Highways,0,0,commercial,32.91,5,37.1,0,55.9
193,Raigad,Highways,0,0,agricultural,79.06,2,92.1,0,121.0
15,Panna,Water,1,0,agricultural,72.28,3,32.0,0,76.9
259,Dankuni,Aviation,2,0,agricultural,45.91,3,22.4,1,184.9
63,Surat,Aviation,0,0,agricultural,49.39,4,23.0,0,103.7
281,Valsad,Aviation,4,0,commercial,21.7,2,32.5,0,183.1
212,Sonnagar,Highways,2,0,residential,78.37,1,15.3,1,154.7
20,Raigad,Water,1,0,commercial,27.84,6,82.9,0,78.8
149,Surat,Water,0,0,residential,22.7,3,33.4,0,78.2
64,Hooghly,Industrial,0,0,commercial,41.77,1,74.7,0,68.0
131,Panna,Railways,2,0,agricultural,10.06,12,29.5,1,127.8
273,Ahmedabad,Industrial,10,1,agricultural,15.99,14,65.3,1,371.8
92,Sonnagar,Energy,1,0,residential,4.24,3,52.2,0,22.3
66,Raigad,Energy,1,0,agricultural,68.79,4,80.4,0,92.7
157,Gautam Buddha Nagar,Water,8,1,agricultural,24.07,9,92.4,1,303.9
15,Raigad,Aviation,10,1,commercial,53.62,2,87.8,1,262.5
88,Thane,Water,0,0,agricultural,77.78,4,38.4,0,112.9
194,Gautam Buddha Nagar,Railways,6,1,agricultural,11.67,7,13.5,1,246.5
87,Raigad,Railways,2,0,commercial,1.36,1,50.4,0,81.1
239,Gautam Buddha Nagar,Water,0,0,agricultural,59.56,8,16.3,1,121.0
35,Sonnagar,Energy,3,0,commercial,9.47,4,41.6,0,126.2
282,Hooghly,Energy,7,1,agricultural,19.68,14,63.8,1,311.8
68,Ahmedabad,Highways,0,0,residential,58.06,3,86.1,0,68.3
57,Dankuni,Energy,9,1,commercial,19.8,4,22.6,1,289.9
207,Sonnagar,Water,3,0,residential,53.57,1,58.0,0,134.5
75,Palghar,Industrial,0,0,agricultural,46.62,12,86.1,0,117.9
240,Sonnagar,Highways,1,0,commercial,42.06,4,77.6,0,113.3
107,Dankuni,Highways,7,1,agricultural,8.35,7,76.6,1,243.9
191,Navsari,Energy,4,0,residential,22.49,1,32.2,0,126.0
295,Raigad,Railways,2,0,residential,60.39,2,80.6,0,152.2
131,Gautam Buddha Nagar,Industrial,0,0,residential,73.18,1,61.5,0,115.0
150,Raigad,Water,1,0,agricultural,27.29,8,85.3,0,75.9
112,Valsad,Highways,3,0,agricultural,56.17,9,29.5,0,152.8
116,Gautam Buddha Nagar,Aviation,8,1,agricultural,68.25,3,68.6,1,299.1
165,Ahmedabad,Highways,4,0,residential,26.24,2,43.2,0,154.5
268,Dankuni,Energy,5,1,agricultural,20.01,4,43.0,1,279.7
262,Navsari,Railways,0,0,agricultural,44.32,10,19.9,1,168.3
213,Ahmedabad,Aviation,2,0,residential,78.56,3,42.1,0,186.0
197,Surat,Energy,4,1,residential,26.07,2,76.0,1,250.8
289,Panna,Aviation,2,0,commercial,48.53,6,34.4,0,125.6
42,Surat,Water,0,0,commercial,47.49,1,90.6,0,83.3
192,Panna,Aviation,2,0,agricultural,5.57,6,8.1,0,108.3
266,Sonnagar,Highways,2,0,residential,11.1,4,22.0,0,151.6
134,Dankuni,Energy,3,0,commercial,75.73,2,73.3,1,142.8
198,Thane,Industrial,2,0,agricultural,6.15,2,51.3,0,89.9
107,Surat,Industrial,9,1,agricultural,58.43,6,10.3,1,311.3
210,Dankuni,Water,0,0,commercial,27.79,1,30.9,0,114.3
109,Navsari,Water,5,1,agricultural,18.52,11,60.9,1,298.6
46,Panna,Energy,0,0,agricultural,30.17,3,2.2,0,63.8
29,Valsad,Water,1,0,commercial,30.3,1,90.9,0,91.1
191,Raigad,Industrial,4,1,agricultural,48.18,10,18.5,1,302.7
242,Raigad,Industrial,2,1,agricultural,74.86,13,89.5,1,285.4
107,Navsari,Highways,0,0,commercial,8.43,2,58.1,0,66.4
214,Hooghly,Aviation,3,0,residential,53.66,1,33.5,0,163.4
36,Hooghly,Railways,3,0,commercial,73.73,6,67.8,0,127.5
179,Panna,Highways,1,0,residential,56.33,4,72.4,0,114.8
164,Raigad,Water,0,0,agricultural,35.09,2,47.6,0,92.9
171,Hooghly,Industrial,2,0,commercial,23.33,6,67.0,0,132.2
292,Palghar,Energy,7,1,residential,59.27,1,6.4,1,335.2
237,Panna,Highways,1,0,residential,14.67,3,65.3,0,124.1
178,Hooghly,Railways,5,1,agricultural,39.87,10,61.6,1,299.4
163,Surat,Aviation,5,1,agricultural,52.94,14,32.8,1,327.0
37,Surat,Energy,5,1,commercial,49.93,3,84.0,1,250.6
154,Dankuni,Energy,0,0,agricultural,65.97,7,27.9,0,100.1
20,Hooghly,Energy,0,0,residential,55.83,4,14.0,0,64.9
265,Palghar,Highways,10,1,agricultural,26.53,12,25.9,1,341.1
161,Ahmedabad,Energy,1,0,residential,9.13,1,38.7,0,84.4
117,Palghar,Industrial,2,1,commercial,37.78,1,12.4,1,216.1
138,Palghar,Aviation,0,0,agricultural,59.2,8,57.5,1,126.9
177,Surat,Railways,2,1,residential,75.91,3,81.9,1,260.3
43,Hooghly,Railways,0,0,residential,23.7,1,22.9,0,42.1
240,Sonnagar,Water,5,1,agricultural,48.33,5,53.8,1,333.2
48,Thane,Highways,1,0,residential,49.68,2,69.3,0,88.4
18,Palghar,Aviation,1,0,agricultural,65.19,13,54.7,0,97.2
52,Thane,Industrial,9,1,residential,75.01,4,28.3,1,291.9
266,Sonnagar,Railways,0,0,residential,79.04,4,46.6,1,130.3
161,Valsad,Railways,0,0,agricultural,77.41,5,84.0,0,121.4
250,Navsari,Railways,3,0,agricultural,68.21,7,13.6,1,180.5
250,Ahmedabad,Water,0,0,commercial,31.38,3,33.4,0,107.3
126,Panna,Railways,1,0,agricultural,75.87,12,63.3,0,122.6
172,Panna,Water,4,1,commercial,37.88,5,62.7,1,296.0
117,Gautam Buddha Nagar,Water,10,1,agricultural,71.25,11,37.7,1,355.0
120,Hooghly,Highways,1,0,residential,22.23,2,61.6,0,76.2
254,Raigad,Water,4,1,commercial,61.13,4,31.4,1,279.8
64,Sonnagar,Aviation,0,0,agricultural,1.19,14,82.9,0,102.3
92,Valsad,Railways,0,0,residential,5.75,3,56.3,0,47.8
170,Sonnagar,Railways,10,1,commercial,13.21,2,17.2,1,341.6
297,Ahmedabad,Railways,1,0,residential,22.86,2,92.8,0,126.7
84,Hooghly,Highways,1,0,agricultural,38.41,13,3.9,0,96.1
108,Hooghly,Industrial,0,0,residential,39.6,3,84.4,0,80.5
168,Palghar,Railways,3,0,agricultural,9.32,13,91.3,1,190.4
196,Navsari,Aviation,2,0,agricultural,1.77,10,40.8,1,175.4
281,Surat,Industrial,0,0,commercial,25.83,2,6.8,0,132.9
35,Hooghly,Water,9,1,commercial,52.92,3,53.3,1,324.9
24,Gautam Buddha Nagar,Highways,0,0,residential,37.87,4,5.3,0,40.6
232,Valsad,Energy,0,0,residential,75.46,3,53.4,0,129.7
178,Hooghly,Aviation,3,0,agricultural,2.33,3,77.0,0,135.3
136,Valsad,Highways,3,0,agricultural,1.27,1,70.5,0,146.1
250,Palghar,Railways,0,0,residential,53.36,1,7.2,1,148.2
61,Palghar,Railways,5,1,agricultural,17.21,12,9.4,1,284.1
268,Hooghly,Railways,0,0,residential,23.4,1,43.2,0,109.5
292,Surat,Energy,0,0,agricultural,10.36,13,9.0,0,167.3
166,Surat,Railways,1,0,commercial,23.19,4,25.3,0,120.8
143,Thane,Aviation,0,0,residential,5.4,4,34.0,0,57.0
243,Ahmedabad,Highways,3,1,residential,25.81,3,66.9,1,229.5
178,Gautam Buddha Nagar,Energy,2,0,residential,38.7,4,29.9,0,135.5
102,Sonnagar,Railways,7,1,agricultural,33.07,8,32.2,1,249.2
246,Ahmedabad,Water,8,1,commercial,33.86,1,83.2,1,297.4
202,Dankuni,Railways,4,1,commercial,12.51,2,22.2,1,252.6
26,Navsari,Energy,0,0,agricultural,66.47,14,53.1,0,132.7
237,Sonnagar,Water,0,0,commercial,77.54,1,34.9,1,151.3
163,Sonnagar,Water,10,1,residential,75.5,2,40.7,1,339.2
174,Raigad,Energy,0,0,residential,10.19,2,51.3,0,99.2
257,Sonnagar,Railways,9,1,commercial,29.92,2,21.5,1,342.9
158,Valsad,Aviation,1,0,commercial,26.82,2,85.9,1,95.5
136,Gautam Buddha Nagar,Railways,0,0,residential,45.28,1,31.2,0,73.5
56,Raigad,Industrial,1,0,commercial,72.08,6,26.7,0,118.6
201,Navsari,Aviation,0,0,agricultural,20.1,11,2.3,0,146.5
178,Panna,Railways,0,0,commercial,70.72,2,78.6,0,73.9
166,Gautam Buddha Nagar,Industrial,2,0,agricultural,16.0,13,48.9,0,170.9
148,Sonnagar,Highways,6,1,commercial,2.51,6,61.9,1,279.2
210,Raigad,Water,1,0,residential,60.8,1,89.1,0,128.6
98,Gautam Buddha Nagar,Water,0,0,commercial,1.85,1,82.7,0,53.1
296,Valsad,Aviation,8,1,commercial,51.88,4,18.6,1,324.9
35,Dankuni,Energy,0,0,commercial,57.52,2,48.2,0,64.4
135,Palghar,Industrial,7,1,agricultural,77.8,6,9.5,1,315.6
283,Ahmedabad,Industrial,2,0,agricultural,55.72,9,78.5,1,166.5
137,Palghar,Energy,10,1,agricultural,2.43,11,80.4,1,339.0
85,Surat,Railways,0,0,agricultural,60.6,11,38.8,0,113.0
227,Thane,Aviation,0,0,residential,47.38,2,23.3,0,113.6
275,Palghar,Industrial,0,0,commercial,17.42,5,2.7,0,105.1
276,Navsari,Industrial,2,0,commercial,60.46,3,33.1,0,176.1
246,Palghar,Aviation,10,1,commercial,61.72,2,19.2,1,361.6
167,Sonnagar,Railways,1,0,agricultural,70.99,14,30.2,0,170.0
126,Surat,Industrial,0,0,commercial,17.71,2,82.0,0,117.6
249,Ahmedabad,Aviation,1,0,commercial,13.64,4,46.7,0,108.4
69,Dankuni,Railways,3,0,agricultural,49.73,14,3.0,0,161.2
96,Hooghly,Water,7,1,residential,17.62,2,92.3,1,244.7
26,Navsari,Water,0,0,residential,10.05,2,26.4,0,31.5
30,Surat,Highways,3,0,residential,14.38,1,10.0,0,127.9
154,Gautam Buddha Nagar,Aviation,9,1,residential,5.53,2,22.0,1,306.2
253,Thane,Water,4,0,commercial,46.35,1,63.1,1,166.0
260,Sonnagar,Energy,6,1,residential,2.44,3,91.6,1,314.0
237,Thane,Aviation,2,0,agricultural,63.46,12,80.9,1,191.6
256,Gautam Buddha Nagar,Energy,0,0,commercial,72.19,6,53.2,1,167.1
220,Valsad,Water,4,0,agricultural,61.5,3,77.7,1,159.1
236,Panna,Water,6,1,commercial,70.84,3,88.0,1,294.2
36,Panna,Aviation,3,0,agricultural,78.63,3,57.7,0,117.5
120,Raigad,Industrial,0,0,agricultural,65.96,2,94.1,0,87.4
296,Gautam Buddha Nagar,Highways,0,0,commercial,18.53,6,75.3,0,133.5
282,Valsad,Industrial,0,0,commercial,46.37,6,39.9,0,131.5
94,Dankuni,Aviation,3,0,commercial,15.47,1,85.1,1,102.0
171,Hooghly,Railways,8,1,agricultural,24.58,4,52.4,1,321.4
166,Thane,Highways,4,1,agricultural,66.3,11,8.6,1,338.7
221,Ahmedabad,Energy,6,1,residential,27.78,3,21.4,1,299.3
36,Hooghly,Aviation,4,0,residential,40.25,3,4.9,0,91.5
231,Ahmedabad,Industrial,1,0,agricultural,28.41,11,47.6,1,153.5
144,Hooghly,Highways,0,0,commercial,58.08,6,60.7,0,120.0
255,Valsad,Railways,6,1,residential,44.43,4,22.1,1,308.9
29,Raigad,Industrial,0,0,residential,40.41,4,27.6,0,54.6
39,Panna,Aviation,3,1,residential,56.01,4,18.2,0,232.7
184,Thane,Energy,1,0,residential,77.5,1,20.5,0,125.7
207,Sonnagar,Aviation,4,1,agricultural,18.26,14,65.5,1,285.3
66,Hooghly,Aviation,4,1,agricultural,59.36,10,54.3,1,269.8
283,Sonnagar,Water,0,0,agricultural,43.71,7,46.1,0,165.3
59,Ahmedabad,Highways,7,1,agricultural,38.23,9,87.5,1,265.2
59,Palghar,Highways,1,0,agricultural,35.97,9,36.7,0,112.3
226,Dankuni,Railways,2,1,residential,18.96,2,29.9,1,217.2
21,Valsad,Highways,6,1,residential,47.05,1,30.2,1,224.9
111,Surat,Water,1,0,agricultural,17.52,3,38.1,0,73.5
80,Palghar,Railways,0,0,residential,60.96,4,49.7,0,86.5
200,Surat,Aviation,2,0,commercial,32.81,4,6.0,0,153.4
206,Surat,Aviation,1,0,residential,69.42,2,46.6,0,124.5
95,Ahmedabad,Aviation,10,1,residential,23.37,1,42.2,1,297.9
35,Palghar,Aviation,0,0,agricultural,37.43,13,93.8,0,128.0
255,Gautam Buddha Nagar,Energy,0,0,commercial,69.76,6,56.8,0,132.6
85,Gautam Buddha Nagar,Aviation,0,0,residential,39.43,3,51.5,0,73.2
162,Dankuni,Energy,0,0,commercial,74.18,3,86.4,0,104.0
280,Navsari,Railways,0,0,commercial,48.02,6,63.3,1,102.6
112,Raigad,Aviation,0,0,commercial,43.65,3,21.0,0,91.0
164,Palghar,Aviation,0,0,residential,63.3,3,19.0,0,89.9
153,Surat,Water,1,0,commercial,27.64,3,58.4,0,151.7
49,Panna,Water,6,1,agricultural,74.26,8,88.9,1,271.5
116,Panna,Industrial,8,1,commercial,50.43,4,57.4,1,301.8
77,Palghar,Railways,2,0,agricultural,4.83,14,8.5,0,144.1
231,Raigad,Highways,2,1,residential,1.28,3,92.8,1,218.3
151,Surat,Railways,0,0,agricultural,19.29,1,53.5,0,90.6
23,Ahmedabad,Railways,0,0,residential,59.37,3,77.3,0,79.5
250,Ahmedabad,Railways,3,0,agricultural,73.45,5,12.0,1,199.8
243,Gautam Buddha Nagar,Industrial,3,1,commercial,67.86,4,68.3,1,288.3
26,Ahmedabad,Industrial,0,0,commercial,70.6,4,42.6,0,67.1
213,Thane,Water,1,0,residential,30.15,1,57.9,0,97.2
175,Ahmedabad,Railways,0,0,agricultural,57.34,4,37.3,1,78.9
48,Dankuni,Industrial,2,0,agricultural,31.42,6,35.4,0,108.0
238,Hooghly,Water,5,1,agricultural,21.9,5,46.5,1,316.5
286,Dankuni,Industrial,2,0,residential,78.34,3,6.5,0,201.3
298,Raigad,Highways,3,1,residential,42.26,3,44.1,1,312.2
224,Navsari,Railways,1,0,agricultural,18.93,2,59.7,0,101.7
295,Sonnagar,Railways,0,0,commercial,13.85,1,77.1,0,139.6
106,Palghar,Highways,2,0,commercial,44.5,3,69.3,0,149.0
102,Surat,Highways,1,0,commercial,2.15,5,85.2,0,95.6
138,Hooghly,Railways,2,0,agricultural,46.12,5,45.0,0,138.4
36,Sonnagar,Railways,8,1,agricultural,11.3,5,44.9,1,241.2
221,Ahmedabad,Industrial,1,0,residential,51.96,3,75.1,0,115.5
223,Ahmedabad,Energy,9,1,residential,10.54,1,21.2,1,301.4
226,Navsari,Highways,0,0,residential,2.4,4,20.5,0,103.4
86,Dankuni,Railways,0,0,commercial,19.94,1,85.7,0,55.2
253,Ahmedabad,Water,0,0,residential,10.87,1,24.8,0,121.5
42,Palghar,Energy,3,0,commercial,71.02,4,9.3,0,160.0
260,Panna,Water,7,1,agricultural,15.88,9,17.4,1,326.4
45,Sonnagar,Industrial,5,1,commercial,50.64,3,4.2,1,260.4
182,Hooghly,Energy,0,0,residential,41.6,1,84.2,0,76.5
295,Panna,Highways,1,0,residential,5.85,2,88.8,0,146.5
151,Hooghly,Aviation,5,1,residential,7.91,4,27.6,1,260.2
229,Thane,Railways,0,0,agricultural,66.16,3,41.7,0,101.4
98,Surat,Highways,0,0,agricultural,38.87,2,22.4,0,71.5
55,Dankuni,Water,2,0,agricultural,27.75,12,93.1,1,90.6
295,Navsari,Industrial,2,0,residential,26.78,3,51.0,0,125.2
157,Gautam Buddha Nagar,Industrial,2,0,residential,20.0,1,42.4,0,153.0
222,Navsari,Water,6,1,residential,64.23,3,11.9,1,314.0
93,Surat,Railways,1,0,commercial,40.71,4,71.1,0,106.4
261,Palghar,Railways,1,0,agricultural,62.11,1,42.5,0,129.0
204,Hooghly,Highways,5,1,commercial,39.18,4,88.3,1,288.2
139,Ahmedabad,Railways,0,0,commercial,13.16,3,57.2,0,73.9
91,Palghar,Aviation,1,0,agricultural,7.84,13,77.2,0,71.7
31,Thane,Water,7,1,agricultural,54.46,14,67.1,1,295.9
66,Raigad,Energy,3,1,commercial,79.06,5,2.0,1,226.8
151,Ahmedabad,Water,1,0,agricultural,42.32,14,59.0,1,164.0
278,Navsari,Railways,5,1,residential,55.28,1,38.6,1,304.2
275,Hooghly,Water,1,0,commercial,65.26,4,77.0,1,205.6
122,Navsari,Aviation,4,1,commercial,56.41,1,9.4,1,239.8
91,Palghar,Water,0,0,agricultural,26.95,6,55.9,0,65.7
297,Palghar,Aviation,0,0,residential,56.87,4,63.0,0,154.5
31,Valsad,Highways,2,0,agricultural,31.47,14,48.3,0,114.1
83,Sonnagar,Energy,2,0,commercial,56.74,6,31.3,0,112.7
99,Sonnagar,Railways,0,0,agricultural,39.21,6,15.8,0,82.6
118,Gautam Buddha Nagar,Water,0,0,commercial,61.78,6,35.5,0,126.0
262,Valsad,Highways,4,0,agricultural,16.54,3,32.9,0,147.9
215,Panna,Energy,4,0,residential,49.19,2,42.4,1,160.4
295,Hooghly,Aviation,4,0,residential,36.79,3,32.9,0,202.9
252,Palghar,Water,1,0,commercial,18.86,3,79.6,1,140.0
145,Dankuni,Highways,0,0,agricultural,18.72,4,90.5,0,93.4
155,Ahmedabad,Highways,3,0,agricultural,75.22,1,48.7,1,137.9
41,Dankuni,Energy,1,0,residential,42.96,3,74.5,0,50.5
183,Ahmedabad,Industrial,5,1,residential,1.63,4,9.4,1,225.7
147,Thane,Highways,6,1,agricultural,53.91,7,17.1,1,307.8
173,Valsad,Highways,1,0,commercial,51.3,1,93.4,0,87.1
153,Thane,Railways,0,0,agricultural,36.38,2,48.5,0,70.7
157,Panna,Highways,0,0,commercial,7.82,2,38.1,0,119.6
59,Sonnagar,Highways,0,0,residential,27.7,2,46.5,0,51.2
236,Thane,Energy,10,1,commercial,62.18,4,21.7,1,381.7
49,Gautam Buddha Nagar,Aviation,2,0,residential,66.84,4,53.8,0,117.1
33,Valsad,Railways,0,0,agricultural,28.76,11,88.9,0,73.3
58,Thane,Energy,3,1,commercial,47.77,5,73.2,1,215.9
189,Panna,Industrial,2,1,residential,63.0,3,24.9,1,242.6
168,Thane,Highways,4,0,agricultural,55.82,14,37.3,1,216.8
201,Ahmedabad,Highways,6,1,residential,59.22,4,4.1,1,298.1
283,Sonnagar,Highways,3,0,agricultural,29.32,2,92.6,0,148.8
123,Palghar,Railways,0,0,residential,4.4,3,80.3,0,66.0
294,Palghar,Aviation,1,0,residential,24.15,4,72.0,1,152.4
185,Ahmedabad,Highways,2,1,residential,11.38,1,90.3,1,213.8
199,Hooghly,Highways,0,0,commercial,13.13,5,85.2,0,118.7
68,Raigad,Aviation,0,0,residential,17.86,2,17.8,0,51.6
17,Panna,Railways,3,0,commercial,46.35,6,74.2,0,139.7
213,Thane,Water,10,1,agricultural,23.77,3,39.6,1,311.9
78,Navsari,Energy,0,0,agricultural,48.62,1,92.9,0,79.0
109,Navsari,Aviation,1,0,agricultural,77.39,4,14.3,1,133.2
51,Sonnagar,Highways,0,0,residential,17.84,1,55.4,0,30.0
69,Sonnagar,Highways,0,0,commercial,12.19,6,75.1,0,61.4
280,Ahmedabad,Water,0,0,residential,16.52,2,21.2,0,142.6
265,Dankuni,Railways,0,0,commercial,20.54,4,45.1,1,132.7
283,Thane,Aviation,0,0,commercial,70.56,2,28.4,0,163.6
247,Hooghly,Industrial,1,0,agricultural,36.22,12,82.3,1,124.0
127,Navsari,Railways,0,0,commercial,62.59,6,47.2,0,150.8
71,Panna,Aviation,7,1,agricultural,42.0,12,11.2,1,284.0
25,Navsari,Aviation,3,1,commercial,19.68,3,25.4,1,245.9
286,Panna,Industrial,1,0,residential,78.21,1,15.9,1,155.1
189,Panna,Water,5,1,residential,15.4,3,69.0,1,276.5
220,Navsari,Industrial,4,0,agricultural,45.43,6,10.9,0,186.3
187,Surat,Energy,2,0,agricultural,42.83,8,23.2,1,151.0
85,Palghar,Highways,2,1,residential,16.79,4,51.8,1,197.6
84,Panna,Water,5,1,residential,17.87,1,5.4,1,233.4
245,Palghar,Energy,0,0,residential,73.92,1,10.7,0,148.6
37,Sonnagar,Aviation,0,0,agricultural,13.78,13,66.7,0,91.6
66,Surat,Water,5,1,commercial,74.02,3,2.0,1,216.9
99,Hooghly,Industrial,3,1,residential,78.47,1,64.1,1,266.9
106,Surat,Aviation,5,1,agricultural,16.21,5,44.9,1,239.5
119,Raigad,Highways,2,0,agricultural,61.01,14,65.9,0,168.5
18,Raigad,Water,2,1,commercial,42.88,6,80.4,1,210.3
93,Raigad,Railways,0,0,agricultural,56.13,3,26.8,0,83.3
183,Dankuni,Industrial,0,0,residential,79.78,2,90.7,0,125.9
148,Hooghly,Energy,3,0,commercial,63.97,1,20.3,0,170.8
74,Hooghly,Highways,0,0,residential,4.78,1,54.1,0,69.9
42,Sonnagar,Aviation,1,0,agricultural,18.93,3,24.4,0,84.7
290,Panna,Highways,0,0,agricultural,43.24,5,26.3,0,127.1
120,Thane,Water,5,1,commercial,56.05,1,50.2,1,251.0
56,Sonnagar,Aviation,0,0,residential,13.59,3,94.3,0,63.9
27,Thane,Highways,2,0,residential,7.15,2,72.5,0,54.3
261,Palghar,Aviation,0,0,agricultural,62.8,9,62.2,1,160.8
91,Gautam Buddha Nagar,Highways,0,0,residential,53.94,3,72.0,0,92.4
291,Raigad,Industrial,1,0,residential,72.87,1,16.0,0,137.1
209,Gautam Buddha Nagar,Highways,1,0,commercial,37.65,1,57.7,1,116.1
189,Surat,Water,10,1,commercial,22.37,2,39.7,1,318.1
131,Raigad,Energy,0,0,residential,4.4,3,78.4,0,58.0
35,Thane,Industrial,0,0,residential,17.03,4,58.0,0,46.4
284,Valsad,Highways,3,1,residential,5.33,1,88.3,1,242.3
285,Panna,Highways,0,0,residential,58.8,2,52.9,0,137.9
208,Surat,Industrial,0,0,agricultural,52.0,7,26.9,0,132.8
166,Sonnagar,Water,1,0,residential,51.79,3,39.9,0,129.0
203,Ahmedabad,Aviation,2,0,agricultural,34.76,2,30.8,0,124.3
214,Thane,Water,7,1,commercial,60.73,1,19.4,1,277.4
110,Valsad,Energy,4,0,residential,72.96,1,64.2,0,153.1
286,Navsari,Energy,3,0,residential,61.88,1,36.3,0,167.4
83,Raigad,Energy,2,0,commercial,5.39,6,33.6,0,128.8
125,Navsari,Railways,7,1,agricultural,15.95,9,26.0,1,319.1
87,Ahmedabad,Aviation,0,0,agricultural,57.05,8,50.9,0,71.4
116,Panna,Highways,3,1,residential,50.65,2,47.8,1,251.6
32,Surat,Highways,4,0,commercial,73.49,5,72.8,0,145.9
271,Ahmedabad,Highways,2,0,commercial,57.76,5,84.9,1,169.1
69,Thane,Highways,0,0,residential,44.2,1,24.7,0,82.6
160,Sonnagar,Water,1,0,commercial,76.85,4,87.3,1,111.4
192,Ahmedabad,Energy,2,1,residential,6.56,1,77.2,1,199.5
291,Gautam Buddha Nagar,Energy,0,0,agricultural,42.63,6,79.9,0,125.1
95,Ahmedabad,Railways,1,0,agricultural,40.72,2,24.3,0,108.2
33,Palghar,Highways,3,0,commercial,23.87,5,51.9,0,108.4
187,Valsad,Aviation,8,1,agricultural,34.58,13,71.2,1,341.1
24,Sonnagar,Railways,3,0,commercial,70.05,1,50.4,0,129.7
212,Gautam Buddha Nagar,Highways,9,1,agricultural,6.28,12,21.8,1,336.5
41,Navsari,Energy,1,0,commercial,15.08,5,12.1,0,64.0
122,Panna,Aviation,2,0,agricultural,23.59,1,12.8,0,125.0
190,Panna,Water,1,0,agricultural,53.53,9,70.5,0,142.1
206,Surat,Railways,0,0,residential,8.65,3,44.0,0,72.4
48,Thane,Industrial,0,0,commercial,14.95,1,68.5,0,55.5
230,Raigad,Water,1,0,residential,30.38,3,79.2,0,101.5
248,Sonnagar,Aviation,10,1,residential,24.0,3,55.9,1,324.4
67,Raigad,Energy,2,0,residential,71.04,2,90.7,0,106.7
235,Surat,Energy,1,0,agricultural,75.03,7,59.9,1,161.6
75,Raigad,Water,0,0,residential,71.38,4,18.2,0,113.9
127,Sonnagar,Railways,1,0,residential,72.67,2,85.6,0,109.5
16,Panna,Highways,4,0,commercial,71.04,1,93.3,0,112.5
296,Ahmedabad,Energy,2,0,agricultural,32.8,13,35.4,0,175.4
210,Navsari,Highways,0,0,residential,50.61,2,3.4,0,111.9
112,Dankuni,Aviation,0,0,agricultural,27.28,13,13.2,0,88.4
138,Ahmedabad,Industrial,2,0,agricultural,68.06,5,60.2,0,140.3
15,Raigad,Water,10,1,agricultural,35.02,7,86.4,1,343.7
118,Palghar,Water,5,1,residential,65.24,3,78.6,1,262.4
43,Palghar,Water,0,0,residential,23.8,1,81.8,0,71.6
115,Raigad,Aviation,3,0,residential,51.54,2,6.7,0,150.2
240,Navsari,Highways,0,0,commercial,13.4,6,89.7,1,97.3
85,Ahmedabad,Aviation,1,0,agricultural,7.82,14,47.8,0,103.9
49,Ahmedabad,Highways,0,0,agricultural,32.08,9,64.7,0,134.2
133,Surat,Railways,4,1,commercial,76.36,3,35.3,1,257.2
293,Ahmedabad,Highways,1,0,commercial,16.79,2,65.1,0,137.1
231,Ahmedabad,Highways,10,1,agricultural,78.37,6,14.3,1,370.7
112,Valsad,Water,3,1,agricultural,71.37,9,29.6,1,269.7
39,Raigad,Industrial,8,1,commercial,23.87,1,92.5,1,266.9
119,Thane,Railways,2,0,commercial,32.17,5,12.1,0,135.7
102,Hooghly,Aviation,0,0,residential,66.8,1,83.7,0,70.9
114,Raigad,Highways,8,1,residential,14.14,3,70.3,1,282.2
233,Gautam Buddha Nagar,Water,0,0,agricultural,65.89,4,83.5,0,119.4
29,Dankuni,Energy,1,0,commercial,36.25,6,4.1,0,64.4
221,Sonnagar,Aviation,4,0,commercial,36.56,6,7.7,1,164.7
22,Ahmedabad,Industrial,0,0,agricultural,43.48,2,63.3,0,71.2
96,Valsad,Energy,8,1,residential,54.46,3,3.4,1,338.7
222,Palghar,Aviation,2,0,commercial,42.07,2,8.8,0,132.4
35,Ahmedabad,Water,1,0,residential,54.71,2,42.0,0,73.2
79,Panna,Highways,0,0,agricultural,26.81,1,90.5,0,51.8
143,Panna,Water,0,0,residential,10.83,3,80.7,0,66.0
160,Palghar,Aviation,1,0,agricultural,40.85,13,71.9,1,152.7
135,Palghar,Energy,0,0,agricultural,31.54,4,52.2,0,88.3
209,Gautam Buddha Nagar,Water,4,0,commercial,5.55,6,63.7,1,171.4
91,Hooghly,Water,1,0,residential,35.2,4,68.8,0,123.9
115,Valsad,Industrial,2,0,residential,63.35,3,65.4,0,124.7
203,Dankuni,Aviation,6,1,agricultural,70.7,11,85.2,1,374.2
184,Ahmedabad,Aviation,1,0,residential,2.94,1,17.6,0,89.1
152,Sonnagar,Energy,10,1,commercial,31.76,5,38.6,1,354.2
141,Gautam Buddha Nagar,Energy,0,0,agricultural,42.85,10,80.7,0,84.5
67,Surat,Railways,0,0,residential,6.83,3,19.4,0,31.2
214,Hooghly,Railways,4,1,commercial,32.59,5,22.6,1,256.5
67,Gautam Buddha Nagar,Aviation,10,1,commercial,8.94,6,38.4,1,334.4
212,Hooghly,Industrial,1,0,commercial,1.74,3,72.3,0,94.5
114,Navsari,Railways,1,0,agricultural,70.28,9,78.7,1,148.5
99,Hooghly,Industrial,10,1,commercial,66.73,3,56.1,1,326.9
172,Valsad,Railways,6,1,commercial,36.57,3,79.0,1,292.1
124,Raigad,Energy,1,0,residential,67.75,1,24.1,0,122.3
151,Thane,Highways,0,0,residential,69.21,1,28.4,0,91.3
211,Valsad,Railways,3,0,commercial,10.2,5,50.7,1,140.1
154,Raigad,Water,0,0,agricultural,41.38,9,81.7,0,125.3
234,Raigad,Energy,4,0,residential,69.19,4,75.7,0,196.2
267,Navsari,Railways,1,0,agricultural,78.66,11,28.0,0,160.1
162,Ahmedabad,Energy,4,1,commercial,24.71,5,86.7,1,249.2
84,Ahmedabad,Energy,0,0,agricultural,3.63,3,76.6,0,72.3
136,Dankuni,Railways,3,1,agricultural,64.05,14,31.5,1,300.0
119,Hooghly,Highways,0,0,residential,59.18,1,28.4,0,108.2
266,Gautam Buddha Nagar,Water,5,1,commercial,34.13,6,75.4,1,286.4
18,Ahmedabad,Railways,10,1,residential,78.79,2,87.5,1,345.8
103,Palghar,Industrial,2,0,agricultural,8.92,3,19.7,0,104.5
171,Raigad,Aviation,0,0,agricultural,59.19,2,50.3,0,114.0
252,Surat,Aviation,1,0,residential,61.47,4,50.2,1,156.9
252,Raigad,Energy,2,0,commercial,29.37,6,26.7,1,163.6
87,Gautam Buddha Nagar,Highways,1,0,commercial,62.15,6,71.0,0,130.4
215,Surat,Aviation,4,1,agricultural,57.6,2,62.0,1,289.5
126,Surat,Railways,1,0,commercial,77.35,1,32.3,0,131.8
225,Gautam Buddha Nagar,Industrial,4,0,agricultural,58.76,13,32.4,1,209.6
296,Navsari,Railways,4,1,residential,26.35,3,67.3,1,306.7
299,Panna,Railways,0,0,commercial,10.21,6,61.9,0,92.7
163,Surat,Railways,2,1,commercial,45.9,3,82.5,1,212.7
74,Hooghly,Industrial,9,1,residential,48.49,4,2.2,1,291.5
141,Raigad,Highways,1,0,commercial,60.9,4,68.8,0,146.1
300,Valsad,Railways,1,0,residential,10.89,1,77.5,0,119.7
42,Valsad,Water,0,0,residential,70.73,3,72.8,0,81.6
272,Dankuni,Water,1,0,residential,28.27,2,66.5,0,94.9
109,Dankuni,Industrial,10,1,commercial,31.85,1,76.3,1,288.6
157,Thane,Railways,0,0,agricultural,31.33,2,77.8,0,70.2
192,Palghar,Water,0,0,agricultural,17.2,12,55.1,1,123.4
100,Raigad,Aviation,2,0,residential,47.16,3,63.8,0,120.9
276,Navsari,Aviation,5,1,residential,72.98,4,94.3,1,325.8
73,Hooghly,Highways,2,1,residential,50.85,2,12.7,1,239.8
253,Sonnagar,Water,0,0,commercial,9.66,6,64.6,1,129.9
36,Palghar,Railways,2,1,agricultural,36.0,12,33.9,1,207.3
124,Hooghly,Railways,5,1,agricultural,34.8,6,21.4,1,266.9
281,Dankuni,Aviation,6,1,commercial,14.5,1,28.5,1,265.1
187,Dankuni,Industrial,1,0,agricultural,26.47,3,16.0,0,122.0
202,Gautam Buddha Nagar,Railways,0,0,residential,30.75,1,77.4,0,95.4
191,Surat,Aviation,9,1,residential,65.97,1,23.3,1,328.5
296,Surat,Water,0,0,commercial,24.9,2,21.7,1,128.2
87,Sonnagar,Railways,3,0,agricultural,34.09,6,59.1,0,134.4
46,Navsari,Highways,2,0,agricultural,7.29,7,82.2,0,100.7
69,Raigad,Energy,0,0,residential,69.19,1,22.6,0,64.1
23,Surat,Highways,3,0,agricultural,32.74,8,54.5,0,102.3
48,Ahmedabad,Energy,1,0,residential,62.38,3,36.6,0,97.5
69,Surat,Energy,6,1,commercial,37.21,1,12.3,1,237.2
121,Panna,Highways,8,1,agricultural,44.53,2,43.8,1,333.6
279,Hooghly,Railways,2,1,commercial,41.59,6,64.3,1,274.7
190,Thane,Aviation,1,0,agricultural,16.04,1,40.0,0,106.0
55,Sonnagar,Railways,2,0,commercial,23.37,5,90.7,0,101.2
115,Ahmedabad,Railways,8,1,agricultural,14.95,9,81.9,1,284.7
144,Sonnagar,Water,0,0,residential,45.12,3,20.5,0,62.4
95,Surat,Industrial,3,0,commercial,35.44,3,80.0,0,111.1
47,Raigad,Highways,2,0,commercial,56.11,4,3.8,0,113.2
174,Ahmedabad,Water,1,0,agricultural,2.48,2,75.9,0,104.0
144,Dankuni,Water,6,1,agricultural,47.05,9,73.4,1,287.6
153,Gautam Buddha Nagar,Aviation,0,0,residential,53.58,1,31.4,0,105.4
167,Gautam Buddha Nagar,Industrial,1,0,agricultural,40.0,7,74.8,0,123.4
116,Surat,Aviation,0,0,agricultural,10.06,7,37.5,0,82.3
91,Ahmedabad,Water,6,1,agricultural,76.23,8,46.6,1,306.3
108,Raigad,Energy,10,1,commercial,53.74,5,28.9,1,322.3
49,Gautam Buddha Nagar,Water,3,0,agricultural,13.63,7,80.9,0,114.5
278,Surat,Water,3,0,agricultural,67.62,2,10.3,1,182.1
147,Dankuni,Aviation,10,1,agricultural,75.53,13,9.8,1,392.9
273,Gautam Buddha Nagar,Industrial,2,0,residential,36.16,2,85.5,0,159.5
272,Thane,Aviation,4,0,residential,74.26,1,77.8,1,152.8
288,Ahmedabad,Energy,3,1,commercial,36.38,3,50.5,1,260.0
239,Hooghly,Industrial,1,0,commercial,5.41,1,26.1,1,116.3
107,Hooghly,Aviation,0,0,agricultural,7.27,10,39.5,0,68.0
153,Raigad,Industrial,1,0,commercial,34.17,5,16.0,0,96.7
40,Dankuni,Water,7,1,residential,18.73,1,26.1,1,214.2
233,Ahmedabad,Highways,10,1,commercial,51.56,2,47.3,1,316.8
185,Panna,Industrial,0,0,agricultural,62.43,8,56.0,1,108.8
164,Dankuni,Water,3,0,agricultural,74.14,12,61.5,1,172.6
150,Panna,Railways,0,0,residential,21.62,3,16.1,0,90.2
87,Valsad,Highways,7,1,commercial,46.61,2,78.8,1,283.9
128,Raigad,Highways,8,1,residential,42.85,2,59.1,1,285.5
92,Navsari,Water,2,0,commercial,35.89,5,8.3,1,119.6
124,Palghar,Energy,0,0,agricultural,71.74,12,25.1,0,86.6
223,Dankuni,Railways,5,1,agricultural,38.27,7,85.2,1,338.1
299,Thane,Energy,0,0,commercial,62.49,6,4.0,1,184.5
89,Navsari,Energy,3,1,commercial,34.6,6,4.9,1,247.0
220,Thane,Industrial,1,0,commercial,59.36,6,8.1,0,142.0
294,Gautam Buddha Nagar,Industrial,1,0,residential,76.54,1,82.6,0,158.0
241,Palghar,Energy,10,1,agricultural,67.9,2,75.2,1,333.2
150,Ahmedabad,Aviation,1,0,commercial,43.3,2,67.0,0,93.2
274,Panna,Water,0,0,commercial,71.46,1,32.4,0,104.2
78,Dankuni,Highways,2,0,agricultural,54.52,1,80.6,0,47.7
37,Surat,Aviation,0,0,commercial,6.75,6,69.7,0,86.9
230,Panna,Water,0,0,agricultural,56.89,3,11.3,0,113.1
263,Gautam Buddha Nagar,Highways,2,1,commercial,47.73,6,55.2,1,255.6
39,Gautam Buddha Nagar,Energy,0,0,agricultural,30.32,14,27.5,0,80.4
269,Gautam Buddha Nagar,Water,0,0,commercial,35.15,2,3.3,0,103.3
241,Ahmedabad,Energy,3,0,commercial,45.91,3,73.4,1,161.5
232,Panna,Industrial,7,1,agricultural,21.02,7,83.5,1,280.3
163,Raigad,Water,8,1,commercial,50.79,5,58.6,1,320.5
97,Sonnagar,Aviation,0,0,commercial,12.6,2,91.6,0,48.1
257,Hooghly,Aviation,0,0,residential,25.62,1,38.3,0,114.8
205,Sonnagar,Highways,3,0,agricultural,65.32,5,51.6,0,168.0
22,Thane,Highways,10,1,residential,78.57,4,68.1,1,310.4
198,Palghar,Railways,2,0,residential,1.58,3,43.5,1,120.0
232,Navsari,Railways,3,1,residential,73.6,1,21.0,1,296.3
235,Hooghly,Energy,1,0,agricultural,31.18,13,51.5,0,165.8
150,Dankuni,Railways,0,0,commercial,10.67,6,53.8,0,71.5
39,Navsari,Energy,8,1,commercial,20.73,6,36.2,1,261.7
72,Raigad,Railways,5,1,agricultural,12.76,12,93.6,1,286.9
58,Sonnagar,Aviation,3,0,commercial,32.15,2,24.6,0,134.2
101,Sonnagar,Railways,10,1,commercial,43.34,6,17.8,1,332.6
292,Sonnagar,Highways,3,1,residential,48.74,4,91.5,1,270.3
31,Sonnagar,Aviation,4,0,agricultural,78.32,6,68.9,0,149.9
132,Gautam Buddha Nagar,Railways,0,0,commercial,68.7,6,75.3,0,89.9
257,Sonnagar,Water,1,0,commercial,5.82,4,34.1,1,137.7
149,Dankuni,Energy,2,0,commercial,17.22,5,83.7,0,102.7
297,Gautam Buddha Nagar,Railways,7,1,commercial,19.65,5,13.5,1,313.2
290,Panna,Aviation,2,0,commercial,45.65,4,93.9,0,159.4
171,Sonnagar,Industrial,0,0,agricultural,46.51,3,79.9,0,122.9
207,Dankuni,Railways,3,1,commercial,69.02,5,52.3,1,266.4
119,Raigad,Energy,1,0,agricultural,47.6,3,50.5,0,136.1
296,Raigad,Highways,0,0,residential,65.44,2,93.5,0,134.9
300,Thane,Aviation,0,0,residential,10.13,1,3.4,0,150.0
282,Thane,Highways,0,0,residential,9.61,1,49.2,0,88.1
212,Panna,Aviation,10,1,commercial,7.15,3,19.6,1,331.7
298,Thane,Aviation,0,0,agricultural,19.9,2,56.8,0,87.9
85,Navsari,Water,6,1,residential,32.99,3,79.4,1,252.3
249,Surat,Aviation,0,0,agricultural,15.0,6,78.0,0,135.1
239,Sonnagar,Industrial,0,0,commercial,72.28,1,42.5,1,117.6
52,Ahmedabad,Energy,8,1,agricultural,73.33,5,82.7,1,268.7
243,Surat,Energy,0,0,agricultural,49.32,10,27.0,0,141.9
114,Gautam Buddha Nagar,Highways,1,0,commercial,23.89,2,37.1,0,67.1
250,Ahmedabad,Railways,1,0,commercial,43.42,5,53.7,1,128.4
263,Hooghly,Industrial,0,0,residential,2.94,4,18.8,0,113.0
136,Hooghly,Water,3,1,agricultural,11.05,12,73.1,1,283.6
110,Dankuni,Industrial,0,0,residential,6.75,1,72.8,0,60.8
199,Raigad,Highways,0,0,commercial,76.61,4,47.3,0,132.0
166,Sonnagar,Railways,0,0,commercial,6.43,5,64.6,0,71.9
221,Navsari,Highways,0,0,residential,14.57,2,58.1,0,101.1
150,Palghar,Water,0,0,agricultural,73.34,2,78.6,0,116.2
237,Hooghly,Highways,0,0,commercial,67.67,2,13.7,0,107.9
24,Thane,Aviation,0,0,residential,50.75,2,88.1,0,52.3
123,Thane,Water,0,0,agricultural,69.23,3,48.8,0,87.0
44,Sonnagar,Energy,10,1,agricultural,52.33,14,50.1,1,352.8
84,Hooghly,Railways,0,0,agricultural,75.36,9,88.0,0,95.9
194,Hooghly,Highways,1,0,agricultural,60.37,1,10.5,0,99.2
70,Gautam Buddha Nagar,Railways,1,0,commercial,25.54,4,9.5,0,66.4
84,Surat,Water,2,1,agricultural,37.26,13,42.0,1,248.3
59,Hooghly,Energy,1,0,residential,25.32,3,67.0,0,106.0
226,Gautam Buddha Nagar,Industrial,1,0,commercial,69.28,4,34.0,0,135.0
60,Hooghly,Highways,2,0,commercial,41.42,2,92.9,0,113.4
51,Panna,Highways,7,1,agricultural,4.11,6,74.0,1,243.7
254,Dankuni,Railways,0,0,agricultural,70.59,13,69.7,0,175.6
230,Surat,Energy,0,0,agricultural,22.2,9,42.5,0,108.3
143,Gautam Buddha Nagar,Industrial,3,0,agricultural,40.52,9,30.2,1,187.4
222,Ahmedabad,Aviation,1,0,commercial,26.8,1,43.4,0,119.7
244,Thane,Water,0,0,commercial,29.46,4,16.8,0,105.3
291,Thane,Industrial,3,0,agricultural,26.3,1,47.9,0,134.1
134,Dankuni,Industrial,3,1,agricultural,79.74,8,74.4,1,266.5
183,Dankuni,Highways,2,0,agricultural,35.89,7,7.0,0,134.2
204,Thane,Water,0,0,residential,73.63,3,67.0,0,126.6
84,Thane,Highways,7,1,residential,62.9,3,83.1,1,284.5
55,Ahmedabad,Aviation,0,0,agricultural,69.09,3,86.3,0,108.3
147,Dankuni,Aviation,3,0,residential,27.51,4,28.3,1,131.0
81,Hooghly,Aviation,1,0,agricultural,74.49,12,71.1,0,114.1
39,Surat,Aviation,8,1,agricultural,23.38,11,59.8,1,287.8
75,Thane,Railways,7,1,residential,10.52,1,83.7,1,259.8
51,Sonnagar,Energy,1,0,agricultural,72.83,4,94.1,0,122.2
192,Raigad,Industrial,0,0,commercial,30.22,5,33.7,1,112.6
264,Thane,Highways,1,0,commercial,51.71,4,55.1,1,131.9
294,Panna,Highways,0,0,agricultural,21.39,13,66.7,0,178.1
79,Navsari,Aviation,4,0,residential,53.15,3,30.5,0,91.4
216,Surat,Highways,0,0,agricultural,67.92,3,33.1,0,122.2
267,Valsad,Highways,8,1,agricultural,25.39,3,85.6,1,331.2
46,Panna,Energy,1,0,agricultural,46.03,13,15.9,0,105.4
31,Palghar,Highways,1,0,agricultural,71.44,14,64.9,0,131.8
276,Panna,Industrial,2,1,commercial,12.54,1,10.2,1,249.4
159,Raigad,Industrial,0,0,agricultural,78.03,8,33.1,0,112.7
110,Panna,Water,8,1,commercial,25.28,4,6.3,1,283.7
87,Dankuni,Railways,0,0,agricultural,15.33,5,45.0,0,76.3
242,Gautam Buddha Nagar,Railways,7,1,agricultural,67.43,4,68.4,1,321.9
65,Ahmedabad,Aviation,1,0,agricultural,52.99,2,34.8,0,72.6
17,Panna,Industrial,1,0,commercial,34.98,1,48.8,0,83.6
175,Panna,Industrial,1,0,agricultural,77.84,3,67.5,0,143.2
188,Thane,Aviation,1,0,agricultural,61.36,12,58.2,1,180.7
275,Ahmedabad,Industrial,1,0,agricultural,14.2,9,27.7,1,147.2
278,Thane,Aviation,9,1,agricultural,13.42,1,18.5,1,341.0
84,Raigad,Aviation,0,0,agricultural,20.53,5,27.9,0,74.6
283,Sonnagar,Railways,0,0,residential,77.93,3,55.7,0,115.3
21,Dankuni,Railways,5,1,residential,78.3,3,89.2,1,235.1
239,Raigad,Railways,3,0,residential,10.61,1,24.7,1,137.4
228,Raigad,Industrial,0,0,agricultural,20.65,4,2.3,0,108.7
240,Sonnagar,Industrial,0,0,agricultural,72.3,2,58.8,0,156.3
97,Dankuni,Highways,0,0,residential,54.77,1,45.7,0,96.7
286,Raigad,Industrial,2,1,residential,21.46,3,8.2,1,261.6
75,Gautam Buddha Nagar,Highways,0,0,agricultural,4.94,7,53.8,0,100.6
211,Ahmedabad,Water,8,1,agricultural,74.42,2,55.0,1,309.4
161,Thane,Energy,2,0,residential,24.39,1,43.0,0,134.5
111,Dankuni,Energy,1,0,residential,27.83,3,62.2,0,108.2
83,Raigad,Railways,2,0,commercial,7.53,2,25.8,0,64.8
299,Sonnagar,Energy,0,0,residential,12.53,1,51.6,0,115.6
223,Dankuni,Industrial,5,1,agricultural,58.09,14,68.1,1,308.4
117,Ahmedabad,Energy,2,0,agricultural,71.05,12,91.8,1,156.7
44,Raigad,Energy,0,0,residential,20.02,2,90.3,0,62.0
202,Palghar,Highways,1,0,residential,32.75,3,93.2,0,154.8
152,Sonnagar,Water,2,0,residential,32.41,3,69.1,1,107.4
137,Valsad,Railways,1,0,commercial,79.29,3,38.6,1,111.3
235,Panna,Water,6,1,agricultural,10.55,3,33.9,1,301.7
171,Thane,Industrial,2,0,commercial,15.24,4,57.4,0,161.1
169,Gautam Buddha Nagar,Water,0,0,commercial,68.35,2,3.3,0,96.0
75,Surat,Energy,8,1,residential,10.24,3,6.9,1,257.1
141,Panna,Industrial,0,0,agricultural,33.53,2,30.0,0,99.8
226,Sonnagar,Highways,9,1,commercial,18.47,6,86.0,1,337.7
286,Sonnagar,Highways,3,0,commercial,11.8,1,9.4,1,135.3
95,Panna,Energy,6,1,commercial,59.26,2,42.3,1,248.5
270,Navsari,Energy,9,1,residential,15.92,2,82.9,1,317.9
189,Sonnagar,Industrial,2,0,commercial,18.19,4,45.0,1,142.6
111,Dankuni,Energy,2,1,commercial,9.36,1,62.1,1,207.8
239,Sonnagar,Energy,0,0,agricultural,74.24,6,32.3,0,134.2
262,Thane,Highways,0,0,agricultural,10.68,5,19.3,0,125.3
28,Surat,Highways,0,0,commercial,46.11,1,73.5,0,76.7
268,Dankuni,Aviation,3,0,agricultural,16.28,4,37.2,0,185.8
28,Panna,Water,0,0,agricultural,58.24,14,47.1,0,118.7
124,Valsad,Industrial,0,0,commercial,12.49,6,73.7,0,96.8
104,Surat,Industrial,7,1,residential,68.3,2,74.7,1,297.1
194,Ahmedabad,Highways,1,0,residential,7.79,1,53.3,0,105.6
76,Ahmedabad,Industrial,2,0,commercial,66.47,2,37.4,0,124.7
196,Raigad,Water,4,0,agricultural,78.45,4,85.0,0,176.1
267,Raigad,Aviation,2,0,agricultural,35.06,12,72.9,0,179.8
181,Ahmedabad,Water,0,0,agricultural,12.04,4,93.3,0,93.0
23,Raigad,Aviation,2,0,residential,23.72,2,34.2,0,80.1
109,Gautam Buddha Nagar,Railways,7,1,residential,32.7,4,19.0,1,241.8
40,Valsad,Railways,0,0,commercial,71.82,6,46.5,0,83.4
43,Dankuni,Highways,9,1,residential,22.42,2,2.6,1,263.4
180,Panna,Energy,3,1,agricultural,17.97,7,18.2,1,234.5
132,Navsari,Aviation,2,0,commercial,52.72,4,7.9,0,96.5
143,Thane,Energy,2,0,commercial,74.97,6,8.3,1,172.4
190,Navsari,Highways,0,0,agricultural,45.78,11,10.5,0,110.6
245,Surat,Industrial,0,0,commercial,15.2,4,76.7,0,108.1
22,Raigad,Water,9,1,agricultural,8.14,12,63.5,1,304.4
235,Surat,Industrial,1,0,agricultural,37.29,10,62.2,0,166.6
52,Panna,Water,9,1,agricultural,71.51,4,9.4,1,285.1
214,Raigad,Water,0,0,residential,76.75,4,62.3,0,134.6
173,Dankuni,Railways,3,1,residential,50.58,4,32.6,1,294.8
186,Dankuni,Aviation,3,1,residential,12.01,2,13.3,1,248.9
154,Valsad,Water,1,0,commercial,36.76,3,46.6,0,107.9
217,Ahmedabad,Industrial,1,0,commercial,61.12,4,39.3,0,127.1
118,Navsari,Highways,0,0,commercial,55.4,1,25.9,0,88.6
127,Surat,Energy,0,0,commercial,59.26,3,54.5,0,65.1
198,Hooghly,Highways,8,1,agricultural,18.21,4,6.6,1,321.4
194,Thane,Railways,10,1,commercial,13.31,4,64.7,1,333.7
163,Palghar,Energy,1,0,residential,44.99,3,58.9,0,126.2
167,Dankuni,Water,2,0,agricultural,70.04,5,71.3,0,160.3
77,Palghar,Energy,3,0,residential,47.33,2,79.5,0,115.4
130,Gautam Buddha Nagar,Water,0,0,commercial,33.09,1,50.9,0,55.7
129,Panna,Railways,7,1,agricultural,40.29,3,58.3,1,288.9
282,Gautam Buddha Nagar,Aviation,3,0,residential,8.43,2,11.6,1,157.8
46,Gautam Buddha Nagar,Water,0,0,agricultural,38.56,1,46.5,0,93.8
226,Valsad,Railways,1,0,commercial,47.06,2,5.5,1,128.3
210,Gautam Buddha Nagar,Water,0,0,commercial,49.07,5,7.1,1,126.2
73,Valsad,Highways,9,1,agricultural,27.0,7,82.4,1,297.2
187,Surat,Energy,2,0,residential,77.13,4,92.3,1,162.8
199,Surat,Highways,0,0,commercial,55.81,4,38.1,0,122.6
39,Panna,Industrial,0,0,commercial,15.09,4,16.7,0,51.2
249,Surat,Railways,0,0,commercial,17.03,1,3.7,0,122.1
217,Gautam Buddha Nagar,Water,1,0,residential,2.73,3,68.1,1,96.8
40,Navsari,Water,3,1,residential,51.91,4,42.7,1,240.4
121,Surat,Highways,0,0,commercial,18.66,3,90.1,0,106.5
215,Gautam Buddha Nagar,Energy,0,0,commercial,27.27,2,20.5,1,144.5
84,Gautam Buddha Nagar,Railways,7,1,agricultural,32.4,2,22.0,1,255.9
224,Surat,Railways,0,0,commercial,55.53,6,85.8,1,112.4
87,Thane,Water,1,0,commercial,28.12,3,25.2,0,77.4
43,Dankuni,Energy,4,1,agricultural,72.86,12,56.1,1,237.0
125,Raigad,Railways,4,1,agricultural,4.21,9,29.5,1,272.4
61,Gautam Buddha Nagar,Aviation,0,0,agricultural,13.49,13,14.3,0,101.7
147,Hooghly,Aviation,1,0,commercial,58.51,1,79.3,0,112.5
226,Hooghly,Energy,4,1,commercial,74.09,1,37.9,1,267.7
255,Hooghly,Railways,0,0,residential,69.84,1,18.7,0,129.9
212,Gautam Buddha Nagar,Aviation,1,0,commercial,57.15,5,69.4,1,149.2
246,Surat,Aviation,3,0,agricultural,63.66,2,14.1,0,171.8
36,Panna,Water,7,1,residential,78.61,4,77.1,1,272.7
263,Palghar,Water,0,0,agricultural,50.53,4,57.6,0,149.1
196,Gautam Buddha Nagar,Industrial,7,1,commercial,58.95,1,47.9,1,308.9
145,Hooghly,Water,10,1,residential,36.63,2,4.0,1,309.9
207,Palghar,Water,1,0,agricultural,21.22,11,37.6,1,133.5
291,Sonnagar,Aviation,0,0,agricultural,23.55,5,43.2,0,127.7
275,Panna,Industrial,3,0,commercial,1.43,4,3.9,1,189.2
274,Gautam Buddha Nagar,Aviation,0,0,commercial,61.4,3,19.6,0,114.4
218,Gautam Buddha Nagar,Aviation,1,0,agricultural,13.22,10,70.9,0,147.1
178,Hooghly,Water,0,0,commercial,29.02,2,3.6,0,101.9
83,Panna,Highways,7,1,agricultural,46.03,3,16.0,1,280.4
92,Ahmedabad,Railways,0,0,agricultural,53.35,10,39.4,0,117.2
224,Sonnagar,Railways,6,1,residential,53.29,2,6.0,1,307.7
28,Navsari,Industrial,1,0,residential,8.22,2,69.3,0,84.3
288,Thane,Highways,0,0,commercial,68.52,1,78.2,1,150.5
205,Palghar,Railways,1,0,agricultural,72.98,2,68.1,0,123.8
270,Panna,Water,0,0,residential,1.17,1,51.4,0,123.7
83,Ahmedabad,Energy,1,0,commercial,3.89,4,18.5,1,63.8
283,Hooghly,Water,2,0,residential,41.9,4,61.3,0,197.2
75,Sonnagar,Energy,2,0,residential,17.81,2,12.4,0,125.0
113,Raigad,Railways,6,1,agricultural,55.37,1,28.4,1,251.6
263,Palghar,Energy,3,0,residential,45.68,1,10.4,1,147.7
157,Ahmedabad,Industrial,1,0,residential,52.31,2,12.3,0,110.3
25,Ahmedabad,Water,2,0,commercial,56.65,1,2.5,0,80.8
293,Panna,Energy,3,0,agricultural,0.81,11,6.3,1,173.8
15,Panna,Railways,1,0,residential,13.37,4,80.3,0,50.5
45,Gautam Buddha Nagar,Industrial,1,0,agricultural,34.86,14,44.5,0,124.5
120,Surat,Railways,1,0,residential,71.49,2,21.9,0,114.6
73,Palghar,Industrial,4,0,commercial,73.09,4,18.5,0,155.3
15,Panna,Energy,0,0,agricultural,53.27,13,16.6,0,83.8
291,Raigad,Highways,2,0,residential,18.29,2,44.9,0,126.2
25,Panna,Water,3,0,commercial,39.69,1,62.5,0,112.5
18,Valsad,Industrial,3,0,agricultural,42.05,14,62.8,0,176.0
242,Gautam Buddha Nagar,Railways,0,0,commercial,73.5,6,12.3,1,137.4
292,Panna,Aviation,0,0,agricultural,40.05,12,64.8,1,159.1
207,Raigad,Aviation,4,0,commercial,32.24,4,73.0,0,157.8
244,Palghar,Railways,10,1,commercial,47.66,2,33.9,1,361.2
19,Ahmedabad,Aviation,2,0,residential,70.98,1,43.4,0,89.5
170,Gautam Buddha Nagar,Water,9,1,commercial,46.14,4,47.1,1,314.2
269,Gautam Buddha Nagar,Water,7,1,commercial,55.0,5,28.4,1,374.8
169,Surat,Industrial,9,1,residential,19.78,4,50.3,1,303.2
288,Sonnagar,Industrial,8,1,residential,23.79,1,26.7,1,350.2
278,Raigad,Aviation,3,0,residential,26.47,2,13.0,0,159.1
35,Ahmedabad,Railways,0,0,commercial,48.35,1,3.7,0,57.7
68,Navsari,Energy,0,0,residential,70.24,2,83.4,0,66.9
297,Navsari,Aviation,9,1,residential,21.32,1,53.5,1,352.4
204,Thane,Railways,0,0,commercial,17.42,6,34.1,0,126.2
197,Palghar,Industrial,0,0,residential,77.48,3,38.0,0,128.8
292,Gautam Buddha Nagar,Railways,3,0,commercial,23.89,4,55.0,1,171.2
75,Sonnagar,Highways,0,0,residential,70.32,1,4.9,0,71.5
39,Valsad,Aviation,6,1,agricultural,24.59,5,14.2,1,246.1
190,Hooghly,Energy,1,0,residential,74.37,3,17.3,0,126.3
191,Raigad,Highways,0,0,commercial,38.48,3,88.7,0,92.2
19,Raigad,Highways,0,0,residential,51.0,3,42.9,0,69.5
292,Hooghly,Water,2,0,commercial,30.1,2,57.9,0,159.2
175,Surat,Industrial,3,1,agricultural,77.57,5,33.0,1,275.1
16,Sonnagar,Industrial,0,0,agricultural,52.84,2,88.5,0,74.0
88,Hooghly,Railways,1,0,residential,12.99,3,51.9,0,78.9
179,Valsad,Industrial,0,0,commercial,46.96,3,17.8,0,95.7
74,Valsad,Highways,0,0,commercial,29.78,1,43.7,0,77.4
200,Panna,Aviation,0,0,agricultural,36.13,5,27.0,0,129.0
167,Surat,Energy,1,0,agricultural,59.6,12,29.5,1,122.5
168,Palghar,Energy,4,0,residential,37.03,3,28.9,0,150.3
276,Valsad,Railways,0,0,commercial,10.42,2,41.2,0,105.3
281,Surat,Railways,4,0,residential,34.46,1,49.7,0,176.1
104,Panna,Highways,1,0,commercial,1.27,5,42.4,0,94.9
171,Raigad,Highways,2,0,commercial,17.41,3,69.8,0,123.8
277,Panna,Highways,0,0,agricultural,34.28,8,19.5,0,158.3
241,Palghar,Aviation,3,0,commercial,47.6,4,56.8,1,174.5
146,Surat,Water,1,0,agricultural,34.69,6,6.9,0,103.9
72,Thane,Aviation,10,1,agricultural,27.55,4,55.7,1,300.5
98,Dankuni,Aviation,3,1,commercial,43.45,4,63.7,1,246.2
156,Dankuni,Energy,1,0,commercial,41.58,5,71.9,1,102.5
204,Sonnagar,Water,1,0,residential,70.21,4,32.6,0,121.9
71,Panna,Railways,0,0,residential,11.91,4,71.3,0,71.7
52,Dankuni,Aviation,0,0,residential,43.47,4,85.6,0,84.1
149,Gautam Buddha Nagar,Industrial,2,0,commercial,63.3,2,41.6,0,119.0
57,Ahmedabad,Industrial,5,1,agricultural,51.24,4,51.1,1,264.9
140,Panna,Highways,4,0,agricultural,66.83,2,27.6,0,146.9
100,Thane,Aviation,0,0,residential,46.38,3,31.4,0,77.0
128,Ahmedabad,Industrial,0,0,agricultural,50.43,11,31.1,0,119.8
21,Sonnagar,Water,1,0,residential,16.02,4,3.9,0,61.5
20,Surat,Industrial,10,1,agricultural,10.49,10,93.6,1,328.5
139,Valsad,Energy,0,0,agricultural,5.2,9,32.5,0,96.5
36,Panna,Aviation,0,0,agricultural,11.28,4,68.5,0,64.1
269,Valsad,Aviation,8,1,residential,11.62,4,9.3,1,301.9
140,Gautam Buddha Nagar,Water,5,1,residential,63.98,1,67.5,1,248.0
164,Ahmedabad,Highways,0,0,commercial,52.23,4,78.3,0,126.7
74,Raigad,Energy,6,1,commercial,20.06,6,59.1,1,230.5
108,Surat,Water,3,0,commercial,43.8,4,94.7,0,118.6
105,Valsad,Railways,0,0,commercial,20.76,1,78.0,0,61.5
251,Palghar,Industrial,0,0,residential,71.39,3,51.8,0,95.1
206,Ahmedabad,Energy,0,0,agricultural,53.71,9,2.1,0,135.2
229,Navsari,Railways,4,1,commercial,74.72,5,83.1,1,306.5
285,Navsari,Water,0,0,agricultural,25.7,4,88.2,0,114.8
220,Thane,Water,2,1,commercial,45.79,2,49.0,1,229.8
153,Gautam Buddha Nagar,Industrial,2,0,commercial,28.37,6,24.1,0,116.6
266,Sonnagar,Water,6,1,agricultural,71.12,1,61.7,1,320.8
211,Panna,Highways,2,0,agricultural,62.16,13,79.1,1,224.9
48,Gautam Buddha Nagar,Industrial,0,0,residential,37.86,3,91.4,0,80.6
245,Ahmedabad,Energy,6,1,commercial,8.0,6,2.8,1,300.6
229,Valsad,Railways,0,0,residential,10.65,2,34.4,0,52.2
102,Navsari,Highways,0,0,residential,7.26,1,69.3,0,77.7
48,Thane,Energy,9,1,commercial,55.31,6,27.3,1,298.9
53,Valsad,Railways,9,1,residential,57.31,3,11.2,1,287.2
29,Navsari,Industrial,2,0,commercial,38.24,6,38.2,0,145.4
105,Ahmedabad,Railways,4,0,agricultural,67.44,13,15.4,0,202.4
124,Sonnagar,Aviation,3,1,residential,9.08,1,5.3,1,234.8
125,Palghar,Aviation,2,1,commercial,12.37,4,43.7,1,209.2
186,Raigad,Highways,0,0,agricultural,71.51,7,69.1,0,136.9
30,Ahmedabad,Industrial,9,1,residential,38.33,3,4.8,1,288.9
28,Valsad,Industrial,0,0,agricultural,37.19,4,72.0,0,70.1
119,Raigad,Highways,0,0,agricultural,3.78,9,46.0,0,100.9
27,Raigad,Railways,0,0,agricultural,69.68,12,73.9,0,74.7
100,Hooghly,Highways,4,0,residential,5.94,1,44.3,0,138.1
165,Raigad,Railways,3,0,commercial,10.97,3,15.4,0,128.6
153,Valsad,Railways,0,0,agricultural,58.74,11,69.9,0,122.6
207,Hooghly,Water,0,0,agricultural,15.02,11,60.2,0,138.0
55,Raigad,Water,1,0,commercial,24.36,5,4.2,0,84.2
291,Valsad,Aviation,0,0,commercial,10.95,1,55.5,1,139.3
102,Panna,Industrial,1,0,agricultural,32.67,13,67.4,0,96.9
299,Ahmedabad,Energy,3,0,commercial,78.46,6,41.2,1,219.3
284,Thane,Highways,9,1,residential,21.08,2,42.8,1,293.3
31,Gautam Buddha Nagar,Highways,1,0,residential,45.6,1,42.7,0,79.4
118,Sonnagar,Aviation,4,0,residential,50.21,2,75.0,0,144.7
153,Navsari,Industrial,4,0,commercial,40.58,1,22.8,1,144.0
90,Navsari,Water,0,0,agricultural,5.74,3,20.5,0,38.2
198,Sonnagar,Railways,0,0,agricultural,17.05,4,2.2,1,103.3
221,Ahmedabad,Railways,1,0,commercial,49.17,1,50.0,0,109.8
75,Palghar,Highways,0,0,commercial,46.58,1,37.8,0,45.6
268,Surat,Railways,9,1,residential,59.5,4,70.8,1,340.8
168,Panna,Aviation,2,0,commercial,7.03,5,41.5,0,122.3
278,Thane,Highways,5,1,agricultural,20.3,2,84.8,1,271.3
282,Hooghly,Highways,0,0,agricultural,53.14,9,62.1,0,138.1
91,Raigad,Industrial,0,0,commercial,21.15,6,3.1,0,94.3
225,Surat,Energy,7,1,commercial,30.32,5,58.5,1,333.7
236,Sonnagar,Energy,2,0,commercial,8.09,5,14.8,1,120.2
61,Raigad,Aviation,0,0,residential,11.45,2,49.7,0,39.3
87,Thane,Railways,7,1,commercial,40.31,1,48.2,1,229.2
113,Hooghly,Railways,0,0,commercial,74.48,3,94.6,0,100.2
86,Raigad,Industrial,0,0,agricultural,44.14,11,40.9,0,112.4
24,Dankuni,Energy,3,0,commercial,32.11,1,7.7,0,89.8
27,Navsari,Water,4,1,commercial,45.14,5,15.3,1,234.3
80,Sonnagar,Railways,4,0,agricultural,50.36,2,34.6,0,155.7
206,Navsari,Industrial,8,1,residential,35.1,3,22.9,1,277.2
38,Navsari,Energy,0,0,commercial,14.63,2,93.0,0,58.5
27,Dankuni,Energy,3,1,commercial,26.97,1,36.0,1,165.4
266,Surat,Aviation,0,0,commercial,28.3,4,9.7,1,121.7
79,Raigad,Energy,1,0,agricultural,15.07,8,93.8,0,96.7
219,Sonnagar,Water,3,0,commercial,22.45,1,90.9,1,128.8
276,Ahmedabad,Industrial,0,0,commercial,50.07,4,45.4,0,138.2
200,Thane,Aviation,8,1,agricultural,78.01,2,77.0,1,346.2
135,Navsari,Railways,0,0,agricultural,17.15,1,30.6,0,88.4
71,Ahmedabad,Industrial,7,1,agricultural,63.36,7,80.4,1,273.3
103,Raigad,Energy,8,1,commercial,52.96,3,76.5,1,287.4
267,Palghar,Highways,1,0,residential,6.88,2,45.1,1,121.9
187,Surat,Energy,2,0,agricultural,40.29,14,48.8,1,177.8
229,Panna,Energy,4,0,residential,32.71,1,34.3,0,168.6
97,Thane,Railways,0,0,agricultural,16.09,12,27.9,0,91.7
220,Thane,Highways,10,1,residential,34.2,2,48.2,1,352.9
44,Panna,Water,2,1,agricultural,79.96,4,11.8,0,232.1
56,Gautam Buddha Nagar,Industrial,6,1,agricultural,3.08,1,21.5,1,220.8
269,Palghar,Railways,1,0,agricultural,37.6,11,53.6,1,174.2
196,Dankuni,Water,1,0,agricultural,60.22,1,69.1,0,145.3
283,Navsari,Aviation,0,0,commercial,1.25,1,9.2,0,100.5
76,Valsad,Industrial,4,1,agricultural,44.87,11,82.7,1,273.8
43,Hooghly,Railways,1,0,commercial,75.67,1,41.7,0,82.5
81,Gautam Buddha Nagar,Water,1,0,agricultural,70.39,10,60.9,0,142.1
263,Palghar,Industrial,0,0,agricultural,36.07,7,54.0,1,158.7
22,Raigad,Energy,2,0,residential,29.62,3,45.3,0,87.0
165,Raigad,Aviation,4,1,commercial,17.46,4,91.7,1,278.8
211,Ahmedabad,Industrial,2,0,agricultural,44.34,14,44.4,0,191.6
197,Ahmedabad,Water,3,1,residential,20.05,3,66.8,1,227.8
74,Palghar,Energy,3,0,agricultural,65.96,7,8.8,0,144.7
282,Surat,Energy,3,0,agricultural,12.94,14,21.7,1,190.9
85,Panna,Railways,3,0,residential,40.52,2,4.2,0,127.6
22,Ahmedabad,Industrial,0,0,agricultural,12.22,6,86.8,0,81.4
163,Sonnagar,Industrial,2,0,commercial,18.87,5,82.2,0,148.4
23,Palghar,Highways,3,0,commercial,22.45,4,41.1,0,93.3
77,Panna,Industrial,0,0,commercial,27.29,6,73.1,0,73.8
183,Palghar,Water,0,0,commercial,47.59,5,48.3,1,122.2
38,Raigad,Water,2,0,residential,37.22,2,70.3,0,93.2
204,Navsari,Water,0,0,residential,37.27,2,5.4,0,106.2
271,Hooghly,Railways,0,0,agricultural,64.54,13,62.7,0,164.0
46,Surat,Water,9,1,residential,25.78,2,51.3,1,239.6
272,Navsari,Highways,2,0,commercial,53.9,4,6.6,0,157.4
221,Ahmedabad,Aviation,3,0,residential,15.28,3,94.7,0,152.9
208,Raigad,Highways,0,0,commercial,75.67,6,21.2,0,157.9
85,Ahmedabad,Water,0,0,commercial,71.5,4,69.1,0,72.7
30,Ahmedabad,Aviation,1,0,residential,74.92,4,57.0,0,102.6
147,Valsad,Energy,2,1,agricultural,55.14,14,58.2,1,281.3
182,Ahmedabad,Aviation,0,0,agricultural,76.15,13,2.8,0,176.0
44,Valsad,Water,1,0,commercial,70.61,4,68.1,0,107.0
29,Palghar,Industrial,10,1,residential,21.14,2,46.3,1,259.7
120,Raigad,Water,4,1,residential,14.45,2,46.8,1,235.2
265,Hooghly,Energy,0,0,residential,39.6,4,17.3,0,115.7
162,Panna,Energy,10,1,agricultural,32.63,9,23.6,1,375.3
121,Ahmedabad,Industrial,2,0,agricultural,15.38,3,71.5,1,105.2
151,Panna,Highways,8,1,agricultural,21.86,14,9.2,1,333.4
24,Palghar,Water,2,0,commercial,6.89,2,43.4,0,38.7
164,Dankuni,Highways,0,0,agricultural,33.35,8,19.1,0,103.6
96,Surat,Highways,2,0,commercial,34.94,2,87.2,0,105.4
218,Gautam Buddha Nagar,Highways,0,0,residential,5.34,3,59.3,0,62.7
127,Valsad,Highways,0,0,residential,37.23,2,94.2,0,84.6
75,Palghar,Railways,0,0,residential,52.35,3,92.7,0,72.8
229,Raigad,Water,1,0,residential,66.01,4,82.3,0,137.7
150,Surat,Industrial,1,0,commercial,30.2,4,69.2,0,107.8
268,Navsari,Highways,2,0,commercial,67.8,1,17.8,0,150.1
38,Palghar,Industrial,3,1,agricultural,72.38,13,78.8,1,291.4
147,Gautam Buddha Nagar,Highways,3,0,commercial,46.99,2,85.6,0,147.1
100,Surat,Railways,3,1,agricultural,3.74,13,36.8,1,234.8
130,Thane,Highways,0,0,residential,63.8,1,23.0,0,103.5
121,Panna,Industrial,2,0,commercial,20.03,2,29.4,0,145.6
18,Gautam Buddha Nagar,Water,0,0,agricultural,45.36,12,52.1,0,87.4
97,Navsari,Energy,0,0,agricultural,62.52,13,57.7,0,158.6
43,Gautam Buddha Nagar,Industrial,5,1,agricultural,77.37,7,20.4,1,268.0
48,Valsad,Energy,0,0,agricultural,47.83,14,26.9,0,116.8
65,Hooghly,Energy,0,0,residential,35.98,2,11.3,0,88.4
257,Raigad,Water,1,0,commercial,40.94,4,25.4,1,163.2
232,Sonnagar,Highways,5,1,residential,2.6,2,63.4,1,239.3
46,Valsad,Railways,3,1,commercial,5.49,6,23.4,1,212.9
86,Palghar,Energy,3,1,agricultural,24.31,11,80.2,1,243.6
86,Gautam Buddha Nagar,Water,4,1,residential,30.26,3,82.0,1,238.7
145,Panna,Railways,1,0,residential,56.18,1,56.9,0,59.9
267,Navsari,Industrial,9,1,commercial,50.91,5,20.4,1,365.3
300,Raigad,Industrial,0,0,residential,69.87,1,17.4,0,141.0
44,Navsari,Water,0,0,commercial,40.52,3,70.4,0,61.3
238,Panna,Railways,1,0,commercial,32.66,2,3.7,0,123.7
101,Raigad,Aviation,3,0,residential,69.05,3,70.6,0,149.9
103,Raigad,Industrial,7,1,agricultural,1.19,2,51.6,1,282.9
168,Dankuni,Water,1,0,agricultural,15.5,13,25.4,0,141.3
155,Raigad,Railways,4,1,agricultural,47.72,13,3.3,1,273.5
35,Raigad,Aviation,8,1,commercial,0.52,3,79.0,1,263.2
49,Ahmedabad,Railways,0,0,agricultural,3.63,12,23.5,0,99.0
140,Palghar,Industrial,0,0,agricultural,49.73,3,16.9,0,88.6
17,Gautam Buddha Nagar,Railways,0,0,commercial,2.19,5,15.4,0,53.1
71,Ahmedabad,Energy,2,0,commercial,66.56,1,46.1,0,111.6
284,Navsari,Railways,0,0,residential,1.67,3,23.2,0,124.9
90,Palghar,Water,1,0,commercial,16.84,2,75.1,0,98.3
62,Gautam Buddha Nagar,Energy,0,0,commercial,75.13,6,11.2,0,127.9
115,Navsari,Highways,1,0,residential,52.85,4,50.7,0,111.6
121,Thane,Water,1,0,residential,14.81,1,78.1,0,62.3
66,Hooghly,Energy,0,0,commercial,79.84,4,59.6,0,88.1
101,Sonnagar,Railways,0,0,agricultural,24.96,13,26.9,0,99.9
186,Navsari,Energy,1,0,commercial,31.4,3,43.7,0,111.9
204,Valsad,Energy,0,0,residential,61.0,4,54.0,1,126.5
237,Raigad,Railways,0,0,residential,52.4,1,57.4,0,150.0
152,Dankuni,Energy,8,1,commercial,58.23,2,31.9,1,302.6
259,Thane,Industrial,0,0,agricultural,34.47,5,47.5,0,111.2
248,Palghar,Energy,3,0,agricultural,21.32,4,44.5,0,170.1
194,Panna,Water,0,0,residential,33.42,4,14.2,1,84.8
203,Ahmedabad,Industrial,3,0,agricultural,7.43,6,77.9,1,126.3
258,Thane,Railways,0,0,commercial,67.53,1,74.3,0,129.9
212,Hooghly,Aviation,5,1,residential,29.39,4,5.1,1,271.1
232,Surat,Water,0,0,commercial,2.65,4,61.9,0,99.8
76,Ahmedabad,Water,0,0,residential,58.92,4,40.2,0,55.7
23,Dankuni,Energy,1,0,agricultural,51.94,7,32.6,0,95.8
256,Gautam Buddha Nagar,Highways,1,0,commercial,16.75,6,77.6,0,110.6
27,Panna,Water,0,0,commercial,79.54,3,80.9,0,57.8
75,Gautam Buddha Nagar,Railways,0,0,agricultural,52.01,9,41.3,0,94.2
241,Ahmedabad,Aviation,8,1,residential,16.87,1,72.9,1,312.7
113,Dankuni,Highways,1,0,commercial,14.6,5,80.1,1,125.0
76,Panna,Railways,0,0,commercial,26.17,2,73.9,0,74.3
231,Sonnagar,Highways,0,0,residential,21.36,4,56.6,0,120.5
135,Sonnagar,Industrial,0,0,residential,61.8,3,30.1,0,97.4
198,Thane,Highways,1,0,commercial,33.77,1,94.4,0,107.7
112,Valsad,Industrial,6,1,commercial,79.7,5,17.1,1,289.3
140,Panna,Aviation,1,0,commercial,62.73,6,65.1,0,106.0
256,Panna,Highways,3,0,commercial,31.22,4,90.7,1,178.1
285,Palghar,Energy,2,0,residential,72.28,1,11.6,0,152.5
87,Gautam Buddha Nagar,Aviation,1,0,residential,7.91,1,20.6,0,75.2
94,Hooghly,Highways,0,0,residential,35.98,1,20.9,0,69.5
247,Panna,Aviation,4,1,agricultural,42.53,10,90.0,1,293.6
182,Navsari,Energy,0,0,residential,68.13,4,15.7,0,115.6
254,Valsad,Industrial,0,0,agricultural,33.81,1,41.3,0,105.7
102,Gautam Buddha Nagar,Water,0,0,agricultural,11.03,9,5.1,0,93.9
44,Gautam Buddha Nagar,Highways,2,0,commercial,79.54,4,20.1,0,108.6
210,Navsari,Railways,0,0,commercial,20.62,5,65.3,1,80.9
166,Palghar,Railways,3,0,agricultural,11.84,3,63.2,0,144.9
94,Thane,Industrial,1,0,agricultural,20.27,3,53.3,0,106.7
207,Sonnagar,Highways,0,0,agricultural,10.98,13,29.3,0,138.4
195,Sonnagar,Energy,1,0,agricultural,34.28,9,72.1,0,107.5
23,Valsad,Energy,3,0,residential,66.25,3,80.2,0,104.3
246,Palghar,Energy,0,0,residential,29.87,4,40.2,1,117.2
210,Surat,Water,1,0,agricultural,62.15,9,39.9,1,149.0
263,Gautam Buddha Nagar,Energy,3,0,residential,53.49,2,14.5,1,173.5
109,Gautam Buddha Nagar,Industrial,8,1,commercial,45.31,2,3.0,1,291.9
223,Hooghly,Industrial,7,1,residential,30.47,2,56.7,1,267.2
125,Sonnagar,Industrial,1,0,agricultural,38.46,7,53.7,0,120.9
237,Gautam Buddha Nagar,Railways,3,1,commercial,20.14,5,18.1,1,255.5
63,Navsari,Industrial,1,0,agricultural,59.81,13,57.8,0,137.9
49,Thane,Highways,0,0,agricultural,78.32,12,45.4,0,136.0
171,Sonnagar,Aviation,1,0,agricultural,68.31,14,28.4,0,161.4
119,Navsari,Highways,1,0,agricultural,26.05,11,80.5,0,124.5
182,Gautam Buddha Nagar,Industrial,0,0,commercial,13.2,6,89.4,1,131.4
92,Valsad,Industrial,4,1,residential,19.07,2,4.9,1,202.2
148,Ahmedabad,Industrial,1,0,agricultural,10.45,10,89.4,0,101.2
220,Thane,Aviation,3,0,commercial,7.27,6,35.9,1,152.9
66,Gautam Buddha Nagar,Water,0,0,commercial,26.99,4,16.2,0,31.5
173,Dankuni,Energy,6,1,agricultural,39.51,2,68.1,1,320.4
176,Dankuni,Railways,0,0,commercial,4.62,4,48.1,0,84.4
229,Valsad,Highways,4,1,agricultural,77.3,3,66.6,1,260.9
51,Gautam Buddha Nagar,Industrial,1,0,residential,15.87,4,5.7,0,89.0
244,Navsari,Energy,1,0,commercial,62.49,4,42.1,0,160.7
176,Ahmedabad,Railways,3,0,agricultural,70.85,12,79.8,1,193.0
32,Gautam Buddha Nagar,Highways,1,0,commercial,68.34,3,10.4,0,47.7
192,Raigad,Industrial,7,1,residential,30.99,3,5.4,1,273.7
191,Valsad,Industrial,2,0,agricultural,58.45,13,10.9,1,164.6
215,Navsari,Aviation,0,0,residential,53.48,4,6.4,0,120.2
140,Thane,Energy,2,0,agricultural,57.49,6,85.0,0,148.7
294,Thane,Railways,3,1,residential,64.44,1,65.3,1,269.3
35,Raigad,Aviation,7,1,residential,73.27,4,65.7,1,323.4
242,Sonnagar,Highways,0,0,residential,31.64,2,58.6,0,150.9
238,Ahmedabad,Energy,0,0,residential,16.7,2,33.9,0,109.1
168,Surat,Industrial,2,1,commercial,40.5,5,85.7,1,205.3
300,Hooghly,Highways,4,0,residential,47.93,1,93.1,0,163.9
159,Gautam Buddha Nagar,Highways,0,0,residential,16.38,2,77.4,0,88.9
188,Panna,Energy,0,0,residential,64.13,2,19.3,0,126.1
247,Ahmedabad,Highways,1,0,commercial,13.14,1,31.2,0,103.5
154,Thane,Water,0,0,commercial,38.68,6,91.1,1,112.7
115,Dankuni,Railways,3,1,residential,23.5,1,78.5,1,204.9
263,Gautam Buddha Nagar,Energy,4,0,commercial,11.02,4,18.7,0,201.1
133,Ahmedabad,Highways,0,0,commercial,31.06,6,51.7,0,98.5
125,Panna,Water,1,0,agricultural,4.35,14,6.8,0,145.0
204,Surat,Water,10,1,agricultural,71.02,2,62.2,1,361.2
76,Gautam Buddha Nagar,Industrial,5,1,residential,47.14,1,93.9,1,252.0
201,Dankuni,Highways,6,1,agricultural,27.45,12,20.6,1,304.6
202,Gautam Buddha Nagar,Water,3,1,residential,46.17,2,92.1,1,258.5
83,Panna,Water,1,0,agricultural,73.42,8,88.9,0,111.3
85,Navsari,Aviation,6,1,residential,59.9,3,66.5,1,261.9
23,Palghar,Highways,0,0,residential,44.07,4,34.4,0,77.4
222,Navsari,Energy,4,1,commercial,47.97,6,36.5,1,301.1
223,Thane,Energy,0,0,residential,65.02,1,77.4,0,102.2
20,Ahmedabad,Highways,3,0,commercial,12.76,4,85.9,0,104.4
273,Valsad,Highways,0,0,commercial,76.41,6,2.4,0,159.6
269,Dankuni,Highways,0,0,commercial,4.79,5,42.9,0,120.2
122,Navsari,Energy,7,1,agricultural,24.95,10,26.7,1,253.6
124,Sonnagar,Aviation,7,1,commercial,55.7,4,56.3,1,309.4
283,Gautam Buddha Nagar,Aviation,1,0,agricultural,35.06,12,89.1,1,156.8
213,Surat,Water,1,0,commercial,15.99,3,68.4,0,116.0
295,Panna,Water,0,0,commercial,37.76,2,92.3,1,124.8
292,Hooghly,Aviation,2,1,agricultural,64.55,2,54.4,1,290.8
126,Ahmedabad,Water,4,1,agricultural,55.37,10,67.0,1,303.2
163,Surat,Industrial,4,1,commercial,69.55,2,32.0,1,230.6
110,Hooghly,Water,9,1,residential,38.14,2,59.8,1,285.4
87,Panna,Energy,5,1,residential,55.04,1,55.5,1,302.9
111,Palghar,Water,4,1,residential,41.54,3,14.9,1,237.8
283,Palghar,Industrial,2,1,residential,64.08,4,32.8,1,281.2
79,Navsari,Aviation,0,0,commercial,74.12,3,42.6,0,66.6
78,Surat,Industrial,8,1,agricultural,63.19,4,21.9,1,320.4
92,Ahmedabad,Aviation,1,0,residential,37.66,2,20.9,0,107.2
218,Panna,Aviation,0,0,agricultural,38.51,13,43.2,0,161.8
186,Surat,Water,0,0,agricultural,40.52,5,14.6,0,138.4
167,Thane,Aviation,0,0,commercial,39.94,1,64.8,0,76.2
234,Valsad,Industrial,0,0,agricultural,45.75,1,80.3,0,114.8
222,Thane,Railways,10,1,residential,53.16,3,61.0,1,305.7
51,Navsari,Water,0,0,residential,25.55,4,62.0,0,88.1
263,Surat,Industrial,2,0,residential,56.79,1,26.0,0,141.0
176,Thane,Industrial,0,0,residential,22.93,2,15.3,0,108.4
82,Navsari,Railways,4,0,agricultural,20.95,7,11.4,1,160.4
53,Gautam Buddha Nagar,Aviation,3,0,residential,26.7,3,54.3,0,121.0
108,Thane,Aviation,0,0,agricultural,56.07,3,14.8,0,112.5
269,Panna,Aviation,2,0,commercial,74.37,2,33.7,0,134.9
277,Sonnagar,Water,1,0,agricultural,72.76,3,21.1,0,150.2
294,Hooghly,Highways,0,0,commercial,31.34,1,37.8,1,133.1
204,Sonnagar,Aviation,1,0,commercial,78.37,5,51.9,1,134.4
278,Thane,Aviation,0,0,commercial,21.91,4,19.9,0,110.2
93,Thane,Industrial,3,1,commercial,4.53,5,7.5,1,205.8
18,Ahmedabad,Water,7,1,agricultural,28.83,6,70.1,1,244.2
282,Navsari,Energy,0,0,commercial,60.25,3,84.6,0,179.5
235,Raigad,Energy,2,1,commercial,4.66,5,43.5,1,237.8
44,Panna,Railways,0,0,commercial,28.56,3,11.9,0,75.3
277,Navsari,Energy,1,0,agricultural,24.04,3,76.6,0,123.9
23,Ahmedabad,Industrial,0,0,commercial,25.8,4,82.7,0,40.5
38,Surat,Water,0,0,agricultural,74.96,3,87.2,0,78.5
185,Raigad,Highways,1,0,residential,59.0,2,4.8,0,98.8
152,Sonnagar,Highways,0,0,agricultural,61.73,11,8.2,0,116.0
154,Gautam Buddha Nagar,Water,0,0,agricultural,21.86,4,35.7,0,77.3
252,Navsari,Energy,8,1,agricultural,60.27,8,29.8,1,348.0
129,Gautam Buddha Nagar,Energy,1,0,commercial,71.12,5,79.0,0,117.7
101,Dankuni,Water,0,0,agricultural,12.2,14,77.2,0,112.7
86,Palghar,Energy,0,0,residential,67.4,1,45.6,0,73.3
240,Surat,Highways,1,0,residential,42.84,4,35.7,0,169.0
277,Dankuni,Energy,2,0,agricultural,79.48,11,50.6,1,200.8
178,Panna,Aviation,1,0,agricultural,32.02,9,77.0,0,156.9
127,Raigad,Railways,8,1,residential,2.97,3,69.2,1,297.0
230,Navsari,Railways,0,0,commercial,41.55,1,81.0,0,117.3
124,Ahmedabad,Water,1,0,agricultural,54.67,6,10.6,0,81.1
271,Palghar,Water,4,1,residential,70.97,3,78.4,1,287.4
230,Panna,Industrial,0,0,agricultural,37.08,3,22.5,0,116.1
92,Panna,Industrial,0,0,agricultural,54.51,10,7.3,0,78.8
292,Ahmedabad,Energy,0,0,commercial,53.85,5,28.1,0,146.2
51,Valsad,Aviation,0,0,commercial,39.96,3,20.8,0,60.8
35,Panna,Industrial,2,0,residential,37.29,1,34.8,0,95.5
169,Thane,Industrial,4,0,residential,61.09,4,17.6,0,159.7
241,Navsari,Industrial,1,0,residential,68.97,1,65.7,0,142.5
70,Gautam Buddha Nagar,Water,2,1,residential,50.75,3,70.7,0,202.8
291,Palghar,Railways,0,0,residential,52.63,1,49.5,0,151.7
220,Dankuni,Water,2,0,agricultural,77.28,1,83.2,1,156.4
299,Surat,Water,10,1,agricultural,48.73,4,22.8,1,356.2
247,Ahmedabad,Aviation,0,0,commercial,25.64,4,47.6,0,122.1
112,Panna,Aviation,1,0,agricultural,1.55,8,43.1,0,71.0
180,Dankuni,Railways,1,0,agricultural,54.67,13,31.6,0,153.2
283,Raigad,Aviation,1,0,agricultural,70.24,4,50.0,0,143.7
275,Thane,Energy,0,0,commercial,6.57,1,30.7,0,105.5
131,Sonnagar,Highways,2,0,agricultural,68.14,4,39.3,0,133.5
53,Dankuni,Water,1,0,residential,35.31,4,59.5,0,77.8
169,Raigad,Railways,1,0,residential,28.89,3,26.5,0,105.8
231,Navsari,Highways,0,0,agricultural,24.2,1,8.2,0,110.4
270,Valsad,Water,0,0,agricultural,9.96,10,89.9,0,157.5
90,Raigad,Industrial,0,0,residential,40.97,2,68.1,0,101.5
170,Valsad,Industrial,4,0,commercial,18.53,2,29.9,0,186.6
192,Valsad,Highways,0,0,residential,20.17,4,76.1,0,103.1
211,Surat,Energy,2,0,commercial,31.41,6,13.4,0,122.9
57,Panna,Energy,1,0,residential,59.39,1,41.5,0,92.3
277,Raigad,Railways,0,0,agricultural,44.37,11,79.6,0,218.5
260,Surat,Energy,3,0,commercial,56.57,3,78.0,1,193.0
80,Hooghly,Energy,2,0,agricultural,10.47,7,28.8,0,98.5
232,Surat,Highways,1,0,agricultural,77.55,12,4.8,0,152.4
300,Sonnagar,Railways,0,0,agricultural,36.47,2,57.8,0,139.6
86,Ahmedabad,Highways,2,0,agricultural,73.26,5,18.2,0,126.9
127,Raigad,Railways,10,1,residential,3.65,2,69.4,1,296.2
23,Ahmedabad,Water,9,1,commercial,49.33,3,15.9,1,315.1
28,Palghar,Energy,0,0,commercial,62.26,3,7.8,0,89.4
86,Valsad,Water,0,0,commercial,4.68,5,37.7,0,71.5
197,Surat,Highways,1,0,residential,71.54,3,35.1,0,107.7
207,Hooghly,Aviation,0,0,commercial,7.87,5,6.2,0,137.2
106,Panna,Energy,0,0,agricultural,5.55,12,93.0,0,73.4
145,Navsari,Energy,0,0,residential,11.68,2,55.3,0,106.6
199,Surat,Highways,3,1,commercial,30.22,4,29.2,1,242.9
249,Palghar,Highways,1,0,commercial,66.0,2,7.9,0,139.0
161,Thane,Industrial,9,1,commercial,52.23,4,10.8,1,349.3
45,Valsad,Industrial,10,1,agricultural,38.69,4,10.0,1,308.0
132,Palghar,Highways,1,0,commercial,14.08,1,89.9,1,90.1
64,Palghar,Industrial,8,1,commercial,50.65,3,41.4,1,304.8
295,Thane,Water,0,0,residential,69.17,2,24.7,0,131.9
115,Navsari,Railways,2,1,residential,4.7,2,7.0,1,196.7
186,Valsad,Aviation,0,0,residential,26.45,2,17.6,0,86.0
224,Raigad,Highways,0,0,commercial,6.49,3,70.7,0,97.7
120,Ahmedabad,Water,1,0,agricultural,10.73,14,14.7,1,141.2
109,Surat,Industrial,0,0,agricultural,30.53,11,4.6,0,100.8
121,Thane,Highways,6,1,agricultural,17.12,10,11.4,1,295.1
74,Raigad,Industrial,0,0,commercial,58.77,3,33.2,0,61.6
170,Valsad,Railways,8,1,agricultural,24.22,13,29.7,1,344.9
277,Raigad,Energy,0,0,residential,14.32,1,69.9,0,100.0
257,Ahmedabad,Water,3,0,residential,19.78,3,18.5,0,160.0
105,Ahmedabad,Highways,4,0,commercial,32.64,3,54.3,0,148.2
141,Ahmedabad,Railways,1,0,commercial,49.76,4,40.7,1,126.7
222,Valsad,Railways,1,0,agricultural,13.16,8,74.3,1,120.9
177,Ahmedabad,Water,0,0,residential,45.11,4,13.8,0,83.4
142,Panna,Energy,5,1,residential,70.26,4,47.9,1,269.3
95,Valsad,Water,3,0,agricultural,55.98,7,90.4,0,123.0
123,Surat,Energy,0,0,commercial,44.11,5,71.7,0,119.5
290,Ahmedabad,Highways,9,1,commercial,47.42,2,59.3,1,316.1
64,Dankuni,Highways,0,0,commercial,75.73,1,11.4,0,66.7
60,Surat,Aviation,2,1,commercial,40.02,2,46.1,0,216.0
155,Raigad,Highways,0,0,agricultural,38.82,9,86.1,1,120.4
121,Ahmedabad,Aviation,3,1,commercial,78.33,4,74.9,1,243.3
180,Hooghly,Water,2,0,agricultural,60.02,14,60.9,0,196.1
112,Valsad,Water,1,0,agricultural,59.97,10,82.0,0,111.6
149,Thane,Railways,1,0,commercial,79.48,1,18.9,0,138.0
250,Sonnagar,Energy,8,1,residential,36.39,1,40.3,1,308.3
71,Valsad,Railways,8,1,residential,9.04,3,75.0,1,264.0
154,Sonnagar,Railways,0,0,residential,60.47,2,23.1,0,113.9
261,Hooghly,Aviation,0,0,commercial,55.01,5,75.9,0,167.7
60,Panna,Aviation,4,0,commercial,69.27,4,57.8,1,160.2
220,Panna,Highways,6,1,agricultural,46.48,12,56.9,1,301.7
97,Thane,Energy,0,0,residential,42.61,4,81.3,0,77.1
52,Panna,Highways,1,0,residential,20.09,2,13.3,0,63.1
169,Panna,Aviation,3,0,commercial,79.71,2,31.7,0,159.0
64,Hooghly,Industrial,3,0,residential,47.54,2,87.6,0,122.0
59,Hooghly,Highways,0,0,residential,70.21,1,56.2,0,108.8
252,Thane,Railways,0,0,commercial,77.67,5,53.7,0,129.3
250,Palghar,Railways,0,0,residential,11.37,4,88.9,1,129.9
276,Surat,Water,0,0,commercial,68.88,2,58.3,0,165.2
270,Palghar,Highways,4,0,residential,52.78,4,13.4,0,185.7
75,Surat,Aviation,3,0,agricultural,6.55,4,9.7,0,124.2
236,Ahmedabad,Industrial,0,0,residential,5.78,3,77.7,0,156.8
174,Raigad,Aviation,0,0,commercial,50.82,3,47.2,0,65.2
156,Hooghly,Industrial,3,0,residential,29.03,4,58.2,0,137.5
30,Gautam Buddha Nagar,Railways,1,0,agricultural,50.48,12,33.7,0,127.5
201,Ahmedabad,Railways,0,0,commercial,12.08,2,43.7,0,72.5
200,Ahmedabad,Water,0,0,agricultural,30.93,1,46.3,0,89.5
128,Dankuni,Energy,8,1,agricultural,40.98,7,82.1,1,340.5
17,Panna,Water,8,1,agricultural,33.03,10,7.5,1,336.1
289,Palghar,Water,9,1,agricultural,32.91,4,48.6,1,358.2
132,Dankuni,Railways,4,1,agricultural,14.89,9,16.4,1,259.7
113,Valsad,Railways,1,0,residential,47.84,1,2.1,0,111.8
74,Panna,Energy,3,1,commercial,56.51,2,34.3,1,230.6
241,Valsad,Railways,0,0,commercial,51.63,5,14.2,1,100.1
199,Ahmedabad,Energy,1,0,agricultural,3.75,13,45.2,1,151.1
27,Panna,Highways,0,0,agricultural,23.37,14,68.2,0,108.5
276,Gautam Buddha Nagar,Energy,0,0,agricultural,52.64,5,45.7,0,148.2
296,Sonnagar,Aviation,3,1,agricultural,51.5,11,53.7,1,306.6
27,Surat,Energy,0,0,commercial,44.89,1,64.1,0,77.5
242,Gautam Buddha Nagar,Aviation,5,1,residential,65.85,4,57.5,1,303.7
267,Panna,Energy,1,0,commercial,24.83,1,52.7,0,148.4
235,Sonnagar,Highways,0,0,commercial,24.19,2,50.3,0,87.3
39,Ahmedabad,Highways,0,0,residential,19.63,4,72.3,0,89.2
88,Palghar,Water,0,0,commercial,18.2,6,54.1,0,117.0
127,Thane,Railways,1,0,commercial,15.96,6,39.1,0,87.3
169,Ahmedabad,Energy,2,0,commercial,68.84,2,32.0,0,135.1
138,Navsari,Aviation,3,0,agricultural,14.34,5,49.6,0,118.4
172,Hooghly,Aviation,7,1,agricultural,27.69,14,39.0,1,341.1
29,Valsad,Water,2,0,commercial,45.27,4,3.4,0,116.4
128,Thane,Railways,1,0,agricultural,27.37,10,29.1,1,134.5
290,Palghar,Energy,0,0,residential,31.26,1,28.0,0,113.3
61,Ahmedabad,Water,0,0,agricultural,23.99,3,57.8,0,61.7
292,Palghar,Water,0,0,commercial,9.98,6,24.4,1,144.4
17,Gautam Buddha Nagar,Railways,4,0,commercial,65.64,1,92.3,0,133.0
169,Raigad,Industrial,3,0,agricultural,28.98,3,16.1,0,152.6
137,Thane,Highways,0,0,residential,49.71,4,58.2,0,101.4
109,Thane,Aviation,1,0,agricultural,34.71,7,15.6,0,96.0
267,Sonnagar,Aviation,7,1,commercial,28.63,5,30.7,1,296.3
15,Gautam Buddha Nagar,Railways,2,0,agricultural,58.29,4,14.7,0,146.9
253,Dankuni,Aviation,1,0,commercial,6.5,3,37.0,0,126.7
75,Surat,Water,3,0,agricultural,28.54,11,59.1,1,122.5
234,Dankuni,Water,2,0,commercial,27.53,3,18.4,0,147.0
28,Ahmedabad,Highways,0,0,agricultural,7.38,12,62.3,0,82.8
45,Dankuni,Highways,5,1,residential,6.01,1,38.3,1,197.8
259,Hooghly,Highways,0,0,commercial,20.06,2,20.5,0,111.7
85,Gautam Buddha Nagar,Railways,1,0,agricultural,57.78,11,49.7,0,148.2
92,Palghar,Highways,0,0,commercial,3.68,6,24.8,0,48.3
91,Surat,Industrial,2,0,residential,6.32,2,26.1,0,114.1
121,Panna,Water,9,1,commercial,60.52,5,68.4,1,335.9
226,Surat,Aviation,0,0,commercial,78.84,2,87.5,0,131.2
213,Navsari,Aviation,0,0,agricultural,34.52,5,19.1,0,125.4
88,Surat,Energy,4,0,agricultural,25.62,6,22.5,0,130.5
175,Valsad,Aviation,0,0,commercial,37.81,4,26.2,0,108.3
157,Ahmedabad,Railways,1,0,agricultural,56.8,14,13.2,0,179.6
81,Valsad,Highways,0,0,commercial,30.95,3,81.9,0,94.2
228,Ahmedabad,Railways,0,0,commercial,75.6,6,31.7,1,140.9
152,Surat,Energy,0,0,residential,46.25,3,42.6,0,80.0
115,Thane,Railways,1,0,agricultural,44.23,14,66.1,0,119.3
191,Sonnagar,Highways,2,0,commercial,37.36,2,36.7,0,118.4
27,Dankuni,Highways,10,1,commercial,11.15,3,44.1,1,242.2
242,Raigad,Railways,3,0,agricultural,55.63,10,67.0,1,199.3
242,Ahmedabad,Water,5,1,commercial,32.86,2,64.4,1,255.0
17,Panna,Water,4,1,agricultural,70.72,14,16.1,1,238.5
164,Sonnagar,Aviation,0,0,residential,31.32,3,73.9,0,85.2
210,Surat,Water,10,1,commercial,13.73,6,52.2,1,355.2
120,Dankuni,Highways,3,0,residential,51.39,3,58.4,0,154.8
204,Gautam Buddha Nagar,Railways,0,0,agricultural,57.36,1,12.6,0,120.4
125,Valsad,Highways,2,0,residential,77.55,1,9.2,0,116.9
286,Palghar,Water,3,0,commercial,51.56,5,83.6,1,206.1
33,Panna,Industrial,1,0,residential,5.37,1,27.3,0,66.1
124,Panna,Energy,0,0,agricultural,50.93,2,27.5,0,72.1
273,Hooghly,Energy,2,1,commercial,50.14,1,11.6,1,279.6
71,Ahmedabad,Energy,2,0,commercial,44.14,1,10.5,0,96.7
222,Hooghly,Aviation,1,0,agricultural,44.92,12,21.0,0,142.1
214,Palghar,Energy,2,0,residential,78.23,1,9.9,0,133.7
281,Ahmedabad,Water,5,1,commercial,13.21,1,46.3,1,283.1
121,Thane,Energy,0,0,residential,51.67,1,56.7,0,93.5
141,Raigad,Industrial,0,0,commercial,20.17,6,57.2,0,83.6
87,Raigad,Water,9,1,commercial,27.14,1,8.2,1,313.0
263,Ahmedabad,Water,0,0,residential,65.28,2,2.6,0,112.9
260,Raigad,Water,0,0,agricultural,45.03,11,22.6,0,175.0
99,Sonnagar,Aviation,3,0,agricultural,29.96,5,41.7,0,128.9
18,Panna,Water,1,0,agricultural,38.02,12,80.3,0,83.2
100,Surat,Industrial,2,0,residential,37.8,1,13.2,0,88.7
261,Valsad,Railways,3,0,residential,16.27,1,2.8,1,144.7
157,Thane,Railways,6,1,residential,54.17,4,22.1,1,281.6
243,Sonnagar,Aviation,0,0,commercial,49.71,6,86.0,1,120.8
70,Gautam Buddha Nagar,Aviation,2,0,commercial,35.04,4,39.4,0,109.7
208,Gautam Buddha Nagar,Industrial,0,0,residential,23.36,3,3.5,0,90.5
209,Raigad,Energy,0,0,agricultural,62.54,10,20.6,0,133.4
147,Palghar,Industrial,2,1,agricultural,36.96,6,66.5,1,238.4
267,Thane,Highways,1,0,commercial,7.07,3,5.5,0,119.9
229,Ahmedabad,Aviation,10,1,agricultural,3.1,7,34.4,1,337.6
248,Navsari,Water,3,0,commercial,16.66,3,28.9,1,154.1
110,Hooghly,Highways,8,1,residential,38.02,1,78.1,0,313.9
213,Sonnagar,Industrial,1,0,commercial,19.59,2,4.1,0,154.6
223,Hooghly,Aviation,0,0,agricultural,41.72,5,38.5,0,150.8
270,Gautam Buddha Nagar,Railways,0,0,residential,3.63,1,66.1,0,76.2
40,Thane,Industrial,8,1,commercial,63.3,3,10.0,1,286.4
268,Navsari,Railways,0,0,agricultural,52.31,12,7.3,0,137.1
126,Surat,Energy,2,0,commercial,66.69,2,77.5,0,128.5
41,Sonnagar,Highways,1,0,residential,19.17,4,50.5,0,44.5
103,Navsari,Industrial,4,0,agricultural,18.84,12,90.5,1,174.2
40,Gautam Buddha Nagar,Railways,0,0,residential,73.92,2,60.9,0,80.4
288,Ahmedabad,Water,0,0,agricultural,63.22,2,15.1,0,153.7
170,Panna,Highways,3,0,commercial,78.52,4,80.8,1,134.3
33,Surat,Highways,1,0,agricultural,75.78,11,74.5,0,157.9
244,Ahmedabad,Water,0,0,agricultural,11.59,9,56.4,1,138.1
134,Dankuni,Water,0,0,residential,69.15,1,72.4,0,114.7
65,Ahmedabad,Water,1,0,residential,69.64,2,63.2,0,84.1
293,Ahmedabad,Railways,1,0,commercial,28.92,1,69.8,0,152.2
220,Dankuni,Railways,4,1,commercial,15.13,4,42.5,1,260.5
114,Thane,Industrial,0,0,residential,75.99,3,17.7,0,91.4
15,Dankuni,Aviation,1,0,residential,19.73,3,54.6,0,77.0
253,Gautam Buddha Nagar,Water,7,1,commercial,77.98,4,37.4,1,337.8
287,Panna,Energy,2,1,residential,73.98,3,13.6,0,289.6
297,Ahmedabad,Energy,1,0,commercial,76.3,2,56.9,1,151.5
288,Ahmedabad,Energy,0,0,agricultural,9.57,5,50.9,1,132.3
109,Valsad,Highways,4,1,agricultural,42.07,8,54.2,1,249.4
134,Hooghly,Highways,2,0,residential,47.38,1,13.5,0,105.8
274,Dankuni,Highways,1,0,agricultural,39.73,3,55.2,0,136.4
91,Dankuni,Industrial,0,0,commercial,68.15,4,58.2,0,71.0
36,Thane,Water,9,1,agricultural,51.3,1,89.5,1,251.8
231,Ahmedabad,Aviation,9,1,residential,29.4,4,89.9,1,316.7
268,Thane,Aviation,1,0,commercial,64.64,3,30.4,1,133.1
268,Valsad,Water,8,1,residential,43.65,4,75.4,1,346.1
184,Valsad,Railways,0,0,commercial,52.6,5,92.7,0,98.5
152,Panna,Railways,2,0,residential,45.14,2,63.5,0,111.4
228,Ahmedabad,Aviation,0,0,agricultural,78.3,14,29.9,0,176.9
201,Dankuni,Water,0,0,commercial,40.88,5,29.0,1,145.5
126,Ahmedabad,Industrial,1,0,residential,24.41,4,94.7,0,66.6
171,Thane,Energy,0,0,agricultural,79.56,1,57.4,0,104.4
41,Raigad,Aviation,0,0,agricultural,73.46,13,58.1,0,120.3
265,Hooghly,Water,2,0,agricultural,47.43,5,61.0,1,150.2
29,Dankuni,Highways,4,1,agricultural,27.14,6,12.2,1,229.4
168,Sonnagar,Aviation,0,0,agricultural,15.21,9,10.8,0,122.1
150,Palghar,Railways,1,0,commercial,54.92,2,71.8,0,88.1
66,Valsad,Railways,5,1,agricultural,52.72,10,4.7,1,272.2
150,Valsad,Railways,8,1,commercial,67.32,4,86.3,1,298.9
201,Sonnagar,Highways,1,0,residential,44.54,3,34.4,0,129.7
56,Dankuni,Water,0,0,agricultural,6.73,11,85.9,0,117.1
247,Valsad,Aviation,3,0,agricultural,33.72,8,19.3,1,162.8
143,Surat,Railways,4,0,commercial,11.66,1,64.1,1,118.7
100,Ahmedabad,Aviation,0,0,residential,8.57,4,4.7,0,81.5
96,Dankuni,Water,2,1,commercial,34.2,2,9.8,1,197.1
187,Surat,Industrial,0,0,residential,39.78,1,30.9,0,99.4
88,Gautam Buddha Nagar,Industrial,0,0,residential,54.34,4,43.0,0,80.3
132,Raigad,Railways,1,0,commercial,44.71,1,30.7,0,134.4
92,Dankuni,Energy,7,1,residential,48.82,2,39.3,1,300.1
136,Raigad,Industrial,6,1,agricultural,11.03,6,73.3,1,278.7
71,Gautam Buddha Nagar,Industrial,0,0,agricultural,2.43,5,60.5,0,73.3
168,Sonnagar,Railways,7,1,residential,18.39,1,84.5,1,244.3
262,Dankuni,Industrial,3,1,commercial,26.0,4,15.7,1,243.7
214,Hooghly,Industrial,4,0,agricultural,64.81,8,21.9,1,204.9
57,Ahmedabad,Railways,2,0,residential,39.39,2,16.6,0,89.5
241,Gautam Buddha Nagar,Highways,9,1,commercial,35.09,4,12.6,1,337.9
264,Panna,Aviation,6,1,commercial,28.03,5,70.9,1,300.5
155,Surat,Highways,0,0,commercial,79.06,1,14.2,0,80.3
268,Panna,Railways,0,0,residential,17.44,3,61.3,0,107.0
246,Valsad,Industrial,0,0,commercial,52.06,1,27.3,0,98.3
250,Surat,Energy,0,0,commercial,5.97,6,69.3,0,134.8
53,Panna,Highways,2,0,agricultural,53.37,8,18.0,0,131.6
158,Palghar,Railways,0,0,agricultural,25.19,3,2.3,0,116.3
103,Raigad,Energy,10,1,agricultural,59.35,11,70.0,1,329.8
225,Panna,Highways,2,1,residential,19.39,1,62.3,1,179.2
21,Sonnagar,Water,1,0,residential,56.66,4,41.8,0,91.8
146,Valsad,Railways,0,0,agricultural,4.5,8,86.9,0,101.5
29,Navsari,Industrial,1,0,commercial,67.12,3,11.7,0,91.6
56,Valsad,Highways,2,0,agricultural,24.66,5,88.9,0,111.1
188,Gautam Buddha Nagar,Water,0,0,commercial,15.29,4,48.4,0,116.6
271,Dankuni,Highways,2,0,residential,67.79,2,56.4,0,167.5
293,Ahmedabad,Water,2,1,commercial,30.09,4,21.3,1,276.4
161,Panna,Water,0,0,residential,58.49,2,65.9,0,87.3
50,Navsari,Aviation,2,0,commercial,70.92,2,48.0,0,120.0
51,Navsari,Aviation,0,0,agricultural,8.19,5,18.2,0,48.2
72,Navsari,Industrial,4,0,agricultural,59.1,4,84.5,0,156.0
208,Navsari,Water,1,0,commercial,47.66,4,88.2,1,152.3
157,Surat,Highways,1,0,agricultural,48.47,11,23.2,0,114.8
107,Palghar,Energy,0,0,residential,76.42,1,63.5,0,127.4
129,Ahmedabad,Energy,0,0,residential,21.51,4,71.1,0,63.1
102,Palghar,Industrial,4,1,commercial,22.82,1,50.2,1,229.0
220,Hooghly,Aviation,2,0,residential,38.7,4,50.9,0,110.5
259,Panna,Aviation,1,0,commercial,36.18,5,7.3,1,172.5
71,Palghar,Water,8,1,agricultural,63.35,7,35.1,1,280.8
19,Panna,Aviation,1,0,agricultural,50.73,11,81.4,0,96.9
117,Surat,Highways,0,0,commercial,37.15,3,79.5,0,88.2
171,Ahmedabad,Highways,0,0,commercial,73.15,5,8.6,0,102.5
42,Panna,Aviation,4,0,residential,13.75,1,12.6,0,141.8
267,Hooghly,Highways,2,0,commercial,55.8,1,38.2,0,126.5
54,Ahmedabad,Highways,3,0,agricultural,26.69,10,5.4,0,121.5
258,Gautam Buddha Nagar,Highways,1,0,agricultural,60.1,6,50.0,0,165.7
295,Sonnagar,Water,0,0,agricultural,38.81,5,94.9,0,161.7
69,Raigad,Energy,0,0,commercial,66.77,6,70.8,0,128.3
145,Palghar,Aviation,3,0,residential,71.89,1,78.2,1,142.0
292,Ahmedabad,Highways,1,0,agricultural,21.26,5,11.1,0,173.9
63,Navsari,Energy,0,0,agricultural,4.69,4,2.8,0,41.5
187,Ahmedabad,Industrial,1,0,residential,52.22,4,66.7,0,161.6
84,Gautam Buddha Nagar,Industrial,3,0,commercial,3.05,6,58.8,0,97.3
111,Hooghly,Water,3,0,residential,74.1,4,39.2,1,160.9
113,Surat,Industrial,1,0,commercial,38.52,2,13.3,0,72.2
171,Thane,Aviation,4,1,agricultural,51.88,12,81.1,1,320.8
46,Panna,Aviation,3,0,agricultural,15.19,4,42.4,0,109.4
173,Panna,Highways,0,0,residential,60.98,3,16.4,0,107.7
203,Sonnagar,Energy,6,1,agricultural,35.42,6,67.2,1,294.5
48,Sonnagar,Industrial,0,0,commercial,22.28,5,76.7,0,83.5
291,Valsad,Railways,0,0,residential,15.81,1,31.8,0,104.1
43,Valsad,Highways,2,0,residential,31.15,1,64.1,0,80.5
211,Dankuni,Railways,0,0,commercial,60.07,5,94.1,1,134.2
210,Surat,Water,1,0,commercial,79.92,5,18.1,1,161.4
62,Surat,Industrial,0,0,commercial,5.7,5,74.8,0,90.5
79,Gautam Buddha Nagar,Railways,1,0,commercial,12.33,1,37.2,0,54.1
112,Surat,Energy,6,1,commercial,54.13,5,58.2,1,275.1
284,Hooghly,Energy,3,0,agricultural,20.72,1,49.2,0,141.0
142,Navsari,Railways,0,0,commercial,75.53,2,53.6,0,119.1
192,Surat,Energy,10,1,agricultural,50.87,9,77.0,1,358.1
142,Hooghly,Aviation,2,0,agricultural,48.6,7,28.4,0,163.1
37,Hooghly,Water,3,1,commercial,64.3,5,20.7,1,234.1
84,Gautam Buddha Nagar,Energy,3,0,commercial,17.38,3,93.7,0,88.8
279,Ahmedabad,Aviation,0,0,commercial,47.33,5,55.9,0,141.1
26,Palghar,Water,3,0,residential,34.94,1,9.9,0,118.3
125,Palghar,Highways,0,0,agricultural,76.14,12,88.7,0,138.9
236,Hooghly,Energy,0,0,commercial,27.43,5,69.7,0,119.2
164,Palghar,Water,4,1,commercial,16.75,6,21.3,1,251.4
279,Dankuni,Water,3,0,residential,79.38,3,32.2,1,173.0
132,Ahmedabad,Water,0,0,residential,11.29,3,85.8,0,59.6
100,Hooghly,Aviation,2,0,residential,10.39,1,80.5,0,136.8
180,Dankuni,Railways,4,0,residential,34.51,2,72.3,1,145.0
142,Palghar,Aviation,0,0,commercial,19.94,6,39.9,0,92.3
277,Ahmedabad,Railways,0,0,commercial,67.27,1,73.6,0,121.6
185,Panna,Industrial,5,1,commercial,0.62,3,61.8,1,256.6
194,Sonnagar,Water,2,0,commercial,4.38,2,38.0,0,120.2
125,Surat,Aviation,6,1,commercial,17.3,5,26.0,1,266.3
140,Sonnagar,Aviation,10,1,residential,6.22,2,20.2,1,324.2
39,Palghar,Water,0,0,residential,10.36,4,30.0,0,43.0
226,Ahmedabad,Railways,0,0,residential,75.48,4,52.1,0,110.4
268,Panna,Industrial,9,1,commercial,77.31,3,59.0,1,332.5
186,Navsari,Industrial,7,1,residential,67.95,4,71.7,1,275.8
214,Thane,Railways,1,0,commercial,22.87,3,83.1,1,123.2
56,Ahmedabad,Water,0,0,commercial,16.38,1,9.1,0,23.4
44,Dankuni,Railways,1,0,agricultural,4.2,14,27.8,0,110.5
274,Ahmedabad,Energy,6,1,residential,57.93,3,24.7,1,310.8
202,Dankuni,Aviation,4,1,commercial,73.15,6,14.1,1,316.0
21,Dankuni,Aviation,0,0,residential,37.58,1,8.5,0,20.9
230,Gautam Buddha Nagar,Aviation,10,1,commercial,45.63,6,39.1,1,363.5
177,Panna,Highways,2,0,residential,36.1,3,39.4,0,142.7
62,Hooghly,Water,2,0,commercial,32.96,4,64.2,0,122.3
211,Gautam Buddha Nagar,Water,0,0,commercial,49.32,6,36.7,1,137.1
23,Gautam Buddha Nagar,Industrial,1,0,commercial,22.46,2,67.2,0,65.3
110,Raigad,Industrial,3,0,residential,68.5,3,27.9,0,142.0
94,Panna,Water,2,1,agricultural,28.69,4,83.4,1,209.5
245,Navsari,Water,0,0,commercial,47.47,1,25.6,0,92.7
168,Raigad,Energy,2,0,commercial,0.71,3,58.3,0,116.0
130,Sonnagar,Aviation,1,0,agricultural,18.44,6,94.3,0,98.9
173,Sonnagar,Water,3,0,commercial,38.59,1,21.0,1,129.5
111,Palghar,Industrial,7,1,residential,41.37,2,26.9,1,268.9
193,Valsad,Industrial,10,1,agricultural,62.18,6,61.3,1,334.6
44,Gautam Buddha Nagar,Energy,1,0,commercial,56.62,6,75.8,0,104.7
199,Panna,Water,2,0,commercial,77.85,1,37.0,0,165.1
64,Surat,Industrial,0,0,agricultural,61.1,10,10.5,0,86.1
287,Sonnagar,Highways,6,1,agricultural,69.36,4,26.1,1,276.6
67,Raigad,Energy,3,0,agricultural,46.15,12,80.2,1,147.4
103,Gautam Buddha Nagar,Aviation,7,1,agricultural,12.8,4,29.5,1,267.9
142,Ahmedabad,Highways,7,1,agricultural,29.31,14,7.0,1,325.1
166,Surat,Highways,9,1,commercial,42.86,6,68.2,1,312.2
296,Sonnagar,Water,2,0,commercial,25.92,4,71.0,1,145.6
76,Navsari,Energy,2,0,commercial,15.11,5,11.1,0,116.3
93,Gautam Buddha Nagar,Energy,6,1,commercial,54.91,5,87.3,1,271.1
210,Palghar,Aviation,0,0,residential,49.46,1,7.5,0,71.3
82,Sonnagar,Aviation,6,1,residential,11.15,1,39.6,1,266.5
57,Raigad,Railways,1,0,residential,74.27,4,17.9,0,69.4
30,Gautam Buddha Nagar,Water,1,0,agricultural,39.98,13,88.7,0,114.8
86,Valsad,Industrial,1,0,agricultural,73.84,11,34.7,0,141.5
118,Dankuni,Water,2,1,agricultural,4.21,11,63.5,1,226.3
80,Valsad,Industrial,5,1,commercial,44.74,1,15.5,1,253.6
184,Raigad,Aviation,1,0,agricultural,74.08,11,4.1,1,142.1
209,Panna,Water,10,1,agricultural,2.78,13,89.0,1,361.5
149,Valsad,Energy,2,0,commercial,55.56,5,91.8,1,143.1
272,Navsari,Highways,1,0,residential,26.77,4,91.6,0,142.5
196,Ahmedabad,Energy,0,0,residential,41.43,4,51.4,0,100.9
136,Ahmedabad,Energy,8,1,commercial,52.89,1,40.8,1,324.4
65,Gautam Buddha Nagar,Highways,3,0,agricultural,44.7,1,87.8,0,115.3
22,Dankuni,Water,2,1,agricultural,16.98,2,72.7,1,148.1
140,Panna,Industrial,4,0,commercial,45.78,3,8.8,0,144.9
39,Hooghly,Industrial,0,0,residential,35.52,2,56.7,0,30.6
43,Ahmedabad,Water,0,0,agricultural,18.07,11,69.9,0,87.8
221,Navsari,Industrial,1,0,residential,61.73,3,37.3,0,115.0
288,Raigad,Energy,3,0,residential,13.13,2,68.7,1,141.5
93,Palghar,Industrial,5,1,agricultural,3.82,9,49.8,1,269.1
224,Dankuni,Water,1,0,commercial,49.06,4,27.9,1,122.6
181,Navsari,Aviation,1,0,commercial,12.15,2,35.2,1,142.5
183,Valsad,Energy,0,0,residential,40.48,4,27.5,0,60.8
164,Palghar,Aviation,0,0,agricultural,71.04,3,41.9,0,118.1
267,Sonnagar,Aviation,0,0,agricultural,21.82,7,35.1,0,157.9
72,Dankuni,Water,0,0,commercial,48.11,2,89.0,0,75.9
273,Gautam Buddha Nagar,Railways,0,0,commercial,9.27,2,79.9,1,124.1
94,Gautam Buddha Nagar,Water,6,1,residential,11.99,3,72.6,1,238.7
260,Dankuni,Industrial,1,0,agricultural,45.63,9,73.3,0,170.6
32,Palghar,Aviation,5,1,residential,16.12,3,53.5,1,240.4
138,Surat,Water,3,0,residential,32.23,4,11.7,0,147.9
140,Ahmedabad,Highways,3,0,commercial,3.75,4,47.1,0,155.2
85,Ahmedabad,Aviation,0,0,residential,26.95,2,38.7,0,38.8
69,Gautam Buddha Nagar,Industrial,0,0,agricultural,42.69,6,40.0,0,44.4
36,Raigad,Industrial,3,1,commercial,70.42,3,92.2,1,189.1
300,Dankuni,Aviation,2,1,agricultural,54.05,8,33.6,1,297.5
228,Raigad,Water,7,1,agricultural,32.11,11,49.6,1,349.9
26,Hooghly,Industrial,2,0,residential,7.03,1,58.5,0,81.0
156,Valsad,Highways,2,0,agricultural,48.52,3,33.5,0,112.1
106,Navsari,Industrial,1,0,residential,19.94,3,63.7,0,92.9
178,Ahmedabad,Energy,0,0,commercial,1.99,3,30.2,0,68.9
171,Sonnagar,Railways,8,1,residential,43.19,4,11.5,1,285.1
16,Raigad,Railways,0,0,residential,49.19,1,47.3,0,48.1
122,Navsari,Highways,1,0,commercial,10.44,1,63.8,1,111.2
247,Dankuni,Energy,2,0,commercial,49.36,3,24.4,1,168.6
262,Navsari,Aviation,7,1,residential,75.44,4,91.5,1,345.5
264,Surat,Energy,0,0,commercial,26.64,6,36.8,0,153.6
289,Raigad,Railways,0,0,agricultural,44.44,14,74.1,0,137.4
169,Valsad,Water,0,0,residential,40.38,4,39.4,0,134.3
75,Panna,Energy,0,0,residential,19.45,3,43.3,0,86.2
242,Navsari,Water,0,0,residential,58.5,4,64.3,0,130.1
78,Sonnagar,Railways,2,0,commercial,45.97,1,50.2,0,143.0
33,Valsad,Aviation,2,1,commercial,15.68,4,11.4,1,200.3
35,Dankuni,Highways,0,0,residential,3.3,4,44.8,0,40.3
236,Thane,Water,0,0,residential,42.56,3,65.2,0,133.3
136,Palghar,Aviation,2,0,commercial,73.91,4,43.4,0,122.5
137,Surat,Water,1,0,commercial,28.81,5,57.3,0,110.0
290,Raigad,Railways,3,1,residential,77.38,2,76.5,1,259.2
154,Gautam Buddha Nagar,Highways,9,1,agricultural,72.91,5,17.3,1,296.3
130,Surat,Water,2,0,commercial,58.31,4,43.1,0,124.0
26,Sonnagar,Energy,2,1,residential,53.3,4,64.6,1,222.8
93,Dankuni,Water,0,0,commercial,14.34,3,18.9,0,68.5
150,Sonnagar,Water,2,0,residential,11.75,4,41.9,0,112.3
115,Raigad,Aviation,0,0,agricultural,21.48,11,17.5,0,81.7
265,Palghar,Highways,1,0,residential,64.58,2,80.4,0,110.6
150,Ahmedabad,Energy,0,0,commercial,73.22,6,22.0,0,141.4
71,Navsari,Energy,2,0,agricultural,55.16,11,81.1,0,129.1
111,Surat,Water,0,0,commercial,27.38,1,21.2,0,49.2
125,Palghar,Aviation,4,0,residential,34.59,3,74.6,0,136.7
210,Hooghly,Highways,0,0,commercial,75.72,3,63.6,0,136.7
71,Navsari,Highways,4,1,agricultural,43.57,7,3.1,1,247.9
262,Ahmedabad,Energy,2,1,commercial,79.32,6,63.8,1,301.1
88,Surat,Water,0,0,commercial,38.91,6,46.9,0,66.8
90,Raigad,Highways,10,1,commercial,42.12,5,38.7,1,321.5
128,Panna,Water,4,1,residential,31.28,3,62.9,1,229.7
70,Ahmedabad,Water,0,0,commercial,3.44,6,86.3,0,45.2
31,Thane,Water,2,0,commercial,60.18,6,3.4,0,128.4
245,Dankuni,Highways,0,0,residential,6.0,3,54.0,0,114.8
215,Panna,Railways,0,0,residential,22.54,1,91.3,0,93.1
85,Surat,Aviation,0,0,commercial,14.16,1,15.1,0,75.7
276,Thane,Industrial,2,0,residential,41.39,2,82.4,0,146.8
272,Valsad,Industrial,0,0,agricultural,67.22,11,9.7,0,174.1
174,Valsad,Highways,0,0,commercial,46.13,6,67.7,0,138.5
39,Sonnagar,Highways,2,0,commercial,12.47,5,24.7,0,100.6
261,Panna,Aviation,0,0,residential,18.03,4,11.3,0,113.3
113,Hooghly,Aviation,8,1,agricultural,40.28,1,85.1,1,292.8
183,Sonnagar,Water,8,1,agricultural,20.64,13,23.6,1,318.4
244,Valsad,Railways,0,0,agricultural,60.61,8,73.0,0,154.7
19,Dankuni,Water,0,0,agricultural,26.31,11,80.4,0,70.3
134,Hooghly,Aviation,1,0,residential,38.06,2,6.1,0,114.7
246,Ahmedabad,Aviation,2,0,residential,40.24,3,94.5,0,174.5
288,Navsari,Industrial,1,0,commercial,56.22,4,69.5,0,162.3
25,Palghar,Energy,2,0,commercial,13.39,1,44.3,0,51.7
168,Valsad,Industrial,0,0,residential,9.83,1,6.8,0,72.6
200,Ahmedabad,Energy,2,0,commercial,33.76,4,15.9,0,129.6
122,Raigad,Water,0,0,residential,75.49,1,72.5,0,82.3
285,Navsari,Aviation,2,0,commercial,1.41,4,37.2,0,132.8
49,Dankuni,Aviation,4,1,commercial,74.55,5,46.3,1,222.3
206,Hooghly,Water,2,0,commercial,16.81,5,85.1,0,145.4
109,Hooghly,Water,2,0,residential,73.86,1,64.3,0,142.6
81,Surat,Energy,0,0,agricultural,15.4,13,5.0,0,92.4
98,Raigad,Energy,5,1,agricultural,4.62,3,22.1,1,229.9
220,Navsari,Water,3,0,agricultural,66.84,7,54.6,1,176.7
191,Dankuni,Highways,0,0,commercial,35.29,4,32.1,0,117.7
139,Raigad,Industrial,2,0,commercial,3.12,4,82.1,0,132.1
287,Panna,Energy,3,0,commercial,20.01,1,91.5,0,135.7
100,Panna,Highways,4,0,commercial,72.41,5,76.6,0,205.0
201,Ahmedabad,Energy,0,0,agricultural,44.79,7,53.2,0,107.8
107,Ahmedabad,Highways,4,1,residential,13.92,2,84.6,1,225.0
181,Palghar,Industrial,4,0,residential,73.84,2,52.2,0,175.6
269,Hooghly,Railways,3,1,residential,20.5,2,76.9,1,245.2
257,Raigad,Industrial,1,0,agricultural,25.12,2,41.7,0,156.6
18,Panna,Industrial,0,0,residential,6.75,1,18.6,0,42.0
90,Palghar,Railways,2,0,agricultural,52.66,1,9.7,0,96.0
218,Valsad,Energy,9,1,agricultural,49.75,11,82.4,1,376.0
82,Navsari,Water,0,0,commercial,59.31,1,35.1,0,92.9
102,Hooghly,Energy,0,0,commercial,57.84,1,46.8,0,73.2
118,Sonnagar,Industrial,7,1,agricultural,40.86,8,15.2,1,320.7
20,Ahmedabad,Industrial,2,0,residential,69.22,3,43.4,0,95.9
152,Ahmedabad,Water,1,0,agricultural,40.26,2,59.7,0,108.1
236,Thane,Aviation,4,0,agricultural,78.05,11,14.3,1,207.5
76,Gautam Buddha Nagar,Railways,0,0,agricultural,58.04,6,13.7,0,103.3
152,Gautam Buddha Nagar,Water,3,0,agricultural,60.44,10,33.7,1,205.7
205,Valsad,Industrial,2,0,residential,6.65,2,76.6,0,115.0
253,Gautam Buddha Nagar,Railways,3,0,agricultural,24.56,14,12.3,1,182.1
254,Raigad,Energy,1,0,residential,13.1,2,34.2,1,140.5
106,Surat,Aviation,1,0,agricultural,78.15,13,87.1,0,135.2
251,Dankuni,Water,3,0,residential,21.0,2,61.1,1,188.5
280,Navsari,Industrial,1,0,commercial,69.43,3,46.3,0,168.9
280,Sonnagar,Energy,1,0,agricultural,66.88,10,87.2,1,186.2
24,Navsari,Industrial,0,0,residential,37.94,4,91.4,0,44.7
48,Gautam Buddha Nagar,Energy,0,0,agricultural,18.63,7,13.9,0,61.3
79,Sonnagar,Aviation,1,0,agricultural,73.87,4,40.4,0,104.8
45,Palghar,Aviation,1,0,commercial,12.29,2,12.1,0,39.0
174,Raigad,Railways,0,0,commercial,76.82,3,41.2,0,114.2
282,Thane,Aviation,5,1,agricultural,17.79,6,58.8,1,297.3
290,Navsari,Railways,2,0,agricultural,77.04,11,72.9,0,183.6
57,Sonnagar,Water,0,0,commercial,47.81,2,17.5,0,59.7
135,Navsari,Water,0,0,residential,57.72,2,58.3,0,94.3
168,Dankuni,Highways,0,0,commercial,69.24,6,31.0,0,137.6
181,Surat,Aviation,1,0,residential,4.67,3,18.4,0,120.8
46,Hooghly,Industrial,0,0,agricultural,29.41,14,26.9,0,91.4
219,Navsari,Railways,0,0,residential,68.37,2,75.6,0,108.8
128,Hooghly,Industrial,0,0,residential,66.27,1,85.0,0,134.0
142,Surat,Energy,2,0,commercial,17.05,2,93.7,0,113.2
258,Raigad,Railways,0,0,commercial,45.82,3,19.8,0,113.8
37,Surat,Railways,0,0,commercial,4.33,2,78.4,0,77.5
202,Hooghly,Aviation,0,0,agricultural,68.81,1,76.8,0,107.7
92,Sonnagar,Highways,6,1,commercial,75.73,4,30.4,1,291.2
82,Valsad,Energy,1,0,agricultural,65.11,8,73.7,0,123.1
25,Surat,Aviation,2,0,commercial,58.47,3,58.8,0,130.6
255,Palghar,Industrial,9,1,residential,68.74,3,35.3,1,337.8
103,Ahmedabad,Water,1,0,agricultural,10.95,5,40.1,0,96.1
83,Palghar,Aviation,0,0,commercial,53.73,5,63.1,0,71.8
19,Surat,Energy,0,0,agricultural,35.15,2,31.1,0,61.7
212,Gautam Buddha Nagar,Industrial,0,0,residential,52.34,4,44.8,0,123.4
27,Surat,Aviation,1,0,commercial,59.74,5,5.5,1,104.1
40,Ahmedabad,Aviation,1,0,agricultural,39.1,9,50.8,0,94.3
215,Surat,Highways,0,0,commercial,19.82,5,12.6,1,105.0
60,Panna,Aviation,1,0,commercial,74.64,5,6.3,0,111.2
219,Gautam Buddha Nagar,Water,1,0,commercial,13.24,4,18.4,1,123.4
95,Raigad,Aviation,2,0,commercial,78.69,1,64.6,0,113.6
249,Raigad,Aviation,8,1,agricultural,22.98,8,50.0,1,307.3
40,Thane,Industrial,1,0,agricultural,76.21,9,72.7,0,89.9
145,Valsad,Highways,0,0,residential,44.12,4,44.9,0,106.4
237,Navsari,Industrial,1,0,agricultural,33.72,6,8.4,0,127.3
170,Palghar,Highways,0,0,commercial,53.67,3,78.4,0,119.2
239,Palghar,Industrial,4,1,agricultural,1.79,1,14.5,1,243.6
137,Ahmedabad,Energy,2,0,agricultural,38.83,4,3.7,0,140.5
70,Sonnagar,Industrial,0,0,commercial,33.55,3,28.3,0,72.7
44,Palghar,Railways,7,1,commercial,76.45,3,33.3,1,277.0
31,Valsad,Energy,2,0,residential,3.4,2,54.8,0,76.8
259,Surat,Industrial,8,1,residential,8.24,2,3.2,1,281.5
45,Surat,Industrial,3,1,agricultural,23.64,6,16.6,1,257.3
157,Thane,Water,8,1,residential,25.47,3,40.4,1,309.9
198,Hooghly,Aviation,8,1,agricultural,12.96,6,16.4,1,286.6
80,Thane,Highways,4,1,agricultural,18.34,5,5.6,1,246.5
55,Palghar,Railways,1,0,commercial,59.06,3,11.5,0,90.2
50,Panna,Highways,0,0,commercial,56.92,1,81.0,0,78.0
156,Panna,Industrial,1,0,commercial,46.9,4,76.4,0,124.8
180,Hooghly,Water,2,0,residential,68.51,3,30.2,0,151.2
91,Navsari,Aviation,10,1,residential,66.99,2,69.3,1,336.6
202,Hooghly,Highways,3,1,commercial,67.09,1,86.9,1,258.9
77,Dankuni,Water,2,0,residential,48.54,2,64.3,0,115.3
62,Thane,Energy,1,0,commercial,59.68,1,77.8,0,64.4
88,Sonnagar,Energy,2,0,commercial,33.03,5,64.2,0,119.0
55,Thane,Railways,0,0,commercial,6.05,1,12.3,0,22.1
19,Dankuni,Highways,0,0,commercial,7.33,6,23.5,0,66.9
173,Gautam Buddha Nagar,Aviation,0,0,agricultural,29.21,1,55.2,0,94.0
166,Ahmedabad,Water,1,0,agricultural,42.36,2,4.0,1,130.5
176,Valsad,Water,3,0,commercial,12.62,3,63.5,0,137.0
152,Thane,Water,5,1,residential,68.7,4,26.7,1,263.4
132,Panna,Water,3,1,agricultural,56.79,7,71.5,1,256.1
168,Raigad,Aviation,8,1,commercial,1.85,2,41.7,1,270.2
299,Palghar,Aviation,9,1,residential,74.07,4,24.5,1,361.9
222,Thane,Industrial,0,0,residential,63.05,2,32.0,0,128.6
158,Navsari,Highways,4,0,agricultural,32.3,10,29.9,0,165.7
154,Dankuni,Industrial,1,0,residential,37.65,2,39.7,1,138.8
51,Hooghly,Water,3,0,agricultural,61.33,4,62.8,0,162.5
33,Gautam Buddha Nagar,Railways,0,0,agricultural,74.56,2,43.1,0,61.5
27,Thane,Highways,3,1,commercial,21.81,3,10.0,1,199.0
158,Gautam Buddha Nagar,Water,5,1,commercial,53.41,5,30.2,1,271.1
97,Sonnagar,Energy,3,1,commercial,38.66,6,4.5,1,249.5
174,Surat,Highways,2,0,agricultural,46.9,7,60.3,0,145.2
259,Ahmedabad,Aviation,1,0,agricultural,8.75,8,22.1,0,134.9
154,Ahmedabad,Aviation,2,0,agricultural,12.6,4,75.7,0,86.6
139,Panna,Water,0,0,commercial,38.59,4,53.5,0,82.2
117,Palghar,Railways,3,0,commercial,38.79,5,38.3,1,129.9
66,Valsad,Energy,0,0,residential,25.89,2,13.0,0,46.4
300,Valsad,Highways,3,0,commercial,29.99,3,38.6,0,192.0
244,Panna,Aviation,6,1,residential,53.18,3,35.5,1,305.9
143,Gautam Buddha Nagar,Aviation,1,0,agricultural,67.27,2,69.4,0,113.0
200,Sonnagar,Industrial,1,0,agricultural,68.25,1,32.6,0,118.1
56,Thane,Highways,2,0,agricultural,9.33,13,71.7,0,131.2
250,Palghar,Water,6,1,agricultural,63.13,13,71.5,1,339.9
39,Palghar,Railways,1,0,agricultural,11.62,13,20.0,0,83.7
41,Ahmedabad,Industrial,1,0,residential,71.23,4,46.5,0,137.2
149,Palghar,Highways,1,0,commercial,71.17,4,90.2,0,180.5
229,Valsad,Energy,4,1,residential,10.55,1,73.8,1,251.1
124,Raigad,Highways,1,0,commercial,78.73,3,13.3,0,135.0
29,Dankuni,Aviation,8,1,agricultural,21.31,2,66.2,1,263.9
48,Panna,Railways,1,0,commercial,22.28,2,15.7,0,46.8
131,Sonnagar,Industrial,4,0,residential,11.62,2,84.4,0,120.7
209,Hooghly,Highways,0,0,agricultural,46.86,10,80.7,0,121.6
109,Raigad,Railways,0,0,commercial,20.95,3,65.6,0,121.3
292,Sonnagar,Aviation,0,0,commercial,77.77,1,8.9,0,125.1
27,Thane,Water,1,0,commercial,25.98,4,46.5,0,62.9
43,Valsad,Industrial,3,0,residential,56.04,2,74.5,0,107.2
65,Thane,Railways,0,0,commercial,58.51,4,90.7,0,85.4
217,Raigad,Aviation,0,0,commercial,15.63,5,29.6,0,107.5
265,Gautam Buddha Nagar,Energy,0,0,commercial,36.7,5,20.2,1,85.3
49,Gautam Buddha Nagar,Energy,1,0,commercial,12.11,6,44.0,0,76.7
215,Hooghly,Aviation,1,0,agricultural,17.86,9,41.6,1,133.1
68,Dankuni,Water,7,1,commercial,75.87,3,69.9,1,292.2
200,Thane,Industrial,0,0,agricultural,59.58,9,67.0,0,130.2
86,Navsari,Aviation,0,0,residential,72.77,2,76.3,0,92.6
118,Sonnagar,Industrial,9,1,residential,18.75,4,93.3,1,284.1
16,Valsad,Railways,0,0,agricultural,49.57,14,4.1,0,124.5
238,Navsari,Aviation,0,0,agricultural,49.24,7,72.9,0,151.2
182,Palghar,Railways,0,0,residential,56.9,1,91.0,0,98.7
290,Palghar,Industrial,2,0,commercial,10.74,2,21.3,0,147.4
81,Thane,Water,2,1,agricultural,12.71,11,51.2,1,228.5
87,Dankuni,Energy,1,0,residential,16.2,4,32.8,0,95.8
30,Ahmedabad,Industrial,0,0,agricultural,33.54,7,22.6,0,93.6
300,Ahmedabad,Industrial,1,0,commercial,1.24,2,81.8,0,142.0
214,Navsari,Highways,8,1,agricultural,21.48,8,2.4,1,312.5
29,Sonnagar,Energy,3,1,residential,39.44,3,15.3,1,198.1
81,Raigad,Industrial,0,0,agricultural,0.98,14,3.7,0,78.9
227,Gautam Buddha Nagar,Industrial,5,1,residential,10.21,2,67.9,1,287.8
297,Sonnagar,Railways,0,0,agricultural,67.08,4,93.5,0,124.6
44,Surat,Energy,3,0,commercial,24.83,4,18.2,0,140.7
38,Surat,Industrial,0,0,commercial,73.21,2,78.0,0,100.6
293,Raigad,Water,0,0,commercial,3.71,1,93.4,0,131.9
198,Surat,Highways,1,0,commercial,63.9,1,67.7,0,118.6
173,Panna,Water,0,0,agricultural,48.93,4,36.2,0,63.2
201,Navsari,Aviation,0,0,residential,26.42,3,54.4,0,108.2
69,Gautam Buddha Nagar,Industrial,2,0,agricultural,79.16,13,53.0,0,156.2
88,Valsad,Water,0,0,commercial,61.48,6,11.7,0,97.6
252,Gautam Buddha Nagar,Energy,0,0,residential,60.64,3,63.3,0,125.2
282,Surat,Railways,0,0,commercial,1.12,5,20.2,0,125.5
274,Palghar,Railways,3,0,residential,47.14,2,2.7,1,167.8
74,Ahmedabad,Highways,2,0,residential,45.99,4,55.7,0,92.3
183,Hooghly,Highways,3,0,residential,73.03,2,21.6,0,130.2
89,Panna,Aviation,2,0,commercial,77.08,5,82.1,0,128.9
135,Palghar,Industrial,1,0,commercial,55.89,1,68.2,0,103.2
269,Thane,Water,1,0,agricultural,78.43,14,74.8,1,159.4
144,Navsari,Energy,0,0,commercial,9.27,1,44.0,0,56.6
212,Sonnagar,Water,3,0,agricultural,23.14,4,29.7,0,156.3
215,Gautam Buddha Nagar,Highways,6,1,residential,20.33,2,87.6,1,276.5
42,Dankuni,Aviation,1,0,residential,62.73,4,35.8,0,79.0
183,Surat,Aviation,4,0,commercial,44.4,4,46.4,0,198.7
265,Navsari,Aviation,1,0,agricultural,5.01,8,62.7,1,157.1
63,Hooghly,Water,1,0,commercial,68.86,3,63.2,0,97.8
213,Panna,Industrial,0,0,agricultural,16.19,12,48.6,0,144.7
189,Surat,Water,10,1,residential,26.98,1,69.7,1,351.8
176,Raigad,Aviation,9,1,commercial,19.41,6,64.4,1,328.7
149,Gautam Buddha Nagar,Water,0,0,agricultural,11.6,3,24.8,0,83.2
32,Ahmedabad,Industrial,2,0,commercial,25.46,3,66.6,0,88.2
225,Raigad,Highways,6,1,agricultural,6.35,7,92.6,1,337.0
255,Valsad,Industrial,0,0,commercial,13.23,5,54.4,1,105.8
22,Dankuni,Railways,0,0,commercial,35.29,4,11.6,0,93.5
28,Panna,Aviation,0,0,agricultural,33.83,12,34.8,0,55.3
189,Valsad,Energy,0,0,commercial,77.58,2,67.6,0,124.5
174,Hooghly,Industrial,0,0,residential,51.87,4,40.1,0,106.2
225,Gautam Buddha Nagar,Highways,10,1,commercial,14.65,6,78.7,1,353.4
23,Dankuni,Railways,4,1,commercial,12.4,5,43.3,1,207.7
34,Ahmedabad,Highways,3,0,commercial,37.25,6,8.2,0,126.6
121,Thane,Highways,2,1,agricultural,36.84,10,46.2,1,251.6
297,Raigad,Aviation,1,0,agricultural,60.52,14,23.5,0,157.2
95,Palghar,Aviation,0,0,residential,52.08,2,12.5,0,71.2
103,Hooghly,Highways,0,0,agricultural,4.92,9,13.7,0,99.6
158,Hooghly,Water,2,1,residential,25.59,3,47.7,0,214.5
46,Raigad,Industrial,0,0,agricultural,55.59,9,79.2,0,91.1
298,Palghar,Railways,6,1,commercial,21.07,6,41.0,1,315.6
224,Sonnagar,Energy,8,1,commercial,65.57,1,62.1,1,292.7
146,Hooghly,Railways,4,0,residential,14.56,4,22.2,0,137.7
289,Hooghly,Water,9,1,residential,0.79,3,40.7,1,333.7
87,Thane,Water,1,0,agricultural,48.73,3,52.8,0,114.8
90,Gautam Buddha Nagar,Railways,1,0,residential,6.16,4,25.9,0,84.3
279,Surat,Water,0,0,agricultural,31.28,12,39.0,0,151.2
220,Palghar,Aviation,4,0,residential,77.57,3,61.1,1,205.3
149,Surat,Highways,7,1,agricultural,19.44,6,64.5,1,324.1
58,Thane,Highways,1,0,residential,21.3,1,50.6,0,72.0
278,Hooghly,Highways,1,0,residential,39.13,1,36.1,0,138.6
256,Palghar,Aviation,0,0,agricultural,18.47,7,92.7,0,112.0
92,Gautam Buddha Nagar,Water,0,0,commercial,7.12,1,32.5,0,61.3
255,Gautam Buddha Nagar,Highways,3,1,agricultural,39.96,12,35.7,1,295.0
162,Thane,Railways,0,0,commercial,61.13,6,23.4,0,105.8
103,Palghar,Highways,3,0,residential,29.48,4,27.0,0,133.3
132,Dankuni,Energy,0,0,residential,47.8,4,71.6,0,126.5
147,Valsad,Railways,0,0,commercial,22.86,4,28.4,0,113.2
202,Hooghly,Energy,5,1,agricultural,19.45,13,93.4,1,267.7
244,Ahmedabad,Water,0,0,residential,54.25,4,73.3,1,127.4
249,Valsad,Water,1,0,agricultural,64.1,9,29.7,1,143.0
32,Palghar,Energy,0,0,commercial,65.65,3,48.8,0,100.5
145,Dankuni,Energy,2,1,commercial,45.41,5,53.9,1,249.4
240,Surat,Energy,0,0,agricultural,72.16,2,66.3,0,135.6
288,Valsad,Aviation,8,1,agricultural,71.82,10,53.5,1,371.3
139,Surat,Railways,1,0,agricultural,9.86,11,21.5,1,104.2
155,Sonnagar,Railways,3,0,residential,1.16,1,84.3,1,146.2
268,Navsari,Railways,0,0,commercial,27.13,3,29.6,1,88.6
67,Panna,Water,0,0,residential,5.61,3,45.8,0,37.0
171,Panna,Energy,0,0,commercial,46.92,4,91.1,0,108.1
107,Navsari,Aviation,8,1,commercial,6.74,2,48.4,1,265.2
107,Valsad,Railways,3,0,residential,67.19,4,56.8,0,137.4
157,Hooghly,Energy,0,0,commercial,36.43,3,91.9,0,96.0
124,Gautam Buddha Nagar,Railways,3,0,residential,0.76,3,91.5,0,127.8
121,Valsad,Aviation,5,1,agricultural,41.52,1,12.3,1,221.2
260,Panna,Energy,0,0,commercial,63.17,3,39.9,0,127.5
220,Valsad,Water,4,1,residential,56.25,2,82.7,1,288.8
229,Hooghly,Highways,0,0,residential,2.91,3,92.0,0,101.8
168,Sonnagar,Railways,2,1,commercial,17.45,4,91.3,1,260.5
49,Dankuni,Aviation,1,0,commercial,13.38,3,44.5,0,59.8
54,Palghar,Highways,2,1,agricultural,39.58,14,19.3,1,229.6
54,Thane,Water,3,0,commercial,28.06,5,32.8,0,124.8
166,Ahmedabad,Energy,2,1,residential,13.64,2,33.5,1,223.0
291,Dankuni,Industrial,1,0,residential,72.95,3,79.6,0,145.7
173,Sonnagar,Industrial,10,1,residential,71.3,3,43.8,1,344.6
127,Surat,Highways,0,0,residential,49.54,4,10.5,0,59.7
23,Surat,Aviation,8,1,agricultural,75.6,9,42.6,1,334.0
214,Sonnagar,Water,10,1,residential,56.34,3,19.3,1,362.3
139,Ahmedabad,Highways,10,1,residential,79.52,4,43.7,1,354.6
223,Palghar,Aviation,10,1,agricultural,18.59,4,26.7,1,312.7
260,Dankuni,Aviation,8,1,commercial,14.29,6,14.0,1,295.3
33,Hooghly,Aviation,7,1,residential,17.43,3,67.6,1,250.9
79,Raigad,Water,7,1,agricultural,65.36,13,43.7,1,307.2
93,Raigad,Energy,0,0,agricultural,72.71,9,58.1,0,87.4
34,Gautam Buddha Nagar,Water,0,0,commercial,38.4,5,52.0,0,66.6
161,Gautam Buddha Nagar,Water,1,0,residential,19.01,4,80.3,0,105.5
157,Gautam Buddha Nagar,Highways,3,0,commercial,21.53,6,42.1,0,131.6
51,Sonnagar,Railways,0,0,residential,43.78,3,34.8,0,76.7
231,Thane,Highways,0,0,residential,49.39,3,56.2,0,99.0
31,Raigad,Water,0,0,commercial,44.64,3,21.2,0,88.1
276,Thane,Railways,3,1,agricultural,19.69,9,48.4,1,271.4
197,Panna,Railways,1,0,agricultural,25.98,9,74.1,1,146.4
126,Thane,Highways,6,1,commercial,67.1,2,32.3,1,279.8
99,Dankuni,Water,1,0,commercial,79.84,4,36.0,0,126.1
166,Hooghly,Aviation,1,0,residential,45.68,3,92.8,0,117.9
213,Dankuni,Railways,3,1,residential,35.73,3,49.8,1,222.2
129,Navsari,Highways,3,0,residential,55.33,2,70.7,0,121.7
286,Thane,Water,1,0,residential,62.1,1,38.7,0,178.6
109,Gautam Buddha Nagar,Aviation,7,1,residential,39.57,3,31.7,1,282.1
212,Dankuni,Railways,3,0,commercial,37.33,1,49.7,1,136.6
200,Thane,Railways,0,0,residential,58.02,1,75.1,0,92.0
103,Navsari,Highways,4,0,residential,35.2,3,61.9,0,136.7
60,Navsari,Highways,3,0,agricultural,29.25,14,63.4,0,169.3
28,Gautam Buddha Nagar,Industrial,2,0,agricultural,48.82,5,10.2,0,79.1
223,Raigad,Energy,10,1,commercial,72.05,1,90.8,1,336.2
134,Navsari,Aviation,10,1,residential,56.95,4,8.4,1,360.2
105,Gautam Buddha Nagar,Water,0,0,residential,33.57,2,47.9,0,85.8
99,Palghar,Railways,3,0,agricultural,56.77,9,9.8,0,161.8
32,Gautam Buddha Nagar,Energy,10,1,residential,76.09,1,53.7,1,279.5
226,Gautam Buddha Nagar,Water,0,0,residential,15.47,1,64.9,0,92.6
126,Raigad,Highways,8,1,residential,77.16,2,10.8,1,302.0
265,Ahmedabad,Aviation,6,1,commercial,77.92,6,83.8,1,328.1
126,Palghar,Highways,3,0,residential,7.83,1,84.6,0,93.3
72,Thane,Energy,5,1,agricultural,62.65,1,73.0,1,245.3
235,Navsari,Industrial,9,1,commercial,6.59,5,46.2,1,330.8
192,Sonnagar,Water,0,0,commercial,56.75,6,44.7,1,155.0
216,Sonnagar,Railways,5,1,agricultural,53.14,11,48.9,1,325.9
176,Dankuni,Aviation,1,0,agricultural,35.44,14,92.3,1,143.5
120,Gautam Buddha Nagar,Industrial,8,1,commercial,69.64,1,3.3,1,289.2
140,Gautam Buddha Nagar,Water,0,0,commercial,61.39,2,66.2,0,104.2
282,Sonnagar,Aviation,2,0,commercial,46.61,1,27.5,1,158.3
167,Surat,Railways,2,1,agricultural,64.03,7,33.4,1,251.4
284,Navsari,Aviation,1,0,residential,52.26,2,45.5,0,142.8
87,Gautam Buddha Nagar,Water,3,0,agricultural,73.11,14,66.4,0,154.1
197,Valsad,Aviation,3,0,commercial,17.32,1,85.2,1,125.9
99,Surat,Energy,0,0,residential,39.9,2,52.9,0,79.0
89,Gautam Buddha Nagar,Aviation,1,0,agricultural,3.09,12,23.9,0,127.6
155,Navsari,Water,2,0,commercial,75.53,3,11.1,0,170.0
131,Raigad,Highways,7,1,commercial,27.94,2,55.5,1,275.5
169,Navsari,Energy,3,1,residential,9.32,3,25.5,1,241.8
174,Panna,Highways,2,0,residential,71.38,1,40.5,0,141.2
207,Ahmedabad,Highways,10,1,agricultural,48.8,7,71.6,1,358.0
153,Valsad,Aviation,0,0,residential,21.03,4,48.6,0,112.1
246,Navsari,Railways,6,1,commercial,64.65,2,29.0,1,292.7
188,Dankuni,Energy,0,0,commercial,33.12,4,4.7,0,106.4
226,Palghar,Highways,0,0,residential,39.98,2,91.0,0,106.1
79,Gautam Buddha Nagar,Water,1,0,commercial,58.28,4,71.2,0,85.1
203,Panna,Railways,3,0,residential,75.41,3,79.9,1,163.7
30,Gautam Buddha Nagar,Railways,1,0,commercial,7.26,6,87.4,0,93.7
147,Palghar,Railways,2,0,commercial,75.8,2,27.6,0,131.7
257,Navsari,Railways,0,0,residential,55.44,2,77.4,0,116.4
78,Dankuni,Industrial,0,0,commercial,76.4,3,28.5,0,71.5
58,Valsad,Energy,2,0,agricultural,38.34,12,66.9,0,147.1
271,Hooghly,Energy,2,1,agricultural,9.42,12,84.7,1,259.0
119,Palghar,Aviation,9,1,commercial,46.61,3,66.8,1,317.3
224,Valsad,Aviation,1,0,agricultural,65.95,7,27.9,0,127.5
38,Sonnagar,Highways,9,1,residential,1.51,1,13.7,1,247.3
222,Dankuni,Energy,2,0,commercial,19.53,3,83.3,0,91.8
61,Navsari,Industrial,3,0,commercial,14.31,6,84.9,0,90.6
91,Valsad,Aviation,3,0,commercial,71.41,2,61.5,0,136.1
222,Hooghly,Aviation,1,0,commercial,44.61,6,21.4,1,130.2
248,Valsad,Water,1,0,commercial,66.32,3,50.1,1,165.2
34,Palghar,Industrial,1,0,commercial,47.76,1,88.7,0,68.0
228,Gautam Buddha Nagar,Highways,6,1,agricultural,74.68,5,25.7,1,309.1
138,Palghar,Industrial,9,1,residential,29.38,3,18.0,1,268.4
279,Hooghly,Railways,3,0,residential,61.35,2,24.4,1,176.3
268,Navsari,Industrial,0,0,residential,45.05,1,60.8,0,127.9
299,Palghar,Railways,1,0,agricultural,13.49,3,39.8,0,125.2
222,Gautam Buddha Nagar,Water,0,0,residential,43.52,3,86.7,0,94.5
199,Surat,Industrial,0,0,residential,32.5,2,92.7,0,98.9
256,Thane,Railways,2,1,residential,36.04,2,47.3,1,227.7
237,Panna,Aviation,3,0,commercial,18.37,1,48.4,1,119.8
135,Thane,Industrial,6,1,residential,47.71,4,47.7,1,297.1
224,Ahmedabad,Aviation,3,0,agricultural,63.98,11,82.3,1,178.4
256,Hooghly,Railways,1,0,commercial,7.64,5,49.4,0,129.3
259,Gautam Buddha Nagar,Energy,0,0,commercial,73.6,1,20.0,0,136.0
238,Raigad,Highways,0,0,agricultural,79.34,4,7.4,0,156.2
102,Dankuni,Energy,0,0,commercial,35.74,2,2.9,0,60.6
210,Hooghly,Energy,3,1,agricultural,34.9,6,15.6,1,279.6
77,Sonnagar,Water,10,1,commercial,16.41,6,55.5,1,306.1
223,Valsad,Railways,0,0,commercial,11.31,4,23.4,1,103.9
219,Panna,Energy,10,1,residential,18.85,2,85.3,1,300.7
110,Hooghly,Aviation,1,0,agricultural,8.61,4,77.3,0,57.1
42,Sonnagar,Aviation,6,1,residential,11.83,2,25.3,1,226.8
116,Hooghly,Highways,5,1,commercial,54.78,6,60.3,1,257.8
219,Panna,Energy,4,0,commercial,10.67,6,47.3,0,158.1
240,Navsari,Water,10,1,agricultural,64.18,11,60.2,1,356.7
212,Palghar,Water,3,0,commercial,52.38,4,29.5,1,148.9
88,Navsari,Aviation,9,1,residential,53.42,2,45.1,1,281.6
89,Thane,Energy,1,0,agricultural,51.99,10,41.9,0,118.5
284,Navsari,Aviation,0,0,agricultural,64.32,1,22.5,0,140.8
280,Hooghly,Aviation,1,0,residential,6.88,3,4.1,0,149.0
230,Valsad,Industrial,2,0,residential,62.46,1,13.9,0,147.4
222,Sonnagar,Aviation,2,0,residential,32.56,4,22.8,0,160.4
287,Palghar,Energy,0,0,residential,46.89,1,84.8,0,124.1
255,Raigad,Energy,0,0,agricultural,26.36,10,72.6,0,166.3
227,Navsari,Railways,6,1,residential,49.4,3,2.7,1,293.2
200,Sonnagar,Energy,1,0,commercial,29.76,1,45.7,0,109.3
61,Thane,Railways,4,1,residential,59.04,4,89.4,1,252.8
194,Dankuni,Aviation,1,0,agricultural,37.17,12,67.5,1,190.5
246,Surat,Energy,5,1,residential,48.07,1,41.6,1,304.5
20,Gautam Buddha Nagar,Highways,1,0,agricultural,32.01,12,4.1,0,122.2
173,Sonnagar,Railways,2,0,commercial,62.0,5,84.5,0,136.9
200,Hooghly,Industrial,0,0,commercial,39.01,4,75.9,0,85.4
268,Thane,Industrial,8,1,agricultural,23.76,13,67.8,1,336.2
161,Panna,Highways,1,0,agricultural,20.13,5,40.9,1,102.6
134,Navsari,Water,2,0,agricultural,70.63,12,73.7,1,145.9
30,Raigad,Industrial,0,0,residential,27.91,1,53.4,0,63.6
241,Navsari,Aviation,10,1,commercial,73.83,5,48.7,1,365.2
221,Navsari,Energy,1,0,agricultural,40.52,7,16.7,0,150.1
214,Thane,Industrial,2,0,residential,76.21,2,26.7,0,181.6
285,Surat,Energy,0,0,commercial,79.74,2,78.3,0,123.7
47,Surat,Industrial,10,1,commercial,4.08,3,82.7,1,291.1
45,Ahmedabad,Highways,8,1,commercial,21.13,3,44.7,1,242.5
233,Dankuni,Aviation,4,1,agricultural,9.71,6,6.1,1,242.1
175,Dankuni,Water,1,0,residential,33.0,1,61.4,0,102.3
281,Navsari,Highways,0,0,commercial,30.14,5,40.7,0,112.0
175,Palghar,Railways,0,0,residential,69.08,2,56.5,0,88.2
30,Panna,Highways,6,1,agricultural,64.95,14,45.3,1,292.7
212,Valsad,Industrial,1,0,agricultural,7.7,5,58.5,0,109.7
206,Ahmedabad,Aviation,7,1,residential,27.22,1,64.5,1,265.8
239,Gautam Buddha Nagar,Water,8,1,residential,63.7,4,9.1,1,335.4
119,Navsari,Industrial,2,0,agricultural,75.84,14,53.9,0,138.4
66,Valsad,Highways,0,0,commercial,77.05,2,21.3,0,107.9
98,Navsari,Industrial,0,0,commercial,69.79,3,5.8,0,110.9
52,Surat,Water,1,0,residential,29.38,3,37.8,0,66.8
69,Thane,Water,4,1,commercial,72.46,6,14.2,1,257.9
204,Thane,Water,0,0,residential,39.49,1,17.6,0,113.2
56,Dankuni,Highways,1,0,residential,10.97,2,83.4,0,54.1
108,Surat,Railways,1,0,agricultural,59.77,13,48.1,0,131.9
73,Ahmedabad,Railways,2,0,agricultural,27.6,7,53.6,0,87.9
213,Palghar,Highways,1,0,residential,32.66,1,91.9,0,127.6
40,Palghar,Highways,2,0,agricultural,0.97,2,39.7,0,85.7
144,Sonnagar,Industrial,8,1,agricultural,67.27,9,67.2,1,310.6
297,Palghar,Energy,0,0,agricultural,45.33,5,28.1,0,136.8
185,Ahmedabad,Highways,3,0,residential,3.26,2,66.4,0,134.0
127,Ahmedabad,Industrial,1,0,residential,73.21,3,55.1,0,120.0
171,Gautam Buddha Nagar,Energy,2,1,agricultural,23.58,6,44.2,1,217.0
112,Ahmedabad,Railways,1,0,commercial,23.37,4,72.0,0,73.7
64,Valsad,Railways,3,0,agricultural,23.21,3,50.8,0,104.0
207,Navsari,Aviation,0,0,residential,72.58,2,91.8,0,113.6
58,Gautam Buddha Nagar,Water,8,1,commercial,31.26,6,52.2,1,296.2
80,Navsari,Industrial,8,1,residential,70.15,4,46.9,1,303.2
266,Ahmedabad,Railways,0,0,commercial,13.07,3,78.4,0,112.4
180,Palghar,Aviation,4,1,agricultural,76.9,6,16.1,1,269.0
179,Thane,Highways,1,0,residential,49.73,4,83.7,0,126.2
19,Thane,Energy,3,0,agricultural,71.82,6,20.5,0,144.5
226,Panna,Energy,5,1,commercial,23.41,2,24.5,1,293.3
58,Palghar,Highways,3,0,residential,46.5,3,84.7,0,127.2
53,Navsari,Aviation,0,0,residential,72.32,4,49.6,0,125.2
253,Surat,Aviation,1,0,residential,61.08,2,66.1,0,168.2
286,Palghar,Highways,3,1,commercial,17.75,5,89.4,1,243.1
70,Panna,Highways,4,0,residential,64.42,4,16.0,0,192.3
237,Valsad,Water,1,0,residential,29.25,4,44.0,0,172.3
124,Valsad,Railways,0,0,commercial,42.05,5,15.4,0,39.3
174,Dankuni,Railways,0,0,commercial,51.33,2,32.4,0,109.3
110,Panna,Aviation,0,0,residential,78.8,3,33.3,0,128.7
96,Raigad,Industrial,6,1,commercial,35.59,4,42.5,1,249.9
294,Panna,Railways,0,0,residential,56.69,4,9.3,0,134.9
51,Hooghly,Energy,2,0,agricultural,57.48,7,53.7,0,115.1
80,Sonnagar,Railways,2,1,commercial,38.72,3,68.2,1,204.9
77,Navsari,Railways,8,1,agricultural,6.99,5,35.1,1,256.0
251,Ahmedabad,Energy,3,0,commercial,17.48,5,76.0,1,155.7
131,Palghar,Aviation,5,1,commercial,71.03,5,88.8,1,295.1
62,Gautam Buddha Nagar,Water,2,1,agricultural,59.83,13,60.9,1,264.0
292,Gautam Buddha Nagar,Water,2,0,commercial,57.5,6,8.4,0,172.9
42,Hooghly,Industrial,4,0,commercial,64.82,2,12.8,0,128.8
248,Gautam Buddha Nagar,Energy,3,0,agricultural,41.44,8,86.0,1,178.8
97,Surat,Railways,5,1,agricultural,69.74,6,26.6,1,282.6
120,Thane,Energy,4,0,commercial,58.68,6,83.6,0,159.4
250,Panna,Water,3,0,commercial,20.84,4,3.7,1,170.5
16,Valsad,Water,0,0,agricultural,77.01,3,17.1,0,73.6
290,Palghar,Railways,5,1,residential,68.77,4,82.5,1,309.2
233,Navsari,Water,5,1,agricultural,48.1,4,81.1,1,275.5
235,Valsad,Aviation,1,0,residential,3.42,4,39.3,0,118.2
133,Navsari,Industrial,5,1,commercial,20.56,3,21.1,1,279.7
61,Navsari,Industrial,10,1,residential,52.8,4,34.7,1,321.9
135,Palghar,Highways,1,0,commercial,38.17,6,3.8,0,104.5
285,Surat,Water,8,1,commercial,58.27,5,34.5,1,387.9
205,Panna,Aviation,0,0,residential,6.32,2,48.5,0,50.2
216,Surat,Water,1,0,agricultural,39.36,8,41.8,0,143.7
232,Gautam Buddha Nagar,Railways,6,1,commercial,7.6,3,94.9,1,290.9
293,Panna,Highways,0,0,residential,63.04,2,19.9,0,133.6
201,Hooghly,Water,0,0,agricultural,6.46,4,58.7,0,115.8
108,Thane,Energy,0,0,commercial,20.46,5,16.5,1,108.2
16,Gautam Buddha Nagar,Highways,1,0,agricultural,31.81,13,88.8,0,68.5
24,Navsari,Water,1,0,residential,64.16,1,33.9,0,73.0
247,Dankuni,Highways,1,0,commercial,37.21,2,38.0,0,133.1
38,Dankuni,Water,2,0,agricultural,36.92,7,30.4,0,103.3
239,Panna,Water,3,0,residential,72.94,4,11.6,1,156.4
115,Valsad,Aviation,9,1,commercial,37.62,1,12.8,1,318.6
270,Palghar,Water,4,1,residential,58.55,4,2.4,1,289.0
297,Valsad,Water,3,0,residential,55.09,4,72.2,1,191.9
257,Valsad,Aviation,7,1,residential,40.33,4,82.2,1,287.5
114,Navsari,Railways,0,0,residential,22.09,4,6.7,0,88.2
232,Ahmedabad,Water,2,0,residential,28.38,4,77.2,1,115.4
213,Panna,Water,0,0,residential,46.88,3,92.4,0,95.8
155,Dankuni,Aviation,3,0,agricultural,69.15,11,5.4,0,169.4
268,Valsad,Railways,2,1,commercial,44.95,3,65.2,1,234.7
147,Valsad,Railways,0,0,residential,35.55,3,28.0,0,88.0
206,Hooghly,Industrial,5,1,agricultural,16.3,9,36.6,1,296.2
141,Sonnagar,Industrial,0,0,agricultural,78.09,9,6.0,1,111.9
249,Thane,Water,6,1,agricultural,7.45,1,69.1,1,288.1
175,Sonnagar,Energy,4,1,agricultural,32.91,9,23.4,1,271.2
164,Ahmedabad,Railways,1,0,agricultural,51.99,5,66.3,1,123.7
34,Ahmedabad,Water,4,1,residential,72.32,2,78.5,1,223.7
90,Palghar,Energy,2,0,residential,60.75,3,78.1,0,133.0
265,Thane,Railways,1,0,residential,42.9,3,12.7,0,159.6
255,Gautam Buddha Nagar,Water,5,1,commercial,79.67,1,41.7,1,311.6
205,Valsad,Water,9,1,residential,42.48,2,81.5,1,327.9
108,Valsad,Aviation,0,0,residential,37.65,4,82.0,0,89.6
58,Hooghly,Highways,3,0,commercial,43.57,1,89.6,0,102.6
126,Sonnagar,Water,0,0,agricultural,39.61,5,35.8,0,77.6
121,Navsari,Aviation,0,0,agricultural,33.19,9,43.5,0,128.9
48,Thane,Water,1,0,residential,60.43,3,13.1,0,95.2
247,Thane,Water,2,0,agricultural,54.62,5,43.0,0,139.7
145,Surat,Highways,2,0,agricultural,37.26,7,88.5,0,148.6
149,Dankuni,Highways,1,0,commercial,41.37,5,2.9,0,129.6
